PatientID,Gender,Age,City,InsuranceProvider,AgeGroup
1,Male,16,Ghaziabad,HDFC Ergo,13-25
2,Male,19,Gurgaon,HDFC Ergo,13-25
3,Male,23,Faridabad,Ayushman Bharat,13-25
4,Male,51,Other,None,41-60
5,Female,44,Delhi,ICICI Lombard,41-60
6,Male,55,Delhi,ICICI Lombard,41-60
7,Male,33,Noida,Star Health,26-40
8,Female,45,Delhi,Ayushman Bharat,41-60
9,Female,54,Noida,None,41-60
10,Female,35,Ghaziabad,None,26-40
11,Male,51,Other,HDFC Ergo,41-60
12,Male,28,Delhi,Ayushman Bharat,26-40
13,Male,34,Gurgaon,HDFC Ergo,26-40
14,Male,34,Delhi,Star Health,26-40
15,Male,18,Noida,Star Health,13-25
16,Female,51,Delhi,Star Health,41-60
17,Male,32,Noida,Star Health,26-40
18,Female,42,Noida,None,41-60
19,Male,51,Gurgaon,HDFC Ergo,41-60
20,Male,50,Gurgaon,None,41-60
21,Female,55,Delhi,None,41-60
22,Female,40,Delhi,Ayushman Bharat,26-40
23,Male,33,Delhi,ICICI Lombard,26-40
24,Female,40,Other,None,26-40
25,Male,8,Other,Star Health,0-12
26,Male,13,Delhi,ICICI Lombard,13-25
27,Female,15,Delhi,ICICI Lombard,13-25
28,Male,22,Delhi,None,13-25
29,Male,49,Gurgaon,None,41-60
30,Male,23,Delhi,None,13-25
31,Male,34,Delhi,Ayushman Bharat,26-40
32,Male,67,Delhi,ICICI Lombard,60+
33,Male,34,Delhi,None,26-40
34,Female,56,Delhi,None,41-60
35,Female,23,Delhi,ICICI Lombard,13-25
36,Male,37,Gurgaon,None,26-40
37,Male,22,Noida,None,13-25
38,Female,35,Delhi,ICICI Lombard,26-40
39,Male,58,Noida,Star Health,41-60
40,Female,7,Noida,HDFC Ergo,0-12
41,Female,50,Ghaziabad,None,41-60
42,Male,46,Other,Star Health,41-60
43,Male,30,Delhi,ICICI Lombard,26-40
44,Male,13,Faridabad,Ayushman Bharat,13-25
45,Male,43,Gurgaon,None,41-60
46,Male,31,Gurgaon,None,26-40
47,Female,46,Delhi,None,41-60
48,Male,42,Delhi,ICICI Lombard,41-60
49,Female,74,Delhi,Star Health,60+
50,Female,37,Other,Ayushman Bharat,26-40
51,Male,21,Gurgaon,Star Health,13-25
52,Male,45,Delhi,Ayushman Bharat,41-60
53,Male,46,Noida,None,41-60
54,Female,69,Delhi,Ayushman Bharat,60+
55,Male,58,Delhi,Ayushman Bharat,41-60
56,Female,49,Gurgaon,Ayushman Bharat,41-60
57,Female,71,Noida,None,60+
58,Female,18,Ghaziabad,ICICI Lombard,13-25
59,Female,29,Gurgaon,ICICI Lombard,26-40
60,Female,23,Gurgaon,Star Health,13-25
61,Female,34,Ghaziabad,Ayushman Bharat,26-40
62,Female,14,Delhi,HDFC Ergo,13-25
63,Female,54,Gurgaon,ICICI Lombard,41-60
64,Female,37,Gurgaon,None,26-40
65,Female,12,Delhi,Star Health,0-12
66,Male,21,Delhi,Ayushman Bharat,13-25
67,Female,48,Delhi,Star Health,41-60
68,Female,58,Delhi,HDFC Ergo,41-60
69,Female,81,Noida,Star Health,60+
70,Male,95,Delhi,Star Health,60+
71,Female,50,Gurgaon,None,41-60
72,Female,22,Delhi,None,13-25
73,Female,0,Delhi,Ayushman Bharat,0-12
74,Male,47,Delhi,Ayushman Bharat,41-60
75,Female,25,Delhi,None,13-25
76,Female,33,Other,None,26-40
77,Female,29,Delhi,ICICI Lombard,26-40
78,Female,39,Delhi,Star Health,26-40
79,Female,63,Delhi,Ayushman Bharat,60+
80,Female,45,Delhi,None,41-60
81,Male,38,Gurgaon,HDFC Ergo,26-40
82,Female,21,Ghaziabad,ICICI Lombard,13-25
83,Male,8,Delhi,HDFC Ergo,0-12
84,Female,32,Gurgaon,ICICI Lombard,26-40
85,Female,40,Noida,Ayushman Bharat,26-40
86,Male,77,Ghaziabad,HDFC Ergo,60+
87,Male,44,Noida,None,41-60
88,Male,61,Delhi,None,60+
89,Female,32,Gurgaon,Star Health,26-40
90,Female,18,Ghaziabad,None,13-25
91,Male,22,Noida,None,13-25
92,Female,27,Other,ICICI Lombard,26-40
93,Male,84,Faridabad,ICICI Lombard,60+
94,Female,25,Delhi,None,13-25
95,Male,58,Ghaziabad,ICICI Lombard,41-60
96,Male,23,Gurgaon,Star Health,13-25
97,Male,60,Noida,HDFC Ergo,41-60
98,Female,49,Noida,HDFC Ergo,41-60
99,Male,38,Faridabad,Ayushman Bharat,26-40
100,Female,41,Gurgaon,Star Health,41-60
101,Male,28,Noida,Ayushman Bharat,26-40
102,Male,50,Delhi,ICICI Lombard,41-60
103,Male,32,Delhi,None,26-40
104,Male,17,Faridabad,ICICI Lombard,13-25
105,Female,16,Gurgaon,None,13-25
106,Male,45,Delhi,None,41-60
107,Female,73,Faridabad,Star Health,60+
108,Male,45,Ghaziabad,Ayushman Bharat,41-60
109,Male,39,Noida,HDFC Ergo,26-40
110,Male,47,Delhi,None,41-60
111,Male,68,Noida,Ayushman Bharat,60+
112,Female,46,Delhi,HDFC Ergo,41-60
113,Female,33,Delhi,HDFC Ergo,26-40
114,Male,64,Gurgaon,ICICI Lombard,60+
115,Female,50,Faridabad,None,41-60
116,Female,72,Delhi,None,60+
117,Female,45,Faridabad,Star Health,41-60
118,Female,17,Faridabad,HDFC Ergo,13-25
119,Female,14,Delhi,ICICI Lombard,13-25
120,Female,75,Delhi,Ayushman Bharat,60+
121,Female,76,Gurgaon,Star Health,60+
122,Male,38,Ghaziabad,HDFC Ergo,26-40
123,Female,34,Delhi,None,26-40
124,Male,71,Gurgaon,ICICI Lombard,60+
125,Female,19,Gurgaon,Ayushman Bharat,13-25
126,Female,24,Gurgaon,ICICI Lombard,13-25
127,Male,54,Gurgaon,ICICI Lombard,41-60
128,Female,34,Delhi,Ayushman Bharat,26-40
129,Female,41,Delhi,HDFC Ergo,41-60
130,Male,38,Delhi,HDFC Ergo,26-40
131,Female,48,Other,None,41-60
132,Female,70,Faridabad,None,60+
133,Female,43,Ghaziabad,Ayushman Bharat,41-60
134,Male,54,Delhi,Star Health,41-60
135,Male,0,Noida,Star Health,0-12
136,Female,41,Delhi,Star Health,41-60
137,Male,25,Delhi,None,13-25
138,Male,17,Delhi,None,13-25
139,Male,24,Ghaziabad,ICICI Lombard,13-25
140,Male,35,Delhi,None,26-40
141,Female,60,Gurgaon,Star Health,41-60
142,Female,15,Other,Ayushman Bharat,13-25
143,Female,42,Gurgaon,Star Health,41-60
144,Female,32,Delhi,HDFC Ergo,26-40
145,Male,35,Faridabad,None,26-40
146,Male,62,Gurgaon,None,60+
147,Male,52,Noida,Star Health,41-60
148,Male,68,Gurgaon,HDFC Ergo,60+
149,Male,38,Faridabad,Ayushman Bharat,26-40
150,Male,28,Noida,Star Health,26-40
151,Male,37,Noida,Ayushman Bharat,26-40
152,Male,46,Noida,Ayushman Bharat,41-60
153,Female,45,Delhi,HDFC Ergo,41-60
154,Female,20,Ghaziabad,HDFC Ergo,13-25
155,Female,43,Delhi,HDFC Ergo,41-60
156,Female,46,Delhi,None,41-60
157,Female,92,Delhi,ICICI Lombard,60+
158,Male,79,Delhi,Ayushman Bharat,60+
159,Female,24,Delhi,HDFC Ergo,13-25
160,Male,36,Gurgaon,Ayushman Bharat,26-40
161,Male,12,Delhi,Star Health,0-12
162,Male,30,Delhi,Star Health,26-40
163,Male,48,Faridabad,Ayushman Bharat,41-60
164,Male,66,Other,Ayushman Bharat,60+
165,Female,27,Noida,HDFC Ergo,26-40
166,Female,28,Delhi,HDFC Ergo,26-40
167,Female,0,Delhi,None,0-12
168,Female,38,Delhi,Star Health,26-40
169,Female,20,Delhi,Star Health,13-25
170,Male,31,Other,ICICI Lombard,26-40
171,Female,24,Gurgaon,HDFC Ergo,13-25
172,Female,40,Delhi,Ayushman Bharat,26-40
173,Male,6,Other,Ayushman Bharat,0-12
174,Male,12,Delhi,ICICI Lombard,0-12
175,Female,84,Delhi,Ayushman Bharat,60+
176,Female,16,Delhi,ICICI Lombard,13-25
177,Male,20,Delhi,None,13-25
178,Female,78,Faridabad,Star Health,60+
179,Male,95,Delhi,HDFC Ergo,60+
180,Male,18,Gurgaon,Ayushman Bharat,13-25
181,Male,34,Delhi,HDFC Ergo,26-40
182,Male,48,Faridabad,Star Health,41-60
183,Female,76,Gurgaon,HDFC Ergo,60+
184,Male,22,Noida,Ayushman Bharat,13-25
185,Female,37,Delhi,Star Health,26-40
186,Male,57,Faridabad,Ayushman Bharat,41-60
187,Female,50,Noida,None,41-60
188,Female,34,Delhi,Ayushman Bharat,26-40
189,Female,39,Faridabad,HDFC Ergo,26-40
190,Female,14,Delhi,None,13-25
191,Female,37,Delhi,HDFC Ergo,26-40
192,Male,36,Noida,None,26-40
193,Female,46,Delhi,Ayushman Bharat,41-60
194,Female,30,Noida,Star Health,26-40
195,Male,51,Delhi,None,41-60
196,Male,62,Delhi,ICICI Lombard,60+
197,Male,45,Delhi,ICICI Lombard,41-60
198,Male,49,Delhi,ICICI Lombard,41-60
199,Male,43,Other,Ayushman Bharat,41-60
200,Male,42,Noida,Ayushman Bharat,41-60
201,Female,27,Noida,None,26-40
202,Male,48,Delhi,HDFC Ergo,41-60
203,Female,40,Gurgaon,Ayushman Bharat,26-40
204,Male,83,Delhi,Ayushman Bharat,60+
205,Female,73,Delhi,Ayushman Bharat,60+
206,Male,49,Gurgaon,ICICI Lombard,41-60
207,Male,26,Noida,ICICI Lombard,26-40
208,Male,19,Ghaziabad,None,13-25
209,Female,65,Faridabad,HDFC Ergo,60+
210,Male,47,Ghaziabad,HDFC Ergo,41-60
211,Female,51,Delhi,ICICI Lombard,41-60
212,Male,7,Delhi,HDFC Ergo,0-12
213,Female,60,Delhi,Star Health,41-60
214,Male,51,Ghaziabad,Star Health,41-60
215,Female,19,Faridabad,Ayushman Bharat,13-25
216,Male,32,Other,None,26-40
217,Male,47,Delhi,ICICI Lombard,41-60
218,Male,43,Ghaziabad,Star Health,41-60
219,Male,36,Noida,None,26-40
220,Male,39,Ghaziabad,HDFC Ergo,26-40
221,Female,36,Noida,None,26-40
222,Male,45,Delhi,Ayushman Bharat,41-60
223,Male,71,Delhi,HDFC Ergo,60+
224,Female,0,Other,ICICI Lombard,0-12
225,Male,37,Delhi,HDFC Ergo,26-40
226,Male,45,Delhi,None,41-60
227,Female,47,Delhi,Star Health,41-60
228,Female,34,Delhi,None,26-40
229,Female,6,Other,None,0-12
230,Male,48,Delhi,None,41-60
231,Female,76,Delhi,None,60+
232,Male,11,Ghaziabad,HDFC Ergo,0-12
233,Female,59,Noida,ICICI Lombard,41-60
234,Female,35,Delhi,None,26-40
235,Female,40,Delhi,HDFC Ergo,26-40
236,Male,20,Delhi,Star Health,13-25
237,Male,35,Delhi,HDFC Ergo,26-40
238,Female,68,Delhi,HDFC Ergo,60+
239,Female,53,Delhi,None,41-60
240,Female,76,Gurgaon,ICICI Lombard,60+
241,Female,65,Faridabad,Ayushman Bharat,60+
242,Female,50,Faridabad,None,41-60
243,Male,76,Delhi,HDFC Ergo,60+
244,Male,50,Delhi,None,41-60
245,Male,58,Other,Star Health,41-60
246,Male,36,Ghaziabad,Star Health,26-40
247,Male,43,Noida,Star Health,41-60
248,Female,28,Delhi,HDFC Ergo,26-40
249,Female,61,Delhi,ICICI Lombard,60+
250,Female,18,Noida,ICICI Lombard,13-25
251,Male,57,Noida,HDFC Ergo,41-60
252,Female,38,Delhi,Star Health,26-40
253,Female,65,Other,Ayushman Bharat,60+
254,Female,57,Noida,Star Health,41-60
255,Female,78,Noida,None,60+
256,Female,56,Delhi,None,41-60
257,Female,10,Ghaziabad,Ayushman Bharat,0-12
258,Male,40,Gurgaon,Ayushman Bharat,26-40
259,Female,18,Delhi,Ayushman Bharat,13-25
260,Male,31,Noida,Ayushman Bharat,26-40
261,Male,72,Gurgaon,None,60+
262,Male,54,Ghaziabad,None,41-60
263,Female,28,Delhi,ICICI Lombard,26-40
264,Female,21,Faridabad,Ayushman Bharat,13-25
265,Female,42,Noida,None,41-60
266,Male,17,Delhi,Star Health,13-25
267,Male,28,Delhi,ICICI Lombard,26-40
268,Female,48,Delhi,Ayushman Bharat,41-60
269,Male,65,Delhi,Ayushman Bharat,60+
270,Female,54,Noida,HDFC Ergo,41-60
271,Male,0,Gurgaon,HDFC Ergo,0-12
272,Female,48,Delhi,Star Health,41-60
273,Female,43,Other,Ayushman Bharat,41-60
274,Female,50,Delhi,None,41-60
275,Male,74,Noida,None,60+
276,Female,0,Other,HDFC Ergo,0-12
277,Female,30,Ghaziabad,HDFC Ergo,26-40
278,Female,53,Gurgaon,None,41-60
279,Female,10,Gurgaon,Ayushman Bharat,0-12
280,Male,71,Delhi,ICICI Lombard,60+
281,Male,49,Delhi,ICICI Lombard,41-60
282,Male,58,Delhi,Star Health,41-60
283,Male,30,Delhi,None,26-40
284,Female,58,Delhi,Ayushman Bharat,41-60
285,Male,63,Delhi,HDFC Ergo,60+
286,Male,46,Faridabad,None,41-60
287,Male,46,Faridabad,Ayushman Bharat,41-60
288,Male,47,Ghaziabad,None,41-60
289,Male,24,Gurgaon,ICICI Lombard,13-25
290,Female,39,Delhi,ICICI Lombard,26-40
291,Male,38,Delhi,None,26-40
292,Female,49,Gurgaon,None,41-60
293,Male,61,Gurgaon,None,60+
294,Male,20,Delhi,None,13-25
295,Female,39,Noida,ICICI Lombard,26-40
296,Male,71,Noida,HDFC Ergo,60+
297,Male,27,Delhi,ICICI Lombard,26-40
298,Female,25,Delhi,None,13-25
299,Female,46,Delhi,HDFC Ergo,41-60
300,Female,58,Gurgaon,None,41-60
301,Male,42,Other,None,41-60
302,Female,68,Noida,None,60+
303,Female,59,Gurgaon,None,41-60
304,Female,58,Ghaziabad,Ayushman Bharat,41-60
305,Male,53,Delhi,ICICI Lombard,41-60
306,Male,88,Gurgaon,None,60+
307,Male,37,Noida,HDFC Ergo,26-40
308,Male,1,Noida,Star Health,0-12
309,Female,74,Delhi,None,60+
310,Male,32,Faridabad,Ayushman Bharat,26-40
311,Male,44,Other,ICICI Lombard,41-60
312,Male,68,Delhi,Star Health,60+
313,Male,9,Delhi,ICICI Lombard,0-12
314,Male,16,Delhi,None,13-25
315,Male,9,Ghaziabad,Ayushman Bharat,0-12
316,Male,26,Noida,ICICI Lombard,26-40
317,Female,50,Delhi,Ayushman Bharat,41-60
318,Male,52,Ghaziabad,None,41-60
319,Female,47,Delhi,None,41-60
320,Male,13,Noida,ICICI Lombard,13-25
321,Male,0,Delhi,Ayushman Bharat,0-12
322,Male,43,Noida,HDFC Ergo,41-60
323,Male,32,Noida,ICICI Lombard,26-40
324,Male,51,Delhi,HDFC Ergo,41-60
325,Male,56,Delhi,ICICI Lombard,41-60
326,Female,44,Faridabad,Ayushman Bharat,41-60
327,Male,57,Noida,HDFC Ergo,41-60
328,Male,46,Faridabad,HDFC Ergo,41-60
329,Female,52,Noida,Star Health,41-60
330,Male,27,Ghaziabad,Star Health,26-40
331,Male,38,Delhi,Ayushman Bharat,26-40
332,Male,45,Ghaziabad,HDFC Ergo,41-60
333,Male,58,Delhi,Star Health,41-60
334,Male,34,Delhi,None,26-40
335,Female,52,Delhi,HDFC Ergo,41-60
336,Female,36,Delhi,None,26-40
337,Female,39,Other,Ayushman Bharat,26-40
338,Male,58,Other,Ayushman Bharat,41-60
339,Male,2,Ghaziabad,Ayushman Bharat,0-12
340,Male,16,Delhi,Star Health,13-25
341,Male,12,Faridabad,None,0-12
342,Male,0,Gurgaon,None,0-12
343,Male,28,Delhi,HDFC Ergo,26-40
344,Male,56,Noida,None,41-60
345,Male,36,Gurgaon,ICICI Lombard,26-40
346,Male,45,Delhi,None,41-60
347,Female,63,Noida,None,60+
348,Male,68,Gurgaon,Star Health,60+
349,Female,40,Delhi,None,26-40
350,Male,69,Delhi,None,60+
351,Female,43,Noida,Ayushman Bharat,41-60
352,Male,25,Gurgaon,Star Health,13-25
353,Male,30,Other,None,26-40
354,Male,12,Ghaziabad,Ayushman Bharat,0-12
355,Male,24,Gurgaon,HDFC Ergo,13-25
356,Female,34,Noida,None,26-40
357,Male,58,Gurgaon,Ayushman Bharat,41-60
358,Male,76,Noida,None,60+
359,Female,14,Delhi,Ayushman Bharat,13-25
360,Male,49,Gurgaon,HDFC Ergo,41-60
361,Female,21,Gurgaon,None,13-25
362,Female,51,Noida,Ayushman Bharat,41-60
363,Male,39,Faridabad,ICICI Lombard,26-40
364,Male,5,Gurgaon,ICICI Lombard,0-12
365,Male,60,Delhi,Star Health,41-60
366,Female,29,Delhi,Ayushman Bharat,26-40
367,Male,31,Delhi,ICICI Lombard,26-40
368,Male,20,Delhi,None,13-25
369,Male,28,Noida,None,26-40
370,Female,50,Delhi,None,41-60
371,Female,38,Delhi,HDFC Ergo,26-40
372,Female,48,Delhi,Ayushman Bharat,41-60
373,Female,49,Ghaziabad,Star Health,41-60
374,Female,68,Ghaziabad,None,60+
375,Male,35,Delhi,ICICI Lombard,26-40
376,Female,12,Delhi,None,0-12
377,Female,63,Delhi,HDFC Ergo,60+
378,Male,35,Delhi,HDFC Ergo,26-40
379,Female,64,Delhi,None,60+
380,Female,49,Delhi,ICICI Lombard,41-60
381,Male,39,Delhi,None,26-40
382,Male,48,Other,None,41-60
383,Male,81,Noida,ICICI Lombard,60+
384,Female,83,Ghaziabad,ICICI Lombard,60+
385,Male,43,Delhi,Ayushman Bharat,41-60
386,Female,45,Delhi,None,41-60
387,Male,63,Other,None,60+
388,Female,25,Delhi,HDFC Ergo,13-25
389,Male,48,Gurgaon,Ayushman Bharat,41-60
390,Female,41,Other,HDFC Ergo,41-60
391,Male,48,Noida,Ayushman Bharat,41-60
392,Male,25,Delhi,None,13-25
393,Male,10,Noida,None,0-12
394,Male,0,Delhi,ICICI Lombard,0-12
395,Male,19,Delhi,HDFC Ergo,13-25
396,Female,32,Delhi,HDFC Ergo,26-40
397,Female,36,Faridabad,Star Health,26-40
398,Female,80,Gurgaon,HDFC Ergo,60+
399,Female,64,Delhi,None,60+
400,Male,22,Delhi,ICICI Lombard,13-25
401,Female,48,Gurgaon,HDFC Ergo,41-60
402,Female,33,Faridabad,Ayushman Bharat,26-40
403,Male,36,Delhi,HDFC Ergo,26-40
404,Female,45,Delhi,HDFC Ergo,41-60
405,Male,54,Faridabad,None,41-60
406,Female,35,Faridabad,Star Health,26-40
407,Female,63,Faridabad,ICICI Lombard,60+
408,Female,19,Delhi,Ayushman Bharat,13-25
409,Male,42,Delhi,HDFC Ergo,41-60
410,Female,93,Delhi,HDFC Ergo,60+
411,Male,46,Delhi,HDFC Ergo,41-60
412,Female,70,Faridabad,HDFC Ergo,60+
413,Male,43,Delhi,None,41-60
414,Female,53,Gurgaon,ICICI Lombard,41-60
415,Female,40,Faridabad,ICICI Lombard,26-40
416,Male,38,Other,ICICI Lombard,26-40
417,Male,26,Gurgaon,None,26-40
418,Female,50,Other,Star Health,41-60
419,Male,24,Delhi,None,13-25
420,Male,55,Delhi,HDFC Ergo,41-60
421,Male,63,Delhi,None,60+
422,Male,49,Other,HDFC Ergo,41-60
423,Female,36,Faridabad,Star Health,26-40
424,Female,51,Delhi,ICICI Lombard,41-60
425,Male,35,Delhi,HDFC Ergo,26-40
426,Male,60,Delhi,None,41-60
427,Male,5,Delhi,Ayushman Bharat,0-12
428,Male,35,Ghaziabad,Ayushman Bharat,26-40
429,Female,2,Delhi,Star Health,0-12
430,Male,12,Ghaziabad,Ayushman Bharat,0-12
431,Female,69,Noida,HDFC Ergo,60+
432,Female,59,Delhi,None,41-60
433,Female,27,Delhi,Ayushman Bharat,26-40
434,Female,11,Other,Ayushman Bharat,0-12
435,Male,0,Gurgaon,None,0-12
436,Male,31,Delhi,Ayushman Bharat,26-40
437,Male,90,Delhi,Ayushman Bharat,60+
438,Female,50,Faridabad,HDFC Ergo,41-60
439,Female,30,Ghaziabad,Ayushman Bharat,26-40
440,Male,51,Ghaziabad,HDFC Ergo,41-60
441,Male,10,Gurgaon,Star Health,0-12
442,Male,36,Faridabad,None,26-40
443,Female,43,Delhi,Star Health,41-60
444,Female,40,Gurgaon,Ayushman Bharat,26-40
445,Female,57,Delhi,Star Health,41-60
446,Female,48,Noida,ICICI Lombard,41-60
447,Male,55,Other,None,41-60
448,Female,28,Other,Star Health,26-40
449,Female,59,Noida,Ayushman Bharat,41-60
450,Male,74,Noida,Ayushman Bharat,60+
451,Female,22,Faridabad,None,13-25
452,Male,24,Other,Star Health,13-25
453,Female,68,Ghaziabad,None,60+
454,Female,38,Delhi,ICICI Lombard,26-40
455,Female,70,Delhi,ICICI Lombard,60+
456,Female,33,Faridabad,HDFC Ergo,26-40
457,Male,71,Ghaziabad,ICICI Lombard,60+
458,Female,44,Gurgaon,ICICI Lombard,41-60
459,Female,47,Gurgaon,Star Health,41-60
460,Male,73,Delhi,ICICI Lombard,60+
461,Female,34,Delhi,Ayushman Bharat,26-40
462,Male,23,Ghaziabad,ICICI Lombard,13-25
463,Female,33,Delhi,Star Health,26-40
464,Female,51,Gurgaon,HDFC Ergo,41-60
465,Male,10,Gurgaon,ICICI Lombard,0-12
466,Male,54,Ghaziabad,Ayushman Bharat,41-60
467,Female,31,Delhi,None,26-40
468,Female,64,Gurgaon,Ayushman Bharat,60+
469,Female,0,Delhi,Ayushman Bharat,0-12
470,Male,26,Delhi,Star Health,26-40
471,Female,8,Delhi,None,0-12
472,Male,25,Delhi,HDFC Ergo,13-25
473,Female,46,Other,HDFC Ergo,41-60
474,Male,38,Faridabad,HDFC Ergo,26-40
475,Female,36,Delhi,Star Health,26-40
476,Female,38,Ghaziabad,None,26-40
477,Female,46,Noida,HDFC Ergo,41-60
478,Female,21,Gurgaon,HDFC Ergo,13-25
479,Male,56,Faridabad,Star Health,41-60
480,Female,55,Noida,None,41-60
481,Male,49,Delhi,None,41-60
482,Male,53,Delhi,None,41-60
483,Male,47,Noida,None,41-60
484,Female,82,Other,None,60+
485,Female,40,Noida,ICICI Lombard,26-40
486,Female,35,Delhi,Star Health,26-40
487,Male,26,Delhi,HDFC Ergo,26-40
488,Female,21,Faridabad,HDFC Ergo,13-25
489,Male,17,Delhi,Ayushman Bharat,13-25
490,Male,24,Gurgaon,Star Health,13-25
491,Male,40,Gurgaon,Star Health,26-40
492,Male,48,Delhi,Ayushman Bharat,41-60
493,Male,43,Delhi,Star Health,41-60
494,Female,26,Delhi,Star Health,26-40
495,Male,60,Delhi,Star Health,41-60
496,Male,56,Gurgaon,Ayushman Bharat,41-60
497,Male,38,Ghaziabad,Star Health,26-40
498,Female,28,Delhi,Star Health,26-40
499,Male,52,Noida,HDFC Ergo,41-60
500,Male,45,Delhi,None,41-60
501,Female,13,Delhi,HDFC Ergo,13-25
502,Male,40,Ghaziabad,Star Health,26-40
503,Female,47,Ghaziabad,None,41-60
504,Male,24,Ghaziabad,None,13-25
505,Male,45,Delhi,Star Health,41-60
506,Male,12,Noida,HDFC Ergo,0-12
507,Female,68,Delhi,Star Health,60+
508,Male,66,Other,Ayushman Bharat,60+
509,Female,36,Gurgaon,HDFC Ergo,26-40
510,Male,49,Other,None,41-60
511,Female,0,Delhi,None,0-12
512,Male,18,Noida,Ayushman Bharat,13-25
513,Male,36,Ghaziabad,Star Health,26-40
514,Male,20,Delhi,None,13-25
515,Female,56,Gurgaon,Ayushman Bharat,41-60
516,Male,81,Noida,None,60+
517,Female,18,Other,Star Health,13-25
518,Female,25,Delhi,Ayushman Bharat,13-25
519,Female,46,Other,None,41-60
520,Male,74,Delhi,None,60+
521,Female,17,Noida,Ayushman Bharat,13-25
522,Female,46,Noida,ICICI Lombard,41-60
523,Female,78,Delhi,ICICI Lombard,60+
524,Female,8,Other,Ayushman Bharat,0-12
525,Female,16,Faridabad,None,13-25
526,Female,33,Other,Ayushman Bharat,26-40
527,Female,31,Other,HDFC Ergo,26-40
528,Male,58,Gurgaon,Star Health,41-60
529,Female,46,Noida,Ayushman Bharat,41-60
530,Male,6,Faridabad,None,0-12
531,Female,52,Delhi,Star Health,41-60
532,Female,30,Ghaziabad,ICICI Lombard,26-40
533,Male,67,Noida,None,60+
534,Male,29,Gurgaon,ICICI Lombard,26-40
535,Male,29,Delhi,HDFC Ergo,26-40
536,Male,52,Delhi,HDFC Ergo,41-60
537,Male,57,Delhi,ICICI Lombard,41-60
538,Female,50,Delhi,Star Health,41-60
539,Female,8,Delhi,Ayushman Bharat,0-12
540,Female,52,Delhi,Ayushman Bharat,41-60
541,Male,21,Delhi,Ayushman Bharat,13-25
542,Female,46,Noida,Ayushman Bharat,41-60
543,Male,13,Delhi,Star Health,13-25
544,Female,50,Ghaziabad,Star Health,41-60
545,Male,25,Delhi,Star Health,13-25
546,Male,16,Noida,Star Health,13-25
547,Male,56,Delhi,Ayushman Bharat,41-60
548,Female,46,Noida,Star Health,41-60
549,Male,29,Noida,Ayushman Bharat,26-40
550,Female,71,Gurgaon,Star Health,60+
551,Female,33,Delhi,Star Health,26-40
552,Female,42,Noida,Star Health,41-60
553,Male,47,Delhi,ICICI Lombard,41-60
554,Male,29,Noida,Ayushman Bharat,26-40
555,Male,51,Delhi,None,41-60
556,Male,31,Gurgaon,Star Health,26-40
557,Female,33,Delhi,Ayushman Bharat,26-40
558,Male,69,Ghaziabad,None,60+
559,Male,21,Delhi,HDFC Ergo,13-25
560,Male,0,Delhi,Star Health,0-12
561,Female,74,Delhi,Star Health,60+
562,Male,92,Delhi,Star Health,60+
563,Female,33,Noida,None,26-40
564,Male,3,Ghaziabad,HDFC Ergo,0-12
565,Female,35,Ghaziabad,ICICI Lombard,26-40
566,Female,36,Delhi,None,26-40
567,Male,38,Delhi,HDFC Ergo,26-40
568,Male,19,Faridabad,Ayushman Bharat,13-25
569,Male,53,Delhi,Star Health,41-60
570,Male,52,Delhi,ICICI Lombard,41-60
571,Male,12,Faridabad,Star Health,0-12
572,Female,55,Delhi,HDFC Ergo,41-60
573,Female,83,Delhi,HDFC Ergo,60+
574,Male,45,Delhi,Ayushman Bharat,41-60
575,Female,35,Gurgaon,Ayushman Bharat,26-40
576,Male,39,Delhi,Ayushman Bharat,26-40
577,Female,54,Gurgaon,Star Health,41-60
578,Male,7,Delhi,None,0-12
579,Female,45,Delhi,Star Health,41-60
580,Female,34,Delhi,None,26-40
581,Male,78,Ghaziabad,Ayushman Bharat,60+
582,Male,38,Delhi,Ayushman Bharat,26-40
583,Male,75,Gurgaon,ICICI Lombard,60+
584,Female,19,Delhi,None,13-25
585,Female,53,Delhi,Ayushman Bharat,41-60
586,Female,48,Delhi,Star Health,41-60
587,Female,24,Noida,None,13-25
588,Female,45,Noida,Star Health,41-60
589,Male,66,Ghaziabad,ICICI Lombard,60+
590,Male,35,Faridabad,Ayushman Bharat,26-40
591,Female,8,Ghaziabad,None,0-12
592,Male,41,Noida,ICICI Lombard,41-60
593,Female,23,Noida,HDFC Ergo,13-25
594,Male,35,Gurgaon,ICICI Lombard,26-40
595,Male,40,Delhi,HDFC Ergo,26-40
596,Female,7,Ghaziabad,ICICI Lombard,0-12
597,Male,9,Faridabad,ICICI Lombard,0-12
598,Male,51,Delhi,None,41-60
599,Male,31,Faridabad,HDFC Ergo,26-40
600,Female,0,Ghaziabad,Star Health,0-12
601,Female,57,Delhi,ICICI Lombard,41-60
602,Male,47,Faridabad,Star Health,41-60
603,Male,27,Delhi,HDFC Ergo,26-40
604,Male,15,Delhi,HDFC Ergo,13-25
605,Female,58,Delhi,ICICI Lombard,41-60
606,Male,48,Noida,HDFC Ergo,41-60
607,Female,89,Delhi,Ayushman Bharat,60+
608,Female,50,Other,None,41-60
609,Male,49,Delhi,ICICI Lombard,41-60
610,Female,38,Delhi,HDFC Ergo,26-40
611,Female,58,Gurgaon,Star Health,41-60
612,Female,54,Delhi,Star Health,41-60
613,Male,67,Gurgaon,Ayushman Bharat,60+
614,Female,31,Delhi,Ayushman Bharat,26-40
615,Female,33,Other,Star Health,26-40
616,Female,32,Gurgaon,Star Health,26-40
617,Female,57,Delhi,HDFC Ergo,41-60
618,Male,71,Delhi,HDFC Ergo,60+
619,Female,32,Delhi,None,26-40
620,Female,33,Other,HDFC Ergo,26-40
621,Male,48,Gurgaon,Star Health,41-60
622,Male,37,Delhi,HDFC Ergo,26-40
623,Male,61,Delhi,Star Health,60+
624,Female,0,Faridabad,Star Health,0-12
625,Male,25,Delhi,ICICI Lombard,13-25
626,Female,26,Gurgaon,HDFC Ergo,26-40
627,Male,0,Ghaziabad,Star Health,0-12
628,Male,22,Delhi,Ayushman Bharat,13-25
629,Female,23,Noida,ICICI Lombard,13-25
630,Male,37,Delhi,Star Health,26-40
631,Female,64,Delhi,None,60+
632,Male,37,Other,HDFC Ergo,26-40
633,Female,21,Gurgaon,None,13-25
634,Male,40,Ghaziabad,None,26-40
635,Female,62,Noida,ICICI Lombard,60+
636,Female,22,Delhi,HDFC Ergo,13-25
637,Male,23,Gurgaon,None,13-25
638,Male,53,Noida,HDFC Ergo,41-60
639,Male,37,Delhi,Star Health,26-40
640,Female,54,Delhi,Ayushman Bharat,41-60
641,Female,41,Gurgaon,ICICI Lombard,41-60
642,Male,56,Gurgaon,None,41-60
643,Male,21,Delhi,Ayushman Bharat,13-25
644,Female,41,Faridabad,None,41-60
645,Female,37,Delhi,Ayushman Bharat,26-40
646,Female,17,Delhi,Ayushman Bharat,13-25
647,Male,10,Delhi,ICICI Lombard,0-12
648,Female,55,Ghaziabad,None,41-60
649,Female,34,Delhi,None,26-40
650,Male,21,Noida,None,13-25
651,Male,40,Delhi,None,26-40
652,Male,64,Gurgaon,Ayushman Bharat,60+
653,Female,0,Ghaziabad,HDFC Ergo,0-12
654,Male,12,Delhi,None,0-12
655,Female,23,Other,Star Health,13-25
656,Female,71,Delhi,HDFC Ergo,60+
657,Female,47,Delhi,ICICI Lombard,41-60
658,Female,57,Noida,Ayushman Bharat,41-60
659,Male,19,Gurgaon,Ayushman Bharat,13-25
660,Female,19,Delhi,Star Health,13-25
661,Male,50,Noida,Star Health,41-60
662,Female,43,Delhi,HDFC Ergo,41-60
663,Female,52,Noida,HDFC Ergo,41-60
664,Female,38,Gurgaon,Star Health,26-40
665,Female,47,Other,Ayushman Bharat,41-60
666,Male,45,Noida,HDFC Ergo,41-60
667,Female,57,Gurgaon,HDFC Ergo,41-60
668,Female,58,Noida,HDFC Ergo,41-60
669,Female,9,Delhi,ICICI Lombard,0-12
670,Male,0,Delhi,None,0-12
671,Male,62,Other,Star Health,60+
672,Female,65,Delhi,HDFC Ergo,60+
673,Male,21,Ghaziabad,Ayushman Bharat,13-25
674,Female,4,Delhi,Star Health,0-12
675,Female,43,Ghaziabad,None,41-60
676,Female,60,Delhi,None,41-60
677,Male,77,Other,Ayushman Bharat,60+
678,Female,52,Gurgaon,None,41-60
679,Male,34,Delhi,ICICI Lombard,26-40
680,Male,24,Gurgaon,ICICI Lombard,13-25
681,Female,42,Gurgaon,Star Health,41-60
682,Male,36,Delhi,Star Health,26-40
683,Male,21,Delhi,HDFC Ergo,13-25
684,Male,82,Gurgaon,ICICI Lombard,60+
685,Female,77,Gurgaon,ICICI Lombard,60+
686,Female,64,Delhi,HDFC Ergo,60+
687,Male,23,Faridabad,Ayushman Bharat,13-25
688,Male,59,Delhi,Star Health,41-60
689,Female,54,Delhi,HDFC Ergo,41-60
690,Male,50,Noida,Star Health,41-60
691,Female,66,Delhi,Ayushman Bharat,60+
692,Female,54,Delhi,ICICI Lombard,41-60
693,Female,56,Noida,Ayushman Bharat,41-60
694,Female,54,Delhi,Star Health,41-60
695,Female,48,Delhi,ICICI Lombard,41-60
696,Female,6,Gurgaon,None,0-12
697,Male,43,Noida,Star Health,41-60
698,Male,30,Ghaziabad,ICICI Lombard,26-40
699,Female,16,Noida,Star Health,13-25
700,Male,75,Noida,Star Health,60+
701,Female,76,Delhi,ICICI Lombard,60+
702,Female,69,Ghaziabad,Star Health,60+
703,Female,47,Delhi,ICICI Lombard,41-60
704,Male,69,Delhi,None,60+
705,Male,42,Ghaziabad,HDFC Ergo,41-60
706,Female,46,Gurgaon,Star Health,41-60
707,Male,20,Gurgaon,None,13-25
708,Female,49,Delhi,ICICI Lombard,41-60
709,Female,43,Delhi,None,41-60
710,Female,15,Noida,HDFC Ergo,13-25
711,Female,40,Gurgaon,Ayushman Bharat,26-40
712,Male,40,Noida,None,26-40
713,Male,77,Delhi,Star Health,60+
714,Female,59,Delhi,None,41-60
715,Male,42,Noida,Ayushman Bharat,41-60
716,Male,46,Gurgaon,None,41-60
717,Male,42,Delhi,Star Health,41-60
718,Male,37,Delhi,ICICI Lombard,26-40
719,Female,20,Delhi,Star Health,13-25
720,Male,38,Delhi,None,26-40
721,Female,27,Noida,Star Health,26-40
722,Male,16,Delhi,Star Health,13-25
723,Female,52,Gurgaon,None,41-60
724,Male,49,Ghaziabad,HDFC Ergo,41-60
725,Female,6,Other,Ayushman Bharat,0-12
726,Male,39,Other,HDFC Ergo,26-40
727,Female,61,Delhi,Ayushman Bharat,60+
728,Male,63,Delhi,Star Health,60+
729,Male,62,Delhi,ICICI Lombard,60+
730,Male,42,Gurgaon,ICICI Lombard,41-60
731,Female,25,Delhi,HDFC Ergo,13-25
732,Female,20,Delhi,HDFC Ergo,13-25
733,Male,48,Delhi,Star Health,41-60
734,Male,49,Delhi,Ayushman Bharat,41-60
735,Female,67,Gurgaon,Star Health,60+
736,Female,63,Gurgaon,HDFC Ergo,60+
737,Male,39,Noida,HDFC Ergo,26-40
738,Female,17,Faridabad,ICICI Lombard,13-25
739,Female,35,Delhi,Ayushman Bharat,26-40
740,Female,46,Delhi,ICICI Lombard,41-60
741,Male,37,Delhi,None,26-40
742,Male,30,Gurgaon,Ayushman Bharat,26-40
743,Male,47,Noida,None,41-60
744,Female,31,Delhi,Ayushman Bharat,26-40
745,Male,29,Other,Star Health,26-40
746,Female,48,Delhi,None,41-60
747,Female,33,Delhi,None,26-40
748,Female,46,Gurgaon,Ayushman Bharat,41-60
749,Male,47,Other,Star Health,41-60
750,Male,19,Gurgaon,Star Health,13-25
751,Male,32,Other,Ayushman Bharat,26-40
752,Female,70,Delhi,ICICI Lombard,60+
753,Female,18,Gurgaon,Ayushman Bharat,13-25
754,Male,0,Ghaziabad,HDFC Ergo,0-12
755,Female,4,Noida,ICICI Lombard,0-12
756,Male,42,Delhi,Star Health,41-60
757,Male,42,Other,Star Health,41-60
758,Male,39,Delhi,Star Health,26-40
759,Female,66,Delhi,None,60+
760,Male,0,Faridabad,Ayushman Bharat,0-12
761,Male,49,Faridabad,None,41-60
762,Female,73,Other,Ayushman Bharat,60+
763,Female,19,Faridabad,None,13-25
764,Male,34,Delhi,ICICI Lombard,26-40
765,Male,26,Other,None,26-40
766,Female,24,Delhi,None,13-25
767,Male,35,Gurgaon,Ayushman Bharat,26-40
768,Male,70,Delhi,Star Health,60+
769,Female,78,Ghaziabad,Ayushman Bharat,60+
770,Male,35,Noida,Star Health,26-40
771,Female,80,Ghaziabad,Star Health,60+
772,Male,42,Delhi,Ayushman Bharat,41-60
773,Male,77,Delhi,None,60+
774,Male,40,Delhi,Star Health,26-40
775,Male,44,Delhi,Star Health,41-60
776,Male,49,Gurgaon,None,41-60
777,Male,95,Delhi,Star Health,60+
778,Female,59,Noida,Star Health,41-60
779,Female,27,Delhi,Ayushman Bharat,26-40
780,Male,61,Delhi,None,60+
781,Female,34,Gurgaon,ICICI Lombard,26-40
782,Female,32,Delhi,ICICI Lombard,26-40
783,Female,60,Delhi,HDFC Ergo,41-60
784,Male,42,Delhi,HDFC Ergo,41-60
785,Male,47,Delhi,None,41-60
786,Male,42,Gurgaon,None,41-60
787,Male,48,Delhi,HDFC Ergo,41-60
788,Male,50,Delhi,HDFC Ergo,41-60
789,Female,3,Gurgaon,HDFC Ergo,0-12
790,Female,55,Noida,Star Health,41-60
791,Male,22,Noida,HDFC Ergo,13-25
792,Male,13,Delhi,Star Health,13-25
793,Male,40,Other,None,26-40
794,Male,43,Delhi,HDFC Ergo,41-60
795,Female,28,Delhi,Ayushman Bharat,26-40
796,Male,58,Faridabad,ICICI Lombard,41-60
797,Female,15,Gurgaon,None,13-25
798,Female,33,Gurgaon,None,26-40
799,Female,30,Faridabad,HDFC Ergo,26-40
800,Female,41,Delhi,Star Health,41-60
801,Female,47,Ghaziabad,Ayushman Bharat,41-60
802,Male,21,Gurgaon,Star Health,13-25
803,Male,56,Delhi,HDFC Ergo,41-60
804,Female,43,Delhi,Star Health,41-60
805,Male,4,Delhi,None,0-12
806,Female,2,Other,Star Health,0-12
807,Male,41,Delhi,ICICI Lombard,41-60
808,Male,37,Delhi,ICICI Lombard,26-40
809,Male,39,Gurgaon,Ayushman Bharat,26-40
810,Female,41,Gurgaon,HDFC Ergo,41-60
811,Male,46,Delhi,None,41-60
812,Male,60,Ghaziabad,Ayushman Bharat,41-60
813,Male,19,Noida,ICICI Lombard,13-25
814,Female,18,Ghaziabad,HDFC Ergo,13-25
815,Female,20,Delhi,None,13-25
816,Male,47,Delhi,None,41-60
817,Female,66,Gurgaon,ICICI Lombard,60+
818,Male,33,Delhi,HDFC Ergo,26-40
819,Female,0,Noida,Star Health,0-12
820,Male,7,Delhi,Star Health,0-12
821,Male,25,Ghaziabad,Star Health,13-25
822,Female,30,Faridabad,Star Health,26-40
823,Female,33,Ghaziabad,Star Health,26-40
824,Male,42,Other,None,41-60
825,Female,35,Faridabad,None,26-40
826,Female,62,Delhi,None,60+
827,Male,28,Delhi,Ayushman Bharat,26-40
828,Female,24,Faridabad,Ayushman Bharat,13-25
829,Female,51,Other,Star Health,41-60
830,Male,11,Other,Ayushman Bharat,0-12
831,Female,49,Ghaziabad,HDFC Ergo,41-60
832,Male,44,Delhi,ICICI Lombard,41-60
833,Female,39,Other,None,26-40
834,Male,73,Other,None,60+
835,Male,29,Gurgaon,HDFC Ergo,26-40
836,Female,83,Faridabad,Ayushman Bharat,60+
837,Female,37,Noida,Star Health,26-40
838,Female,16,Other,Star Health,13-25
839,Female,43,Delhi,Star Health,41-60
840,Male,20,Faridabad,Star Health,13-25
841,Male,26,Delhi,Ayushman Bharat,26-40
842,Male,49,Delhi,HDFC Ergo,41-60
843,Male,53,Delhi,Star Health,41-60
844,Male,29,Noida,None,26-40
845,Female,61,Delhi,ICICI Lombard,60+
846,Female,65,Other,ICICI Lombard,60+
847,Male,70,Noida,ICICI Lombard,60+
848,Male,52,Faridabad,ICICI Lombard,41-60
849,Female,69,Delhi,ICICI Lombard,60+
850,Male,4,Delhi,Ayushman Bharat,0-12
851,Male,35,Ghaziabad,None,26-40
852,Male,24,Gurgaon,HDFC Ergo,13-25
853,Male,44,Noida,ICICI Lombard,41-60
854,Male,30,Ghaziabad,Star Health,26-40
855,Female,38,Ghaziabad,None,26-40
856,Male,79,Noida,HDFC Ergo,60+
857,Female,38,Other,HDFC Ergo,26-40
858,Female,50,Gurgaon,None,41-60
859,Female,37,Gurgaon,Ayushman Bharat,26-40
860,Male,43,Delhi,Star Health,41-60
861,Male,42,Delhi,HDFC Ergo,41-60
862,Male,50,Delhi,HDFC Ergo,41-60
863,Male,65,Ghaziabad,None,60+
864,Male,74,Gurgaon,ICICI Lombard,60+
865,Female,48,Delhi,HDFC Ergo,41-60
866,Male,53,Gurgaon,Ayushman Bharat,41-60
867,Male,18,Delhi,ICICI Lombard,13-25
868,Male,40,Delhi,Star Health,26-40
869,Female,60,Other,None,41-60
870,Female,59,Delhi,Star Health,41-60
871,Female,46,Delhi,None,41-60
872,Female,59,Noida,None,41-60
873,Female,51,Delhi,Star Health,41-60
874,Female,66,Gurgaon,Ayushman Bharat,60+
875,Male,47,Other,None,41-60
876,Female,34,Noida,Ayushman Bharat,26-40
877,Female,48,Noida,Ayushman Bharat,41-60
878,Male,0,Delhi,Star Health,0-12
879,Female,49,Noida,Star Health,41-60
880,Male,0,Delhi,Ayushman Bharat,0-12
881,Male,7,Delhi,Star Health,0-12
882,Male,51,Faridabad,HDFC Ergo,41-60
883,Female,51,Delhi,ICICI Lombard,41-60
884,Female,18,Noida,Star Health,13-25
885,Male,27,Delhi,None,26-40
886,Male,69,Ghaziabad,None,60+
887,Male,32,Delhi,None,26-40
888,Male,86,Delhi,Star Health,60+
889,Female,41,Ghaziabad,ICICI Lombard,41-60
890,Male,50,Noida,None,41-60
891,Male,74,Other,HDFC Ergo,60+
892,Male,44,Delhi,Ayushman Bharat,41-60
893,Female,21,Gurgaon,Ayushman Bharat,13-25
894,Male,39,Other,HDFC Ergo,26-40
895,Female,41,Noida,HDFC Ergo,41-60
896,Male,14,Gurgaon,Ayushman Bharat,13-25
897,Male,36,Delhi,Star Health,26-40
898,Female,27,Ghaziabad,None,26-40
899,Male,60,Faridabad,Ayushman Bharat,41-60
900,Female,42,Gurgaon,Star Health,41-60
901,Male,36,Other,Ayushman Bharat,26-40
902,Female,39,Noida,ICICI Lombard,26-40
903,Female,46,Noida,HDFC Ergo,41-60
904,Female,54,Delhi,None,41-60
905,Male,22,Gurgaon,Ayushman Bharat,13-25
906,Female,21,Faridabad,Ayushman Bharat,13-25
907,Female,64,Gurgaon,None,60+
908,Male,33,Delhi,ICICI Lombard,26-40
909,Male,13,Noida,ICICI Lombard,13-25
910,Female,50,Ghaziabad,Star Health,41-60
911,Male,51,Other,Star Health,41-60
912,Female,11,Delhi,ICICI Lombard,0-12
913,Female,46,Delhi,ICICI Lombard,41-60
914,Male,56,Delhi,Ayushman Bharat,41-60
915,Female,49,Delhi,ICICI Lombard,41-60
916,Female,54,Other,Ayushman Bharat,41-60
917,Male,13,Delhi,None,13-25
918,Female,48,Noida,None,41-60
919,Male,35,Delhi,HDFC Ergo,26-40
920,Male,32,Delhi,None,26-40
921,Female,59,Other,None,41-60
922,Male,71,Noida,Star Health,60+
923,Female,77,Delhi,HDFC Ergo,60+
924,Male,68,Delhi,HDFC Ergo,60+
925,Male,39,Other,Ayushman Bharat,26-40
926,Male,49,Other,Ayushman Bharat,41-60
927,Female,57,Delhi,ICICI Lombard,41-60
928,Female,44,Gurgaon,None,41-60
929,Female,44,Delhi,HDFC Ergo,41-60
930,Female,58,Noida,ICICI Lombard,41-60
931,Female,40,Delhi,None,26-40
932,Female,27,Ghaziabad,None,26-40
933,Male,33,Other,None,26-40
934,Female,54,Delhi,HDFC Ergo,41-60
935,Female,42,Noida,Star Health,41-60
936,Female,48,Delhi,HDFC Ergo,41-60
937,Male,55,Delhi,ICICI Lombard,41-60
938,Male,34,Delhi,HDFC Ergo,26-40
939,Female,57,Delhi,None,41-60
940,Male,49,Other,Ayushman Bharat,41-60
941,Male,17,Delhi,ICICI Lombard,13-25
942,Female,70,Faridabad,HDFC Ergo,60+
943,Male,31,Delhi,ICICI Lombard,26-40
944,Male,8,Noida,ICICI Lombard,0-12
945,Male,21,Noida,Ayushman Bharat,13-25
946,Male,21,Other,Star Health,13-25
947,Female,43,Delhi,None,41-60
948,Female,36,Delhi,Star Health,26-40
949,Female,35,Gurgaon,HDFC Ergo,26-40
950,Female,54,Gurgaon,None,41-60
951,Female,48,Gurgaon,Star Health,41-60
952,Male,48,Delhi,Star Health,41-60
953,Female,50,Delhi,Ayushman Bharat,41-60
954,Male,54,Ghaziabad,ICICI Lombard,41-60
955,Male,0,Gurgaon,Star Health,0-12
956,Female,34,Gurgaon,Star Health,26-40
957,Female,0,Delhi,Star Health,0-12
958,Male,42,Delhi,ICICI Lombard,41-60
959,Female,41,Other,HDFC Ergo,41-60
960,Male,62,Gurgaon,None,60+
961,Male,65,Delhi,None,60+
962,Male,46,Other,Star Health,41-60
963,Male,31,Noida,HDFC Ergo,26-40
964,Female,51,Delhi,Star Health,41-60
965,Male,31,Delhi,HDFC Ergo,26-40
966,Female,41,Gurgaon,HDFC Ergo,41-60
967,Male,61,Delhi,None,60+
968,Female,30,Noida,HDFC Ergo,26-40
969,Female,58,Gurgaon,ICICI Lombard,41-60
970,Female,55,Delhi,Ayushman Bharat,41-60
971,Male,22,Other,None,13-25
972,Female,61,Delhi,HDFC Ergo,60+
973,Female,55,Delhi,HDFC Ergo,41-60
974,Male,44,Gurgaon,None,41-60
975,Male,26,Gurgaon,HDFC Ergo,26-40
976,Male,24,Delhi,Ayushman Bharat,13-25
977,Male,31,Gurgaon,Ayushman Bharat,26-40
978,Male,52,Faridabad,ICICI Lombard,41-60
979,Male,22,Ghaziabad,HDFC Ergo,13-25
980,Male,50,Ghaziabad,Star Health,41-60
981,Female,17,Delhi,ICICI Lombard,13-25
982,Male,37,Delhi,ICICI Lombard,26-40
983,Male,44,Noida,None,41-60
984,Female,90,Delhi,Ayushman Bharat,60+
985,Male,14,Ghaziabad,None,13-25
986,Male,71,Delhi,None,60+
987,Male,44,Delhi,Ayushman Bharat,41-60
988,Male,50,Delhi,Star Health,41-60
989,Male,44,Delhi,ICICI Lombard,41-60
990,Male,50,Delhi,Ayushman Bharat,41-60
991,Male,38,Gurgaon,Ayushman Bharat,26-40
992,Female,71,Noida,Star Health,60+
993,Female,32,Delhi,Ayushman Bharat,26-40
994,Male,64,Delhi,HDFC Ergo,60+
995,Male,29,Ghaziabad,HDFC Ergo,26-40
996,Male,40,Delhi,None,26-40
997,Female,20,Noida,ICICI Lombard,13-25
998,Female,51,Noida,ICICI Lombard,41-60
999,Male,70,Noida,Ayushman Bharat,60+
1000,Male,40,Faridabad,Ayushman Bharat,26-40
1001,Male,38,Gurgaon,HDFC Ergo,26-40
1002,Female,19,Other,Ayushman Bharat,13-25
1003,Female,37,Faridabad,HDFC Ergo,26-40
1004,Male,10,Delhi,Ayushman Bharat,0-12
1005,Female,23,Delhi,Star Health,13-25
1006,Male,46,Delhi,None,41-60
1007,Female,68,Delhi,None,60+
1008,Female,95,Noida,ICICI Lombard,60+
1009,Male,30,Delhi,HDFC Ergo,26-40
1010,Male,70,Delhi,ICICI Lombard,60+
1011,Female,46,Delhi,Ayushman Bharat,41-60
1012,Male,38,Gurgaon,Ayushman Bharat,26-40
1013,Female,50,Gurgaon,Ayushman Bharat,41-60
1014,Male,43,Other,None,41-60
1015,Female,44,Delhi,ICICI Lombard,41-60
1016,Male,33,Delhi,Ayushman Bharat,26-40
1017,Male,14,Other,ICICI Lombard,13-25
1018,Male,11,Gurgaon,Ayushman Bharat,0-12
1019,Male,55,Noida,ICICI Lombard,41-60
1020,Male,36,Noida,None,26-40
1021,Female,30,Delhi,Star Health,26-40
1022,Male,42,Faridabad,HDFC Ergo,41-60
1023,Male,57,Gurgaon,HDFC Ergo,41-60
1024,Male,45,Noida,None,41-60
1025,Male,28,Noida,ICICI Lombard,26-40
1026,Female,66,Delhi,HDFC Ergo,60+
1027,Female,73,Delhi,ICICI Lombard,60+
1028,Male,51,Ghaziabad,ICICI Lombard,41-60
1029,Female,61,Noida,None,60+
1030,Female,66,Delhi,None,60+
1031,Female,64,Delhi,None,60+
1032,Male,54,Other,None,41-60
1033,Male,53,Delhi,Star Health,41-60
1034,Male,52,Delhi,HDFC Ergo,41-60
1035,Female,20,Gurgaon,Ayushman Bharat,13-25
1036,Female,56,Ghaziabad,Ayushman Bharat,41-60
1037,Male,14,Gurgaon,HDFC Ergo,13-25
1038,Male,26,Faridabad,Ayushman Bharat,26-40
1039,Female,68,Delhi,Star Health,60+
1040,Female,58,Other,HDFC Ergo,41-60
1041,Male,71,Faridabad,HDFC Ergo,60+
1042,Female,36,Noida,None,26-40
1043,Male,18,Gurgaon,Ayushman Bharat,13-25
1044,Male,37,Delhi,ICICI Lombard,26-40
1045,Female,44,Delhi,None,41-60
1046,Female,43,Delhi,None,41-60
1047,Female,64,Delhi,ICICI Lombard,60+
1048,Male,34,Other,None,26-40
1049,Male,49,Delhi,HDFC Ergo,41-60
1050,Male,22,Noida,ICICI Lombard,13-25
1051,Male,51,Delhi,Star Health,41-60
1052,Male,42,Delhi,ICICI Lombard,41-60
1053,Male,27,Delhi,ICICI Lombard,26-40
1054,Male,37,Delhi,Star Health,26-40
1055,Male,38,Gurgaon,ICICI Lombard,26-40
1056,Male,36,Other,Ayushman Bharat,26-40
1057,Female,77,Delhi,Ayushman Bharat,60+
1058,Male,40,Other,Star Health,26-40
1059,Female,37,Gurgaon,Star Health,26-40
1060,Female,0,Gurgaon,HDFC Ergo,0-12
1061,Female,24,Delhi,None,13-25
1062,Male,36,Delhi,None,26-40
1063,Male,28,Faridabad,HDFC Ergo,26-40
1064,Female,69,Noida,Ayushman Bharat,60+
1065,Male,38,Delhi,Ayushman Bharat,26-40
1066,Male,67,Ghaziabad,None,60+
1067,Male,43,Delhi,Star Health,41-60
1068,Female,42,Ghaziabad,ICICI Lombard,41-60
1069,Male,40,Delhi,Ayushman Bharat,26-40
1070,Female,42,Other,HDFC Ergo,41-60
1071,Male,76,Delhi,Star Health,60+
1072,Male,0,Delhi,Star Health,0-12
1073,Female,1,Gurgaon,ICICI Lombard,0-12
1074,Male,31,Delhi,Ayushman Bharat,26-40
1075,Female,42,Other,Ayushman Bharat,41-60
1076,Male,55,Gurgaon,Star Health,41-60
1077,Male,51,Delhi,None,41-60
1078,Female,34,Delhi,HDFC Ergo,26-40
1079,Male,62,Other,None,60+
1080,Male,62,Gurgaon,Star Health,60+
1081,Female,45,Faridabad,None,41-60
1082,Female,61,Delhi,None,60+
1083,Female,47,Other,None,41-60
1084,Male,30,Noida,None,26-40
1085,Male,55,Gurgaon,HDFC Ergo,41-60
1086,Female,44,Delhi,Ayushman Bharat,41-60
1087,Male,42,Delhi,Ayushman Bharat,41-60
1088,Male,71,Other,ICICI Lombard,60+
1089,Female,0,Other,None,0-12
1090,Male,13,Delhi,HDFC Ergo,13-25
1091,Male,18,Other,ICICI Lombard,13-25
1092,Male,34,Delhi,None,26-40
1093,Male,36,Delhi,HDFC Ergo,26-40
1094,Female,11,Delhi,Star Health,0-12
1095,Female,22,Delhi,HDFC Ergo,13-25
1096,Male,24,Delhi,None,13-25
1097,Male,91,Delhi,None,60+
1098,Female,78,Delhi,Star Health,60+
1099,Male,33,Gurgaon,Ayushman Bharat,26-40
1100,Male,34,Ghaziabad,Ayushman Bharat,26-40
1101,Female,19,Gurgaon,Ayushman Bharat,13-25
1102,Female,3,Delhi,Ayushman Bharat,0-12
1103,Male,39,Ghaziabad,None,26-40
1104,Female,22,Delhi,HDFC Ergo,13-25
1105,Male,40,Ghaziabad,HDFC Ergo,26-40
1106,Female,9,Noida,Ayushman Bharat,0-12
1107,Male,26,Delhi,ICICI Lombard,26-40
1108,Male,44,Delhi,ICICI Lombard,41-60
1109,Female,49,Ghaziabad,Star Health,41-60
1110,Male,50,Other,Star Health,41-60
1111,Male,15,Gurgaon,None,13-25
1112,Male,59,Other,Star Health,41-60
1113,Female,25,Other,Ayushman Bharat,13-25
1114,Female,54,Delhi,None,41-60
1115,Male,41,Gurgaon,Star Health,41-60
1116,Female,14,Delhi,HDFC Ergo,13-25
1117,Female,35,Noida,HDFC Ergo,26-40
1118,Male,49,Delhi,ICICI Lombard,41-60
1119,Male,54,Other,HDFC Ergo,41-60
1120,Male,39,Gurgaon,Ayushman Bharat,26-40
1121,Male,72,Delhi,HDFC Ergo,60+
1122,Male,62,Delhi,Star Health,60+
1123,Male,36,Delhi,Star Health,26-40
1124,Male,57,Gurgaon,HDFC Ergo,41-60
1125,Male,80,Other,HDFC Ergo,60+
1126,Female,81,Delhi,None,60+
1127,Male,17,Noida,Star Health,13-25
1128,Female,23,Noida,ICICI Lombard,13-25
1129,Female,71,Delhi,Ayushman Bharat,60+
1130,Female,20,Noida,Ayushman Bharat,13-25
1131,Female,15,Delhi,Ayushman Bharat,13-25
1132,Female,32,Delhi,Star Health,26-40
1133,Male,50,Delhi,Ayushman Bharat,41-60
1134,Female,39,Faridabad,HDFC Ergo,26-40
1135,Male,28,Delhi,None,26-40
1136,Female,28,Delhi,Star Health,26-40
1137,Male,27,Gurgaon,Ayushman Bharat,26-40
1138,Male,24,Other,Ayushman Bharat,13-25
1139,Male,87,Noida,Ayushman Bharat,60+
1140,Female,47,Delhi,Star Health,41-60
1141,Male,59,Gurgaon,Ayushman Bharat,41-60
1142,Male,32,Delhi,Ayushman Bharat,26-40
1143,Male,38,Gurgaon,ICICI Lombard,26-40
1144,Male,27,Delhi,HDFC Ergo,26-40
1145,Female,0,Delhi,Star Health,0-12
1146,Female,14,Delhi,HDFC Ergo,13-25
1147,Male,5,Gurgaon,None,0-12
1148,Male,0,Delhi,ICICI Lombard,0-12
1149,Male,18,Delhi,Ayushman Bharat,13-25
1150,Male,68,Noida,Ayushman Bharat,60+
1151,Female,41,Ghaziabad,Ayushman Bharat,41-60
1152,Female,67,Delhi,Ayushman Bharat,60+
1153,Male,50,Gurgaon,Ayushman Bharat,41-60
1154,Female,57,Gurgaon,ICICI Lombard,41-60
1155,Male,23,Delhi,Star Health,13-25
1156,Female,52,Other,None,41-60
1157,Female,56,Faridabad,None,41-60
1158,Female,30,Delhi,ICICI Lombard,26-40
1159,Male,53,Delhi,None,41-60
1160,Female,53,Delhi,None,41-60
1161,Male,31,Delhi,ICICI Lombard,26-40
1162,Male,19,Noida,Ayushman Bharat,13-25
1163,Male,18,Faridabad,Ayushman Bharat,13-25
1164,Male,43,Faridabad,HDFC Ergo,41-60
1165,Female,48,Delhi,Star Health,41-60
1166,Female,26,Delhi,ICICI Lombard,26-40
1167,Female,42,Delhi,None,41-60
1168,Male,53,Noida,HDFC Ergo,41-60
1169,Female,54,Delhi,None,41-60
1170,Female,73,Other,Ayushman Bharat,60+
1171,Male,67,Faridabad,Ayushman Bharat,60+
1172,Male,21,Delhi,HDFC Ergo,13-25
1173,Male,75,Gurgaon,ICICI Lombard,60+
1174,Male,31,Noida,Star Health,26-40
1175,Female,62,Ghaziabad,HDFC Ergo,60+
1176,Female,43,Noida,Star Health,41-60
1177,Female,33,Delhi,Star Health,26-40
1178,Male,5,Gurgaon,HDFC Ergo,0-12
1179,Female,38,Delhi,Ayushman Bharat,26-40
1180,Female,10,Noida,ICICI Lombard,0-12
1181,Male,61,Delhi,HDFC Ergo,60+
1182,Female,72,Gurgaon,None,60+
1183,Male,26,Ghaziabad,ICICI Lombard,26-40
1184,Male,48,Delhi,None,41-60
1185,Male,27,Delhi,Ayushman Bharat,26-40
1186,Male,29,Gurgaon,Star Health,26-40
1187,Female,57,Delhi,None,41-60
1188,Male,41,Noida,None,41-60
1189,Male,76,Gurgaon,Ayushman Bharat,60+
1190,Male,32,Delhi,ICICI Lombard,26-40
1191,Male,61,Ghaziabad,ICICI Lombard,60+
1192,Male,43,Noida,ICICI Lombard,41-60
1193,Male,57,Gurgaon,None,41-60
1194,Female,33,Delhi,ICICI Lombard,26-40
1195,Male,41,Delhi,Star Health,41-60
1196,Female,39,Delhi,Star Health,26-40
1197,Male,25,Faridabad,Star Health,13-25
1198,Female,55,Faridabad,HDFC Ergo,41-60
1199,Female,55,Ghaziabad,HDFC Ergo,41-60
1200,Male,53,Delhi,None,41-60
1201,Male,72,Noida,HDFC Ergo,60+
1202,Female,70,Ghaziabad,HDFC Ergo,60+
1203,Male,34,Gurgaon,HDFC Ergo,26-40
1204,Female,49,Delhi,ICICI Lombard,41-60
1205,Male,29,Faridabad,Ayushman Bharat,26-40
1206,Male,42,Delhi,ICICI Lombard,41-60
1207,Male,30,Delhi,None,26-40
1208,Female,74,Faridabad,None,60+
1209,Male,49,Noida,None,41-60
1210,Female,37,Delhi,None,26-40
1211,Female,65,Noida,HDFC Ergo,60+
1212,Male,0,Other,Ayushman Bharat,0-12
1213,Male,1,Delhi,HDFC Ergo,0-12
1214,Male,57,Ghaziabad,None,41-60
1215,Male,43,Delhi,Star Health,41-60
1216,Female,47,Delhi,HDFC Ergo,41-60
1217,Male,15,Delhi,Star Health,13-25
1218,Male,41,Noida,Ayushman Bharat,41-60
1219,Female,82,Delhi,Ayushman Bharat,60+
1220,Female,58,Delhi,Star Health,41-60
1221,Female,45,Gurgaon,ICICI Lombard,41-60
1222,Female,33,Noida,HDFC Ergo,26-40
1223,Male,34,Gurgaon,None,26-40
1224,Female,0,Ghaziabad,Star Health,0-12
1225,Male,47,Delhi,Star Health,41-60
1226,Male,58,Delhi,Ayushman Bharat,41-60
1227,Male,10,Noida,Ayushman Bharat,0-12
1228,Female,28,Noida,None,26-40
1229,Female,18,Delhi,Ayushman Bharat,13-25
1230,Male,22,Delhi,None,13-25
1231,Female,43,Delhi,HDFC Ergo,41-60
1232,Female,0,Delhi,ICICI Lombard,0-12
1233,Male,54,Other,None,41-60
1234,Female,57,Noida,Star Health,41-60
1235,Male,36,Delhi,None,26-40
1236,Female,0,Noida,Star Health,0-12
1237,Male,22,Gurgaon,ICICI Lombard,13-25
1238,Male,66,Delhi,Star Health,60+
1239,Male,0,Delhi,Ayushman Bharat,0-12
1240,Male,35,Gurgaon,None,26-40
1241,Female,18,Delhi,Star Health,13-25
1242,Male,58,Noida,Star Health,41-60
1243,Male,28,Noida,HDFC Ergo,26-40
1244,Male,50,Ghaziabad,HDFC Ergo,41-60
1245,Female,53,Other,ICICI Lombard,41-60
1246,Female,78,Ghaziabad,None,60+
1247,Male,37,Noida,Star Health,26-40
1248,Male,49,Delhi,ICICI Lombard,41-60
1249,Male,12,Noida,ICICI Lombard,0-12
1250,Female,65,Ghaziabad,HDFC Ergo,60+
1251,Female,26,Other,HDFC Ergo,26-40
1252,Female,30,Ghaziabad,Ayushman Bharat,26-40
1253,Female,41,Delhi,Ayushman Bharat,41-60
1254,Male,10,Gurgaon,None,0-12
1255,Female,46,Faridabad,ICICI Lombard,41-60
1256,Male,61,Gurgaon,Ayushman Bharat,60+
1257,Male,47,Gurgaon,None,41-60
1258,Male,10,Noida,None,0-12
1259,Male,39,Gurgaon,None,26-40
1260,Female,56,Delhi,HDFC Ergo,41-60
1261,Male,4,Delhi,None,0-12
1262,Female,20,Ghaziabad,None,13-25
1263,Female,59,Other,None,41-60
1264,Female,47,Faridabad,Ayushman Bharat,41-60
1265,Female,50,Delhi,None,41-60
1266,Male,79,Delhi,ICICI Lombard,60+
1267,Male,51,Delhi,Ayushman Bharat,41-60
1268,Male,55,Ghaziabad,Ayushman Bharat,41-60
1269,Male,95,Gurgaon,Ayushman Bharat,60+
1270,Female,37,Other,None,26-40
1271,Male,26,Delhi,Star Health,26-40
1272,Male,50,Noida,HDFC Ergo,41-60
1273,Male,50,Ghaziabad,ICICI Lombard,41-60
1274,Male,31,Delhi,Ayushman Bharat,26-40
1275,Female,21,Other,Ayushman Bharat,13-25
1276,Male,88,Noida,None,60+
1277,Female,48,Delhi,None,41-60
1278,Female,27,Delhi,Ayushman Bharat,26-40
1279,Female,60,Faridabad,Star Health,41-60
1280,Male,39,Gurgaon,Ayushman Bharat,26-40
1281,Female,36,Ghaziabad,None,26-40
1282,Male,53,Ghaziabad,Ayushman Bharat,41-60
1283,Male,16,Delhi,None,13-25
1284,Female,49,Ghaziabad,None,41-60
1285,Female,80,Other,HDFC Ergo,60+
1286,Male,51,Delhi,Ayushman Bharat,41-60
1287,Female,34,Ghaziabad,ICICI Lombard,26-40
1288,Male,31,Delhi,ICICI Lombard,26-40
1289,Female,33,Delhi,HDFC Ergo,26-40
1290,Female,36,Delhi,HDFC Ergo,26-40
1291,Female,34,Faridabad,Star Health,26-40
1292,Female,60,Delhi,Ayushman Bharat,41-60
1293,Female,7,Delhi,Star Health,0-12
1294,Female,59,Gurgaon,ICICI Lombard,41-60
1295,Female,34,Delhi,ICICI Lombard,26-40
1296,Female,49,Ghaziabad,ICICI Lombard,41-60
1297,Male,19,Other,None,13-25
1298,Female,68,Delhi,ICICI Lombard,60+
1299,Male,66,Delhi,Star Health,60+
1300,Female,61,Other,None,60+
1301,Male,11,Delhi,None,0-12
1302,Male,58,Delhi,Ayushman Bharat,41-60
1303,Female,50,Other,None,41-60
1304,Male,9,Faridabad,Star Health,0-12
1305,Male,41,Gurgaon,None,41-60
1306,Female,49,Noida,HDFC Ergo,41-60
1307,Male,53,Faridabad,ICICI Lombard,41-60
1308,Male,45,Gurgaon,Star Health,41-60
1309,Male,47,Gurgaon,None,41-60
1310,Male,71,Ghaziabad,HDFC Ergo,60+
1311,Male,66,Gurgaon,HDFC Ergo,60+
1312,Male,0,Noida,Star Health,0-12
1313,Male,35,Delhi,Ayushman Bharat,26-40
1314,Male,38,Noida,HDFC Ergo,26-40
1315,Male,6,Noida,ICICI Lombard,0-12
1316,Female,43,Delhi,HDFC Ergo,41-60
1317,Female,66,Delhi,None,60+
1318,Male,20,Ghaziabad,HDFC Ergo,13-25
1319,Male,48,Delhi,None,41-60
1320,Female,23,Delhi,HDFC Ergo,13-25
1321,Female,28,Delhi,Star Health,26-40
1322,Male,71,Delhi,HDFC Ergo,60+
1323,Male,31,Ghaziabad,Star Health,26-40
1324,Male,51,Delhi,ICICI Lombard,41-60
1325,Female,4,Delhi,HDFC Ergo,0-12
1326,Female,79,Ghaziabad,None,60+
1327,Female,54,Delhi,ICICI Lombard,41-60
1328,Male,38,Delhi,HDFC Ergo,26-40
1329,Male,53,Ghaziabad,ICICI Lombard,41-60
1330,Male,13,Noida,Star Health,13-25
1331,Male,65,Ghaziabad,Star Health,60+
1332,Male,35,Ghaziabad,HDFC Ergo,26-40
1333,Female,37,Other,Star Health,26-40
1334,Male,32,Delhi,Star Health,26-40
1335,Female,30,Ghaziabad,None,26-40
1336,Male,55,Gurgaon,Ayushman Bharat,41-60
1337,Male,47,Delhi,None,41-60
1338,Female,55,Other,HDFC Ergo,41-60
1339,Female,41,Delhi,None,41-60
1340,Male,52,Faridabad,HDFC Ergo,41-60
1341,Female,33,Gurgaon,Star Health,26-40
1342,Male,86,Noida,None,60+
1343,Male,10,Delhi,Star Health,0-12
1344,Male,67,Faridabad,ICICI Lombard,60+
1345,Male,69,Noida,None,60+
1346,Female,24,Delhi,Ayushman Bharat,13-25
1347,Male,86,Delhi,ICICI Lombard,60+
1348,Female,61,Ghaziabad,HDFC Ergo,60+
1349,Female,61,Delhi,Star Health,60+
1350,Male,42,Noida,None,41-60
1351,Male,37,Gurgaon,Star Health,26-40
1352,Male,37,Delhi,HDFC Ergo,26-40
1353,Female,49,Noida,HDFC Ergo,41-60
1354,Female,70,Delhi,None,60+
1355,Female,45,Other,None,41-60
1356,Male,23,Faridabad,ICICI Lombard,13-25
1357,Male,58,Delhi,None,41-60
1358,Female,60,Noida,Star Health,41-60
1359,Male,55,Noida,None,41-60
1360,Female,56,Other,Star Health,41-60
1361,Male,36,Delhi,ICICI Lombard,26-40
1362,Male,23,Noida,Star Health,13-25
1363,Male,24,Other,None,13-25
1364,Male,9,Delhi,None,0-12
1365,Female,46,Noida,Ayushman Bharat,41-60
1366,Male,40,Delhi,HDFC Ergo,26-40
1367,Female,33,Gurgaon,HDFC Ergo,26-40
1368,Female,0,Delhi,ICICI Lombard,0-12
1369,Female,17,Other,HDFC Ergo,13-25
1370,Female,64,Delhi,Star Health,60+
1371,Female,28,Delhi,Ayushman Bharat,26-40
1372,Female,49,Ghaziabad,Ayushman Bharat,41-60
1373,Male,14,Ghaziabad,None,13-25
1374,Male,70,Gurgaon,ICICI Lombard,60+
1375,Female,39,Gurgaon,HDFC Ergo,26-40
1376,Male,47,Delhi,ICICI Lombard,41-60
1377,Male,88,Gurgaon,Star Health,60+
1378,Female,72,Delhi,Ayushman Bharat,60+
1379,Male,35,Delhi,None,26-40
1380,Female,30,Other,Star Health,26-40
1381,Female,35,Gurgaon,HDFC Ergo,26-40
1382,Male,52,Delhi,None,41-60
1383,Female,39,Delhi,ICICI Lombard,26-40
1384,Male,34,Other,ICICI Lombard,26-40
1385,Female,71,Delhi,Ayushman Bharat,60+
1386,Female,39,Delhi,Ayushman Bharat,26-40
1387,Male,87,Delhi,Star Health,60+
1388,Male,43,Delhi,None,41-60
1389,Male,77,Delhi,None,60+
1390,Male,49,Other,Star Health,41-60
1391,Male,61,Delhi,Star Health,60+
1392,Female,27,Noida,Ayushman Bharat,26-40
1393,Male,24,Gurgaon,Ayushman Bharat,13-25
1394,Female,51,Noida,ICICI Lombard,41-60
1395,Male,61,Gurgaon,ICICI Lombard,60+
1396,Female,42,Gurgaon,Ayushman Bharat,41-60
1397,Male,16,Gurgaon,ICICI Lombard,13-25
1398,Male,14,Gurgaon,Star Health,13-25
1399,Female,13,Ghaziabad,Star Health,13-25
1400,Male,6,Gurgaon,ICICI Lombard,0-12
1401,Female,44,Ghaziabad,None,41-60
1402,Male,64,Delhi,Ayushman Bharat,60+
1403,Female,41,Gurgaon,HDFC Ergo,41-60
1404,Female,0,Gurgaon,None,0-12
1405,Female,38,Delhi,ICICI Lombard,26-40
1406,Male,38,Faridabad,ICICI Lombard,26-40
1407,Male,83,Delhi,Star Health,60+
1408,Male,12,Delhi,Ayushman Bharat,0-12
1409,Male,34,Faridabad,Ayushman Bharat,26-40
1410,Male,76,Delhi,None,60+
1411,Female,50,Delhi,HDFC Ergo,41-60
1412,Female,53,Delhi,ICICI Lombard,41-60
1413,Female,44,Faridabad,Star Health,41-60
1414,Male,48,Noida,None,41-60
1415,Male,57,Gurgaon,Star Health,41-60
1416,Male,25,Ghaziabad,Ayushman Bharat,13-25
1417,Male,59,Gurgaon,Ayushman Bharat,41-60
1418,Male,14,Other,Star Health,13-25
1419,Male,48,Ghaziabad,HDFC Ergo,41-60
1420,Male,45,Delhi,Star Health,41-60
1421,Female,29,Other,Ayushman Bharat,26-40
1422,Male,41,Noida,None,41-60
1423,Male,29,Delhi,ICICI Lombard,26-40
1424,Male,20,Delhi,None,13-25
1425,Male,34,Gurgaon,Star Health,26-40
1426,Female,19,Delhi,ICICI Lombard,13-25
1427,Male,48,Noida,None,41-60
1428,Female,18,Delhi,None,13-25
1429,Male,56,Noida,HDFC Ergo,41-60
1430,Male,18,Delhi,Ayushman Bharat,13-25
1431,Female,30,Ghaziabad,None,26-40
1432,Male,29,Delhi,None,26-40
1433,Female,68,Delhi,Ayushman Bharat,60+
1434,Male,48,Delhi,Star Health,41-60
1435,Female,37,Noida,Star Health,26-40
1436,Male,51,Gurgaon,Ayushman Bharat,41-60
1437,Male,0,Noida,ICICI Lombard,0-12
1438,Female,41,Delhi,HDFC Ergo,41-60
1439,Male,81,Faridabad,HDFC Ergo,60+
1440,Male,44,Noida,ICICI Lombard,41-60
1441,Female,43,Delhi,ICICI Lombard,41-60
1442,Female,52,Ghaziabad,ICICI Lombard,41-60
1443,Female,59,Gurgaon,ICICI Lombard,41-60
1444,Female,2,Gurgaon,Star Health,0-12
1445,Female,8,Delhi,None,0-12
1446,Female,46,Delhi,Ayushman Bharat,41-60
1447,Female,27,Noida,Star Health,26-40
1448,Male,68,Delhi,ICICI Lombard,60+
1449,Male,35,Delhi,ICICI Lombard,26-40
1450,Female,3,Other,Ayushman Bharat,0-12
1451,Female,16,Gurgaon,Ayushman Bharat,13-25
1452,Male,0,Delhi,Ayushman Bharat,0-12
1453,Male,37,Delhi,Ayushman Bharat,26-40
1454,Male,38,Gurgaon,Star Health,26-40
1455,Male,33,Delhi,HDFC Ergo,26-40
1456,Female,63,Delhi,Star Health,60+
1457,Male,65,Delhi,ICICI Lombard,60+
1458,Female,38,Gurgaon,ICICI Lombard,26-40
1459,Female,0,Gurgaon,Ayushman Bharat,0-12
1460,Female,54,Delhi,Star Health,41-60
1461,Male,53,Delhi,Ayushman Bharat,41-60
1462,Female,48,Gurgaon,HDFC Ergo,41-60
1463,Female,61,Noida,ICICI Lombard,60+
1464,Female,18,Gurgaon,Ayushman Bharat,13-25
1465,Male,82,Delhi,Star Health,60+
1466,Male,22,Gurgaon,HDFC Ergo,13-25
1467,Female,56,Other,ICICI Lombard,41-60
1468,Male,8,Gurgaon,Ayushman Bharat,0-12
1469,Male,23,Delhi,Star Health,13-25
1470,Female,72,Gurgaon,None,60+
1471,Female,36,Delhi,None,26-40
1472,Male,58,Delhi,None,41-60
1473,Male,46,Delhi,HDFC Ergo,41-60
1474,Male,39,Faridabad,Ayushman Bharat,26-40
1475,Female,69,Delhi,Star Health,60+
1476,Female,37,Faridabad,None,26-40
1477,Male,6,Noida,ICICI Lombard,0-12
1478,Male,25,Noida,Star Health,13-25
1479,Male,53,Delhi,HDFC Ergo,41-60
1480,Male,49,Gurgaon,None,41-60
1481,Female,10,Delhi,None,0-12
1482,Male,27,Noida,ICICI Lombard,26-40
1483,Male,30,Delhi,ICICI Lombard,26-40
1484,Male,34,Delhi,None,26-40
1485,Male,14,Noida,None,13-25
1486,Female,29,Delhi,None,26-40
1487,Female,27,Delhi,ICICI Lombard,26-40
1488,Female,57,Other,Ayushman Bharat,41-60
1489,Male,58,Delhi,None,41-60
1490,Female,39,Delhi,Star Health,26-40
1491,Male,34,Delhi,ICICI Lombard,26-40
1492,Female,44,Delhi,Star Health,41-60
1493,Female,25,Gurgaon,ICICI Lombard,13-25
1494,Male,19,Delhi,None,13-25
1495,Female,23,Noida,Star Health,13-25
1496,Male,29,Gurgaon,ICICI Lombard,26-40
1497,Female,18,Delhi,Star Health,13-25
1498,Male,45,Other,None,41-60
1499,Male,56,Other,None,41-60
1500,Male,10,Delhi,ICICI Lombard,0-12
1501,Male,42,Delhi,Ayushman Bharat,41-60
1502,Male,37,Delhi,Star Health,26-40
1503,Male,48,Delhi,None,41-60
1504,Female,41,Noida,Ayushman Bharat,41-60
1505,Male,12,Noida,Star Health,0-12
1506,Male,16,Delhi,None,13-25
1507,Female,42,Delhi,Star Health,41-60
1508,Female,62,Delhi,Ayushman Bharat,60+
1509,Male,0,Other,Star Health,0-12
1510,Male,48,Other,Ayushman Bharat,41-60
1511,Female,65,Delhi,Star Health,60+
1512,Female,38,Gurgaon,Star Health,26-40
1513,Male,53,Noida,ICICI Lombard,41-60
1514,Female,27,Gurgaon,None,26-40
1515,Male,39,Noida,HDFC Ergo,26-40
1516,Male,9,Faridabad,Ayushman Bharat,0-12
1517,Female,0,Delhi,ICICI Lombard,0-12
1518,Female,60,Delhi,None,41-60
1519,Female,22,Other,HDFC Ergo,13-25
1520,Male,32,Delhi,Ayushman Bharat,26-40
1521,Male,14,Delhi,None,13-25
1522,Male,13,Gurgaon,HDFC Ergo,13-25
1523,Male,38,Ghaziabad,ICICI Lombard,26-40
1524,Male,27,Gurgaon,None,26-40
1525,Male,49,Ghaziabad,HDFC Ergo,41-60
1526,Female,51,Gurgaon,ICICI Lombard,41-60
1527,Female,48,Delhi,HDFC Ergo,41-60
1528,Male,46,Gurgaon,None,41-60
1529,Male,73,Ghaziabad,None,60+
1530,Female,20,Faridabad,Ayushman Bharat,13-25
1531,Male,40,Delhi,Ayushman Bharat,26-40
1532,Female,64,Delhi,ICICI Lombard,60+
1533,Male,67,Ghaziabad,Star Health,60+
1534,Female,13,Delhi,Star Health,13-25
1535,Female,35,Delhi,Star Health,26-40
1536,Female,69,Ghaziabad,Star Health,60+
1537,Female,52,Noida,Ayushman Bharat,41-60
1538,Female,45,Delhi,Star Health,41-60
1539,Male,37,Delhi,Star Health,26-40
1540,Female,34,Delhi,ICICI Lombard,26-40
1541,Female,47,Ghaziabad,HDFC Ergo,41-60
1542,Female,36,Noida,Star Health,26-40
1543,Male,41,Delhi,Star Health,41-60
1544,Male,43,Delhi,HDFC Ergo,41-60
1545,Female,28,Delhi,ICICI Lombard,26-40
1546,Female,52,Delhi,None,41-60
1547,Male,95,Delhi,None,60+
1548,Male,6,Noida,None,0-12
1549,Male,48,Delhi,Ayushman Bharat,41-60
1550,Male,26,Delhi,None,26-40
1551,Male,53,Noida,ICICI Lombard,41-60
1552,Male,42,Delhi,Ayushman Bharat,41-60
1553,Male,57,Delhi,ICICI Lombard,41-60
1554,Female,65,Delhi,HDFC Ergo,60+
1555,Male,45,Delhi,HDFC Ergo,41-60
1556,Male,64,Delhi,Star Health,60+
1557,Male,0,Gurgaon,None,0-12
1558,Male,73,Delhi,Star Health,60+
1559,Female,49,Ghaziabad,Ayushman Bharat,41-60
1560,Female,63,Gurgaon,None,60+
1561,Male,17,Delhi,ICICI Lombard,13-25
1562,Male,25,Delhi,Star Health,13-25
1563,Male,44,Delhi,ICICI Lombard,41-60
1564,Male,41,Delhi,HDFC Ergo,41-60
1565,Male,47,Noida,None,41-60
1566,Male,63,Delhi,Ayushman Bharat,60+
1567,Male,6,Ghaziabad,Ayushman Bharat,0-12
1568,Female,61,Noida,ICICI Lombard,60+
1569,Male,42,Gurgaon,Ayushman Bharat,41-60
1570,Male,37,Ghaziabad,Ayushman Bharat,26-40
1571,Male,12,Noida,Star Health,0-12
1572,Male,52,Other,HDFC Ergo,41-60
1573,Male,0,Other,Star Health,0-12
1574,Male,54,Delhi,ICICI Lombard,41-60
1575,Male,12,Delhi,None,0-12
1576,Male,43,Delhi,Ayushman Bharat,41-60
1577,Female,39,Delhi,ICICI Lombard,26-40
1578,Female,65,Noida,None,60+
1579,Male,38,Delhi,Star Health,26-40
1580,Male,28,Noida,Star Health,26-40
1581,Female,31,Ghaziabad,None,26-40
1582,Female,67,Delhi,None,60+
1583,Male,52,Noida,Ayushman Bharat,41-60
1584,Male,34,Delhi,HDFC Ergo,26-40
1585,Male,37,Ghaziabad,None,26-40
1586,Female,10,Gurgaon,None,0-12
1587,Male,49,Delhi,Ayushman Bharat,41-60
1588,Male,6,Gurgaon,HDFC Ergo,0-12
1589,Male,57,Delhi,ICICI Lombard,41-60
1590,Male,44,Gurgaon,None,41-60
1591,Male,89,Noida,None,60+
1592,Female,19,Delhi,Ayushman Bharat,13-25
1593,Male,39,Gurgaon,ICICI Lombard,26-40
1594,Male,77,Faridabad,Ayushman Bharat,60+
1595,Male,65,Ghaziabad,ICICI Lombard,60+
1596,Female,28,Noida,ICICI Lombard,26-40
1597,Male,46,Gurgaon,Star Health,41-60
1598,Male,42,Delhi,Star Health,41-60
1599,Male,47,Ghaziabad,None,41-60
1600,Female,28,Ghaziabad,Star Health,26-40
1601,Female,40,Delhi,Star Health,26-40
1602,Female,10,Delhi,None,0-12
1603,Female,44,Delhi,Ayushman Bharat,41-60
1604,Male,51,Delhi,Star Health,41-60
1605,Male,37,Delhi,HDFC Ergo,26-40
1606,Male,9,Delhi,None,0-12
1607,Female,61,Noida,ICICI Lombard,60+
1608,Female,49,Delhi,ICICI Lombard,41-60
1609,Male,27,Delhi,ICICI Lombard,26-40
1610,Female,36,Gurgaon,HDFC Ergo,26-40
1611,Male,11,Delhi,Ayushman Bharat,0-12
1612,Male,21,Delhi,Star Health,13-25
1613,Male,31,Ghaziabad,ICICI Lombard,26-40
1614,Female,66,Other,Star Health,60+
1615,Female,29,Noida,Star Health,26-40
1616,Male,54,Delhi,Star Health,41-60
1617,Female,31,Delhi,None,26-40
1618,Female,46,Other,Star Health,41-60
1619,Female,39,Gurgaon,HDFC Ergo,26-40
1620,Female,59,Ghaziabad,Star Health,41-60
1621,Male,31,Gurgaon,Ayushman Bharat,26-40
1622,Female,10,Delhi,ICICI Lombard,0-12
1623,Female,14,Delhi,None,13-25
1624,Female,31,Ghaziabad,Ayushman Bharat,26-40
1625,Male,17,Faridabad,ICICI Lombard,13-25
1626,Female,50,Delhi,Ayushman Bharat,41-60
1627,Female,32,Noida,Star Health,26-40
1628,Male,89,Delhi,None,60+
1629,Female,7,Other,None,0-12
1630,Male,46,Delhi,HDFC Ergo,41-60
1631,Male,19,Gurgaon,Ayushman Bharat,13-25
1632,Male,32,Delhi,HDFC Ergo,26-40
1633,Female,44,Gurgaon,ICICI Lombard,41-60
1634,Female,0,Gurgaon,None,0-12
1635,Male,46,Delhi,None,41-60
1636,Female,80,Ghaziabad,HDFC Ergo,60+
1637,Male,32,Faridabad,Ayushman Bharat,26-40
1638,Male,47,Faridabad,Ayushman Bharat,41-60
1639,Female,62,Delhi,HDFC Ergo,60+
1640,Female,38,Gurgaon,Ayushman Bharat,26-40
1641,Female,30,Noida,Ayushman Bharat,26-40
1642,Female,0,Noida,None,0-12
1643,Female,54,Noida,None,41-60
1644,Male,39,Gurgaon,Star Health,26-40
1645,Male,21,Delhi,HDFC Ergo,13-25
1646,Male,44,Delhi,Star Health,41-60
1647,Female,30,Delhi,Star Health,26-40
1648,Female,31,Delhi,ICICI Lombard,26-40
1649,Female,54,Delhi,None,41-60
1650,Male,15,Delhi,ICICI Lombard,13-25
1651,Male,62,Ghaziabad,Ayushman Bharat,60+
1652,Female,14,Noida,HDFC Ergo,13-25
1653,Female,28,Delhi,HDFC Ergo,26-40
1654,Male,80,Ghaziabad,None,60+
1655,Male,64,Faridabad,Ayushman Bharat,60+
1656,Male,43,Faridabad,HDFC Ergo,41-60
1657,Male,23,Ghaziabad,None,13-25
1658,Male,31,Other,ICICI Lombard,26-40
1659,Male,43,Noida,Star Health,41-60
1660,Female,42,Other,ICICI Lombard,41-60
1661,Male,40,Other,Ayushman Bharat,26-40
1662,Male,41,Delhi,HDFC Ergo,41-60
1663,Male,37,Faridabad,None,26-40
1664,Female,13,Ghaziabad,ICICI Lombard,13-25
1665,Male,31,Ghaziabad,ICICI Lombard,26-40
1666,Male,60,Faridabad,None,41-60
1667,Male,14,Delhi,ICICI Lombard,13-25
1668,Female,38,Delhi,ICICI Lombard,26-40
1669,Female,25,Gurgaon,Star Health,13-25
1670,Male,44,Gurgaon,HDFC Ergo,41-60
1671,Male,34,Faridabad,ICICI Lombard,26-40
1672,Male,71,Faridabad,Star Health,60+
1673,Female,52,Gurgaon,Ayushman Bharat,41-60
1674,Female,15,Other,Star Health,13-25
1675,Male,55,Delhi,HDFC Ergo,41-60
1676,Male,26,Other,Ayushman Bharat,26-40
1677,Female,30,Delhi,HDFC Ergo,26-40
1678,Female,48,Noida,Ayushman Bharat,41-60
1679,Male,32,Delhi,Ayushman Bharat,26-40
1680,Male,59,Noida,HDFC Ergo,41-60
1681,Male,26,Delhi,Star Health,26-40
1682,Female,29,Delhi,ICICI Lombard,26-40
1683,Female,28,Gurgaon,Star Health,26-40
1684,Female,30,Gurgaon,ICICI Lombard,26-40
1685,Female,63,Delhi,Ayushman Bharat,60+
1686,Male,54,Gurgaon,Ayushman Bharat,41-60
1687,Male,76,Delhi,ICICI Lombard,60+
1688,Male,87,Delhi,None,60+
1689,Female,21,Delhi,Star Health,13-25
1690,Female,43,Noida,None,41-60
1691,Male,18,Ghaziabad,None,13-25
1692,Male,26,Noida,ICICI Lombard,26-40
1693,Female,29,Ghaziabad,Star Health,26-40
1694,Female,20,Noida,Star Health,13-25
1695,Female,20,Ghaziabad,None,13-25
1696,Male,39,Other,HDFC Ergo,26-40
1697,Female,17,Delhi,None,13-25
1698,Female,58,Delhi,ICICI Lombard,41-60
1699,Female,23,Delhi,ICICI Lombard,13-25
1700,Female,95,Noida,Ayushman Bharat,60+
1701,Female,32,Noida,HDFC Ergo,26-40
1702,Female,43,Delhi,ICICI Lombard,41-60
1703,Female,16,Faridabad,None,13-25
1704,Male,76,Other,HDFC Ergo,60+
1705,Male,64,Delhi,None,60+
1706,Female,47,Delhi,None,41-60
1707,Female,15,Delhi,Star Health,13-25
1708,Male,46,Delhi,ICICI Lombard,41-60
1709,Male,19,Faridabad,Star Health,13-25
1710,Female,71,Noida,Ayushman Bharat,60+
1711,Female,58,Delhi,None,41-60
1712,Female,43,Noida,None,41-60
1713,Male,0,Delhi,None,0-12
1714,Female,22,Delhi,HDFC Ergo,13-25
1715,Female,55,Delhi,ICICI Lombard,41-60
1716,Male,66,Gurgaon,HDFC Ergo,60+
1717,Male,64,Noida,None,60+
1718,Female,10,Faridabad,Star Health,0-12
1719,Male,48,Delhi,Star Health,41-60
1720,Female,62,Ghaziabad,Star Health,60+
1721,Female,8,Delhi,Star Health,0-12
1722,Female,41,Delhi,Star Health,41-60
1723,Male,47,Faridabad,Star Health,41-60
1724,Female,35,Gurgaon,None,26-40
1725,Male,4,Delhi,None,0-12
1726,Female,35,Noida,HDFC Ergo,26-40
1727,Male,35,Gurgaon,None,26-40
1728,Female,39,Other,ICICI Lombard,26-40
1729,Female,30,Gurgaon,None,26-40
1730,Male,33,Delhi,HDFC Ergo,26-40
1731,Male,41,Noida,Ayushman Bharat,41-60
1732,Female,50,Delhi,ICICI Lombard,41-60
1733,Male,35,Delhi,Star Health,26-40
1734,Male,33,Noida,Ayushman Bharat,26-40
1735,Male,43,Ghaziabad,None,41-60
1736,Female,3,Delhi,None,0-12
1737,Female,51,Ghaziabad,HDFC Ergo,41-60
1738,Male,41,Gurgaon,ICICI Lombard,41-60
1739,Female,42,Ghaziabad,None,41-60
1740,Male,61,Delhi,Star Health,60+
1741,Male,2,Delhi,Star Health,0-12
1742,Male,2,Delhi,HDFC Ergo,0-12
1743,Male,47,Delhi,HDFC Ergo,41-60
1744,Male,41,Delhi,HDFC Ergo,41-60
1745,Female,45,Delhi,Star Health,41-60
1746,Male,32,Delhi,Ayushman Bharat,26-40
1747,Female,55,Delhi,Ayushman Bharat,41-60
1748,Male,60,Faridabad,None,41-60
1749,Male,51,Ghaziabad,Ayushman Bharat,41-60
1750,Male,36,Delhi,ICICI Lombard,26-40
1751,Female,0,Other,None,0-12
1752,Female,57,Delhi,Ayushman Bharat,41-60
1753,Male,66,Delhi,ICICI Lombard,60+
1754,Male,54,Ghaziabad,HDFC Ergo,41-60
1755,Male,24,Delhi,Ayushman Bharat,13-25
1756,Female,55,Delhi,Ayushman Bharat,41-60
1757,Male,59,Delhi,Ayushman Bharat,41-60
1758,Female,73,Noida,None,60+
1759,Male,24,Gurgaon,None,13-25
1760,Male,37,Delhi,None,26-40
1761,Female,56,Delhi,Ayushman Bharat,41-60
1762,Male,43,Delhi,None,41-60
1763,Male,19,Noida,None,13-25
1764,Female,50,Delhi,Star Health,41-60
1765,Male,53,Faridabad,Ayushman Bharat,41-60
1766,Male,43,Gurgaon,Star Health,41-60
1767,Male,46,Delhi,HDFC Ergo,41-60
1768,Male,36,Gurgaon,HDFC Ergo,26-40
1769,Female,71,Delhi,ICICI Lombard,60+
1770,Male,23,Delhi,Star Health,13-25
1771,Female,30,Delhi,HDFC Ergo,26-40
1772,Female,42,Noida,Star Health,41-60
1773,Female,59,Gurgaon,Ayushman Bharat,41-60
1774,Female,12,Other,None,0-12
1775,Female,15,Delhi,None,13-25
1776,Female,1,Delhi,ICICI Lombard,0-12
1777,Male,42,Gurgaon,HDFC Ergo,41-60
1778,Male,19,Delhi,None,13-25
1779,Female,34,Delhi,Star Health,26-40
1780,Male,55,Other,None,41-60
1781,Female,29,Ghaziabad,Ayushman Bharat,26-40
1782,Male,46,Other,ICICI Lombard,41-60
1783,Female,36,Delhi,Star Health,26-40
1784,Male,55,Delhi,Star Health,41-60
1785,Female,51,Delhi,ICICI Lombard,41-60
1786,Male,28,Other,ICICI Lombard,26-40
1787,Male,38,Delhi,None,26-40
1788,Female,62,Delhi,Ayushman Bharat,60+
1789,Female,49,Delhi,ICICI Lombard,41-60
1790,Female,14,Ghaziabad,HDFC Ergo,13-25
1791,Female,55,Ghaziabad,ICICI Lombard,41-60
1792,Male,20,Gurgaon,Star Health,13-25
1793,Female,70,Delhi,Ayushman Bharat,60+
1794,Male,62,Gurgaon,Ayushman Bharat,60+
1795,Female,47,Delhi,None,41-60
1796,Male,45,Delhi,ICICI Lombard,41-60
1797,Male,37,Delhi,HDFC Ergo,26-40
1798,Female,55,Noida,None,41-60
1799,Female,34,Delhi,Ayushman Bharat,26-40
1800,Male,46,Other,Ayushman Bharat,41-60
1801,Female,59,Noida,ICICI Lombard,41-60
1802,Female,30,Delhi,None,26-40
1803,Male,29,Gurgaon,HDFC Ergo,26-40
1804,Female,18,Gurgaon,ICICI Lombard,13-25
1805,Male,20,Delhi,None,13-25
1806,Male,5,Gurgaon,Star Health,0-12
1807,Female,56,Delhi,None,41-60
1808,Male,78,Delhi,HDFC Ergo,60+
1809,Male,70,Gurgaon,Star Health,60+
1810,Female,9,Noida,Star Health,0-12
1811,Male,56,Delhi,None,41-60
1812,Female,70,Delhi,None,60+
1813,Female,32,Noida,HDFC Ergo,26-40
1814,Male,44,Delhi,Star Health,41-60
1815,Female,1,Faridabad,HDFC Ergo,0-12
1816,Male,47,Noida,HDFC Ergo,41-60
1817,Female,20,Faridabad,Ayushman Bharat,13-25
1818,Male,45,Delhi,HDFC Ergo,41-60
1819,Female,10,Ghaziabad,HDFC Ergo,0-12
1820,Male,52,Delhi,Star Health,41-60
1821,Female,62,Delhi,Ayushman Bharat,60+
1822,Male,26,Delhi,Ayushman Bharat,26-40
1823,Male,19,Delhi,Ayushman Bharat,13-25
1824,Male,0,Faridabad,Ayushman Bharat,0-12
1825,Female,36,Gurgaon,None,26-40
1826,Female,30,Gurgaon,ICICI Lombard,26-40
1827,Male,10,Noida,None,0-12
1828,Male,51,Noida,Ayushman Bharat,41-60
1829,Male,33,Gurgaon,Star Health,26-40
1830,Male,20,Ghaziabad,None,13-25
1831,Female,30,Noida,Ayushman Bharat,26-40
1832,Female,63,Gurgaon,Ayushman Bharat,60+
1833,Female,54,Delhi,Star Health,41-60
1834,Male,39,Other,ICICI Lombard,26-40
1835,Male,54,Delhi,None,41-60
1836,Female,18,Delhi,HDFC Ergo,13-25
1837,Male,42,Faridabad,Star Health,41-60
1838,Female,44,Delhi,HDFC Ergo,41-60
1839,Male,32,Delhi,ICICI Lombard,26-40
1840,Male,50,Delhi,None,41-60
1841,Female,26,Delhi,Ayushman Bharat,26-40
1842,Male,52,Other,None,41-60
1843,Female,53,Ghaziabad,ICICI Lombard,41-60
1844,Male,0,Noida,ICICI Lombard,0-12
1845,Male,65,Other,HDFC Ergo,60+
1846,Male,0,Gurgaon,HDFC Ergo,0-12
1847,Male,29,Faridabad,Ayushman Bharat,26-40
1848,Male,62,Delhi,Star Health,60+
1849,Male,35,Noida,HDFC Ergo,26-40
1850,Female,12,Delhi,None,0-12
1851,Female,20,Delhi,Ayushman Bharat,13-25
1852,Male,62,Gurgaon,Star Health,60+
1853,Male,3,Delhi,Ayushman Bharat,0-12
1854,Male,64,Noida,ICICI Lombard,60+
1855,Female,40,Gurgaon,None,26-40
1856,Female,18,Delhi,Ayushman Bharat,13-25
1857,Male,30,Delhi,Star Health,26-40
1858,Female,21,Gurgaon,HDFC Ergo,13-25
1859,Male,59,Faridabad,HDFC Ergo,41-60
1860,Male,56,Delhi,Ayushman Bharat,41-60
1861,Male,7,Other,ICICI Lombard,0-12
1862,Female,33,Ghaziabad,Ayushman Bharat,26-40
1863,Male,24,Gurgaon,ICICI Lombard,13-25
1864,Male,67,Delhi,HDFC Ergo,60+
1865,Male,14,Gurgaon,Star Health,13-25
1866,Female,74,Ghaziabad,HDFC Ergo,60+
1867,Male,41,Delhi,ICICI Lombard,41-60
1868,Male,18,Other,Ayushman Bharat,13-25
1869,Male,28,Faridabad,None,26-40
1870,Female,25,Noida,HDFC Ergo,13-25
1871,Male,16,Gurgaon,Ayushman Bharat,13-25
1872,Female,43,Noida,Star Health,41-60
1873,Male,17,Ghaziabad,Ayushman Bharat,13-25
1874,Male,0,Ghaziabad,Star Health,0-12
1875,Female,34,Delhi,Ayushman Bharat,26-40
1876,Female,5,Delhi,Star Health,0-12
1877,Male,26,Delhi,Star Health,26-40
1878,Female,23,Faridabad,Ayushman Bharat,13-25
1879,Female,24,Delhi,HDFC Ergo,13-25
1880,Male,82,Faridabad,ICICI Lombard,60+
1881,Female,43,Noida,HDFC Ergo,41-60
1882,Female,46,Delhi,None,41-60
1883,Male,6,Faridabad,HDFC Ergo,0-12
1884,Female,28,Noida,ICICI Lombard,26-40
1885,Male,46,Delhi,None,41-60
1886,Male,21,Delhi,Ayushman Bharat,13-25
1887,Female,60,Delhi,HDFC Ergo,41-60
1888,Female,17,Delhi,Ayushman Bharat,13-25
1889,Female,36,Delhi,Star Health,26-40
1890,Female,30,Gurgaon,ICICI Lombard,26-40
1891,Female,45,Delhi,ICICI Lombard,41-60
1892,Male,29,Delhi,None,26-40
1893,Female,36,Delhi,None,26-40
1894,Female,37,Delhi,Star Health,26-40
1895,Female,27,Other,Star Health,26-40
1896,Male,51,Delhi,ICICI Lombard,41-60
1897,Male,46,Delhi,ICICI Lombard,41-60
1898,Male,40,Noida,HDFC Ergo,26-40
1899,Male,33,Faridabad,Ayushman Bharat,26-40
1900,Male,57,Ghaziabad,ICICI Lombard,41-60
1901,Female,37,Ghaziabad,None,26-40
1902,Female,35,Other,ICICI Lombard,26-40
1903,Male,44,Gurgaon,Star Health,41-60
1904,Male,75,Other,HDFC Ergo,60+
1905,Female,15,Delhi,Ayushman Bharat,13-25
1906,Male,57,Ghaziabad,HDFC Ergo,41-60
1907,Female,4,Faridabad,HDFC Ergo,0-12
1908,Male,46,Faridabad,HDFC Ergo,41-60
1909,Male,73,Noida,Ayushman Bharat,60+
1910,Male,51,Ghaziabad,None,41-60
1911,Female,45,Delhi,HDFC Ergo,41-60
1912,Male,30,Gurgaon,Star Health,26-40
1913,Female,42,Delhi,ICICI Lombard,41-60
1914,Male,36,Noida,HDFC Ergo,26-40
1915,Male,26,Gurgaon,None,26-40
1916,Female,36,Delhi,ICICI Lombard,26-40
1917,Male,45,Delhi,Ayushman Bharat,41-60
1918,Male,26,Delhi,None,26-40
1919,Male,25,Gurgaon,Ayushman Bharat,13-25
1920,Female,14,Gurgaon,HDFC Ergo,13-25
1921,Male,49,Gurgaon,Ayushman Bharat,41-60
1922,Male,52,Delhi,ICICI Lombard,41-60
1923,Female,46,Ghaziabad,ICICI Lombard,41-60
1924,Female,61,Gurgaon,None,60+
1925,Female,43,Delhi,HDFC Ergo,41-60
1926,Female,49,Delhi,ICICI Lombard,41-60
1927,Female,48,Noida,Star Health,41-60
1928,Male,40,Delhi,Star Health,26-40
1929,Male,31,Delhi,Ayushman Bharat,26-40
1930,Female,86,Delhi,None,60+
1931,Female,32,Delhi,Ayushman Bharat,26-40
1932,Female,28,Delhi,HDFC Ergo,26-40
1933,Female,50,Delhi,Star Health,41-60
1934,Male,47,Ghaziabad,ICICI Lombard,41-60
1935,Male,13,Noida,ICICI Lombard,13-25
1936,Female,64,Delhi,None,60+
1937,Male,40,Gurgaon,Ayushman Bharat,26-40
1938,Female,19,Noida,None,13-25
1939,Female,65,Delhi,None,60+
1940,Male,54,Delhi,HDFC Ergo,41-60
1941,Female,16,Delhi,Ayushman Bharat,13-25
1942,Female,77,Noida,Ayushman Bharat,60+
1943,Female,55,Noida,None,41-60
1944,Male,41,Delhi,ICICI Lombard,41-60
1945,Female,73,Noida,Ayushman Bharat,60+
1946,Male,45,Other,ICICI Lombard,41-60
1947,Female,41,Delhi,Ayushman Bharat,41-60
1948,Male,28,Noida,None,26-40
1949,Female,53,Noida,None,41-60
1950,Female,51,Gurgaon,Star Health,41-60
1951,Female,42,Gurgaon,HDFC Ergo,41-60
1952,Female,26,Gurgaon,None,26-40
1953,Male,44,Delhi,Ayushman Bharat,41-60
1954,Female,40,Delhi,None,26-40
1955,Male,15,Ghaziabad,HDFC Ergo,13-25
1956,Female,12,Delhi,None,0-12
1957,Male,53,Other,Ayushman Bharat,41-60
1958,Female,0,Delhi,Star Health,0-12
1959,Male,46,Noida,Star Health,41-60
1960,Female,32,Noida,Ayushman Bharat,26-40
1961,Female,68,Delhi,Star Health,60+
1962,Male,32,Ghaziabad,None,26-40
1963,Male,55,Delhi,Ayushman Bharat,41-60
1964,Female,34,Noida,ICICI Lombard,26-40
1965,Female,44,Gurgaon,HDFC Ergo,41-60
1966,Male,56,Faridabad,None,41-60
1967,Male,32,Gurgaon,Ayushman Bharat,26-40
1968,Male,61,Other,None,60+
1969,Female,22,Faridabad,None,13-25
1970,Female,47,Delhi,Ayushman Bharat,41-60
1971,Male,60,Faridabad,None,41-60
1972,Female,55,Other,Ayushman Bharat,41-60
1973,Female,80,Delhi,ICICI Lombard,60+
1974,Female,26,Gurgaon,HDFC Ergo,26-40
1975,Male,14,Delhi,HDFC Ergo,13-25
1976,Male,22,Gurgaon,Ayushman Bharat,13-25
1977,Male,55,Delhi,HDFC Ergo,41-60
1978,Male,51,Gurgaon,Ayushman Bharat,41-60
1979,Male,44,Delhi,None,41-60
1980,Male,19,Noida,ICICI Lombard,13-25
1981,Male,57,Delhi,Star Health,41-60
1982,Female,17,Gurgaon,Ayushman Bharat,13-25
1983,Male,65,Noida,Star Health,60+
1984,Female,95,Gurgaon,None,60+
1985,Male,49,Delhi,ICICI Lombard,41-60
1986,Female,53,Delhi,ICICI Lombard,41-60
1987,Male,32,Delhi,Ayushman Bharat,26-40
1988,Female,5,Other,ICICI Lombard,0-12
1989,Female,29,Delhi,HDFC Ergo,26-40
1990,Male,20,Gurgaon,HDFC Ergo,13-25
1991,Female,13,Delhi,ICICI Lombard,13-25
1992,Male,76,Gurgaon,None,60+
1993,Female,47,Delhi,Star Health,41-60
1994,Male,49,Noida,HDFC Ergo,41-60
1995,Male,35,Delhi,Star Health,26-40
1996,Male,38,Delhi,ICICI Lombard,26-40
1997,Female,61,Delhi,Star Health,60+
1998,Male,41,Delhi,None,41-60
1999,Female,52,Noida,Star Health,41-60
2000,Male,38,Other,Ayushman Bharat,26-40
2001,Male,35,Noida,HDFC Ergo,26-40
2002,Male,13,Faridabad,ICICI Lombard,13-25
2003,Female,2,Noida,Star Health,0-12
2004,Female,36,Delhi,Ayushman Bharat,26-40
2005,Male,43,Delhi,None,41-60
2006,Female,16,Delhi,HDFC Ergo,13-25
2007,Male,41,Delhi,None,41-60
2008,Male,43,Faridabad,HDFC Ergo,41-60
2009,Female,0,Gurgaon,Ayushman Bharat,0-12
2010,Male,23,Noida,Ayushman Bharat,13-25
2011,Male,50,Noida,Star Health,41-60
2012,Female,49,Delhi,ICICI Lombard,41-60
2013,Male,18,Gurgaon,Star Health,13-25
2014,Female,45,Delhi,Ayushman Bharat,41-60
2015,Female,62,Delhi,ICICI Lombard,60+
2016,Female,57,Delhi,None,41-60
2017,Female,40,Delhi,HDFC Ergo,26-40
2018,Female,32,Gurgaon,None,26-40
2019,Male,29,Delhi,Star Health,26-40
2020,Female,51,Delhi,Ayushman Bharat,41-60
2021,Female,45,Faridabad,HDFC Ergo,41-60
2022,Female,54,Other,Star Health,41-60
2023,Male,44,Noida,Star Health,41-60
2024,Female,58,Noida,Ayushman Bharat,41-60
2025,Female,43,Ghaziabad,HDFC Ergo,41-60
2026,Male,57,Delhi,Ayushman Bharat,41-60
2027,Female,59,Delhi,None,41-60
2028,Male,25,Delhi,HDFC Ergo,13-25
2029,Male,5,Delhi,Star Health,0-12
2030,Female,72,Other,Star Health,60+
2031,Male,47,Ghaziabad,Star Health,41-60
2032,Male,7,Other,ICICI Lombard,0-12
2033,Male,27,Gurgaon,Ayushman Bharat,26-40
2034,Male,57,Gurgaon,HDFC Ergo,41-60
2035,Female,36,Ghaziabad,Star Health,26-40
2036,Female,31,Gurgaon,Ayushman Bharat,26-40
2037,Female,70,Noida,HDFC Ergo,60+
2038,Male,21,Delhi,Ayushman Bharat,13-25
2039,Female,26,Noida,None,26-40
2040,Female,46,Delhi,HDFC Ergo,41-60
2041,Female,49,Noida,ICICI Lombard,41-60
2042,Male,51,Delhi,None,41-60
2043,Male,60,Noida,Ayushman Bharat,41-60
2044,Female,45,Delhi,None,41-60
2045,Female,51,Delhi,None,41-60
2046,Male,36,Noida,ICICI Lombard,26-40
2047,Female,43,Delhi,ICICI Lombard,41-60
2048,Male,44,Other,Ayushman Bharat,41-60
2049,Male,46,Delhi,Ayushman Bharat,41-60
2050,Female,57,Delhi,Ayushman Bharat,41-60
2051,Female,53,Delhi,ICICI Lombard,41-60
2052,Male,42,Ghaziabad,None,41-60
2053,Female,25,Gurgaon,HDFC Ergo,13-25
2054,Female,43,Delhi,Star Health,41-60
2055,Male,41,Delhi,HDFC Ergo,41-60
2056,Female,45,Gurgaon,HDFC Ergo,41-60
2057,Female,86,Other,Ayushman Bharat,60+
2058,Female,31,Delhi,HDFC Ergo,26-40
2059,Female,50,Delhi,Ayushman Bharat,41-60
2060,Female,63,Delhi,ICICI Lombard,60+
2061,Male,43,Delhi,Star Health,41-60
2062,Male,88,Gurgaon,HDFC Ergo,60+
2063,Female,34,Other,ICICI Lombard,26-40
2064,Female,48,Other,Ayushman Bharat,41-60
2065,Male,26,Ghaziabad,ICICI Lombard,26-40
2066,Male,34,Delhi,HDFC Ergo,26-40
2067,Female,46,Other,HDFC Ergo,41-60
2068,Male,58,Delhi,Star Health,41-60
2069,Male,48,Delhi,Star Health,41-60
2070,Female,67,Gurgaon,None,60+
2071,Female,40,Delhi,Star Health,26-40
2072,Female,35,Ghaziabad,Star Health,26-40
2073,Female,95,Other,None,60+
2074,Male,49,Ghaziabad,Ayushman Bharat,41-60
2075,Female,27,Ghaziabad,ICICI Lombard,26-40
2076,Male,28,Delhi,Ayushman Bharat,26-40
2077,Male,23,Delhi,None,13-25
2078,Female,60,Ghaziabad,Star Health,41-60
2079,Female,34,Noida,HDFC Ergo,26-40
2080,Female,44,Faridabad,None,41-60
2081,Male,40,Delhi,None,26-40
2082,Female,56,Delhi,None,41-60
2083,Female,25,Delhi,HDFC Ergo,13-25
2084,Female,20,Gurgaon,None,13-25
2085,Female,46,Ghaziabad,HDFC Ergo,41-60
2086,Male,54,Other,Ayushman Bharat,41-60
2087,Female,48,Delhi,None,41-60
2088,Female,25,Noida,Star Health,13-25
2089,Female,55,Delhi,HDFC Ergo,41-60
2090,Female,27,Delhi,Ayushman Bharat,26-40
2091,Female,31,Delhi,None,26-40
2092,Male,23,Noida,Star Health,13-25
2093,Male,68,Noida,None,60+
2094,Female,54,Delhi,HDFC Ergo,41-60
2095,Female,54,Gurgaon,ICICI Lombard,41-60
2096,Female,66,Ghaziabad,HDFC Ergo,60+
2097,Male,95,Delhi,None,60+
2098,Male,7,Delhi,Star Health,0-12
2099,Female,27,Gurgaon,Ayushman Bharat,26-40
2100,Female,29,Ghaziabad,Star Health,26-40
2101,Male,24,Ghaziabad,None,13-25
2102,Female,20,Delhi,None,13-25
2103,Male,36,Noida,HDFC Ergo,26-40
2104,Male,17,Faridabad,HDFC Ergo,13-25
2105,Male,48,Delhi,ICICI Lombard,41-60
2106,Male,43,Delhi,ICICI Lombard,41-60
2107,Male,51,Other,None,41-60
2108,Female,52,Delhi,Ayushman Bharat,41-60
2109,Female,54,Gurgaon,ICICI Lombard,41-60
2110,Female,34,Faridabad,Ayushman Bharat,26-40
2111,Male,84,Delhi,ICICI Lombard,60+
2112,Male,46,Gurgaon,Star Health,41-60
2113,Male,4,Noida,Star Health,0-12
2114,Female,21,Faridabad,HDFC Ergo,13-25
2115,Male,7,Faridabad,Ayushman Bharat,0-12
2116,Female,42,Faridabad,Star Health,41-60
2117,Female,39,Delhi,Ayushman Bharat,26-40
2118,Female,32,Ghaziabad,HDFC Ergo,26-40
2119,Male,82,Other,Ayushman Bharat,60+
2120,Female,52,Gurgaon,Star Health,41-60
2121,Male,56,Gurgaon,ICICI Lombard,41-60
2122,Male,23,Delhi,Star Health,13-25
2123,Female,22,Faridabad,HDFC Ergo,13-25
2124,Female,42,Delhi,Star Health,41-60
2125,Female,45,Delhi,ICICI Lombard,41-60
2126,Male,4,Other,None,0-12
2127,Female,38,Other,Star Health,26-40
2128,Female,42,Other,Ayushman Bharat,41-60
2129,Male,37,Noida,Ayushman Bharat,26-40
2130,Female,25,Delhi,ICICI Lombard,13-25
2131,Male,31,Noida,Ayushman Bharat,26-40
2132,Female,38,Delhi,HDFC Ergo,26-40
2133,Female,43,Faridabad,Ayushman Bharat,41-60
2134,Female,54,Noida,None,41-60
2135,Female,63,Delhi,None,60+
2136,Male,36,Delhi,HDFC Ergo,26-40
2137,Female,32,Delhi,Ayushman Bharat,26-40
2138,Female,50,Faridabad,Star Health,41-60
2139,Male,54,Gurgaon,ICICI Lombard,41-60
2140,Male,33,Delhi,Star Health,26-40
2141,Female,57,Delhi,Star Health,41-60
2142,Female,61,Delhi,Ayushman Bharat,60+
2143,Female,67,Delhi,None,60+
2144,Female,77,Other,Star Health,60+
2145,Female,24,Gurgaon,Ayushman Bharat,13-25
2146,Male,42,Delhi,Ayushman Bharat,41-60
2147,Male,42,Ghaziabad,None,41-60
2148,Female,40,Delhi,Ayushman Bharat,26-40
2149,Female,29,Delhi,Star Health,26-40
2150,Female,12,Noida,Star Health,0-12
2151,Male,43,Delhi,Ayushman Bharat,41-60
2152,Female,26,Noida,HDFC Ergo,26-40
2153,Female,43,Ghaziabad,None,41-60
2154,Female,26,Other,None,26-40
2155,Male,20,Delhi,None,13-25
2156,Female,46,Gurgaon,HDFC Ergo,41-60
2157,Female,45,Delhi,Ayushman Bharat,41-60
2158,Male,53,Noida,Ayushman Bharat,41-60
2159,Female,85,Delhi,Star Health,60+
2160,Female,47,Noida,HDFC Ergo,41-60
2161,Female,51,Delhi,HDFC Ergo,41-60
2162,Female,20,Other,HDFC Ergo,13-25
2163,Male,16,Faridabad,None,13-25
2164,Male,73,Delhi,None,60+
2165,Male,23,Ghaziabad,HDFC Ergo,13-25
2166,Male,21,Delhi,ICICI Lombard,13-25
2167,Female,41,Gurgaon,Star Health,41-60
2168,Female,40,Delhi,HDFC Ergo,26-40
2169,Female,23,Delhi,Star Health,13-25
2170,Male,35,Gurgaon,Ayushman Bharat,26-40
2171,Male,66,Noida,Ayushman Bharat,60+
2172,Male,25,Noida,None,13-25
2173,Female,14,Noida,None,13-25
2174,Male,60,Delhi,Star Health,41-60
2175,Female,51,Delhi,Ayushman Bharat,41-60
2176,Female,29,Gurgaon,Star Health,26-40
2177,Female,10,Gurgaon,HDFC Ergo,0-12
2178,Male,27,Delhi,ICICI Lombard,26-40
2179,Male,40,Delhi,Star Health,26-40
2180,Female,65,Gurgaon,Star Health,60+
2181,Female,21,Gurgaon,HDFC Ergo,13-25
2182,Male,40,Ghaziabad,Star Health,26-40
2183,Female,55,Delhi,None,41-60
2184,Female,0,Noida,HDFC Ergo,0-12
2185,Male,62,Noida,ICICI Lombard,60+
2186,Male,18,Delhi,None,13-25
2187,Male,48,Delhi,Ayushman Bharat,41-60
2188,Male,46,Delhi,ICICI Lombard,41-60
2189,Male,63,Ghaziabad,None,60+
2190,Female,53,Delhi,HDFC Ergo,41-60
2191,Male,0,Gurgaon,Star Health,0-12
2192,Female,26,Noida,ICICI Lombard,26-40
2193,Female,44,Delhi,ICICI Lombard,41-60
2194,Male,38,Ghaziabad,None,26-40
2195,Male,51,Gurgaon,Star Health,41-60
2196,Female,57,Delhi,Ayushman Bharat,41-60
2197,Female,54,Ghaziabad,Ayushman Bharat,41-60
2198,Female,37,Noida,None,26-40
2199,Male,5,Delhi,Star Health,0-12
2200,Male,32,Gurgaon,HDFC Ergo,26-40
2201,Male,50,Gurgaon,None,41-60
2202,Female,20,Delhi,Ayushman Bharat,13-25
2203,Female,54,Other,Star Health,41-60
2204,Female,60,Gurgaon,Star Health,41-60
2205,Female,44,Gurgaon,None,41-60
2206,Male,0,Delhi,Ayushman Bharat,0-12
2207,Female,16,Delhi,Ayushman Bharat,13-25
2208,Male,79,Delhi,None,60+
2209,Female,31,Gurgaon,HDFC Ergo,26-40
2210,Female,2,Noida,Star Health,0-12
2211,Female,66,Ghaziabad,Ayushman Bharat,60+
2212,Male,42,Delhi,None,41-60
2213,Female,64,Gurgaon,HDFC Ergo,60+
2214,Female,47,Ghaziabad,Ayushman Bharat,41-60
2215,Male,51,Ghaziabad,Star Health,41-60
2216,Male,49,Ghaziabad,Star Health,41-60
2217,Female,55,Faridabad,None,41-60
2218,Male,87,Delhi,Star Health,60+
2219,Male,61,Gurgaon,Star Health,60+
2220,Male,10,Other,None,0-12
2221,Male,50,Noida,HDFC Ergo,41-60
2222,Male,64,Delhi,ICICI Lombard,60+
2223,Female,66,Other,None,60+
2224,Male,33,Delhi,Star Health,26-40
2225,Female,65,Delhi,Ayushman Bharat,60+
2226,Male,60,Delhi,HDFC Ergo,41-60
2227,Male,93,Noida,Star Health,60+
2228,Male,26,Delhi,Ayushman Bharat,26-40
2229,Female,31,Noida,HDFC Ergo,26-40
2230,Female,35,Other,None,26-40
2231,Male,32,Noida,None,26-40
2232,Male,24,Noida,None,13-25
2233,Male,0,Faridabad,HDFC Ergo,0-12
2234,Male,33,Ghaziabad,HDFC Ergo,26-40
2235,Female,49,Delhi,None,41-60
2236,Male,32,Delhi,ICICI Lombard,26-40
2237,Female,80,Gurgaon,Ayushman Bharat,60+
2238,Female,42,Ghaziabad,None,41-60
2239,Female,67,Noida,HDFC Ergo,60+
2240,Female,47,Delhi,Star Health,41-60
2241,Male,58,Gurgaon,Ayushman Bharat,41-60
2242,Female,47,Gurgaon,Ayushman Bharat,41-60
2243,Male,69,Noida,HDFC Ergo,60+
2244,Female,43,Faridabad,Ayushman Bharat,41-60
2245,Female,51,Ghaziabad,None,41-60
2246,Male,49,Gurgaon,HDFC Ergo,41-60
2247,Female,36,Gurgaon,HDFC Ergo,26-40
2248,Male,50,Gurgaon,Ayushman Bharat,41-60
2249,Male,86,Noida,None,60+
2250,Female,36,Noida,None,26-40
2251,Male,50,Gurgaon,Star Health,41-60
2252,Female,67,Gurgaon,None,60+
2253,Female,64,Noida,None,60+
2254,Female,42,Delhi,Ayushman Bharat,41-60
2255,Male,0,Gurgaon,HDFC Ergo,0-12
2256,Male,52,Gurgaon,Star Health,41-60
2257,Female,0,Delhi,ICICI Lombard,0-12
2258,Male,71,Delhi,HDFC Ergo,60+
2259,Female,45,Delhi,HDFC Ergo,41-60
2260,Male,61,Other,None,60+
2261,Male,23,Faridabad,Star Health,13-25
2262,Female,10,Noida,None,0-12
2263,Female,47,Delhi,ICICI Lombard,41-60
2264,Female,41,Gurgaon,None,41-60
2265,Female,32,Noida,HDFC Ergo,26-40
2266,Male,43,Other,Ayushman Bharat,41-60
2267,Male,95,Delhi,Ayushman Bharat,60+
2268,Male,58,Delhi,None,41-60
2269,Female,62,Noida,Star Health,60+
2270,Male,58,Delhi,HDFC Ergo,41-60
2271,Female,71,Gurgaon,None,60+
2272,Male,38,Ghaziabad,Star Health,26-40
2273,Female,0,Delhi,Ayushman Bharat,0-12
2274,Female,38,Delhi,Star Health,26-40
2275,Female,58,Gurgaon,Star Health,41-60
2276,Male,22,Ghaziabad,Ayushman Bharat,13-25
2277,Female,38,Noida,Ayushman Bharat,26-40
2278,Male,28,Delhi,Ayushman Bharat,26-40
2279,Male,72,Noida,ICICI Lombard,60+
2280,Male,56,Noida,Ayushman Bharat,41-60
2281,Male,55,Ghaziabad,None,41-60
2282,Female,54,Noida,HDFC Ergo,41-60
2283,Male,41,Delhi,HDFC Ergo,41-60
2284,Male,45,Ghaziabad,HDFC Ergo,41-60
2285,Female,18,Noida,None,13-25
2286,Female,0,Delhi,HDFC Ergo,0-12
2287,Female,45,Noida,Ayushman Bharat,41-60
2288,Female,48,Other,ICICI Lombard,41-60
2289,Male,66,Gurgaon,Ayushman Bharat,60+
2290,Female,73,Delhi,None,60+
2291,Male,73,Gurgaon,ICICI Lombard,60+
2292,Male,22,Delhi,ICICI Lombard,13-25
2293,Male,34,Noida,HDFC Ergo,26-40
2294,Female,51,Noida,ICICI Lombard,41-60
2295,Male,92,Delhi,HDFC Ergo,60+
2296,Female,71,Delhi,None,60+
2297,Male,64,Other,ICICI Lombard,60+
2298,Male,34,Delhi,Star Health,26-40
2299,Male,24,Ghaziabad,HDFC Ergo,13-25
2300,Male,57,Gurgaon,ICICI Lombard,41-60
2301,Male,19,Noida,None,13-25
2302,Female,37,Delhi,HDFC Ergo,26-40
2303,Female,39,Delhi,HDFC Ergo,26-40
2304,Male,73,Delhi,ICICI Lombard,60+
2305,Female,34,Noida,None,26-40
2306,Male,0,Other,None,0-12
2307,Male,52,Faridabad,Star Health,41-60
2308,Male,28,Delhi,Ayushman Bharat,26-40
2309,Male,42,Delhi,None,41-60
2310,Male,40,Delhi,None,26-40
2311,Female,36,Other,ICICI Lombard,26-40
2312,Male,57,Delhi,Ayushman Bharat,41-60
2313,Female,11,Delhi,Ayushman Bharat,0-12
2314,Male,31,Gurgaon,HDFC Ergo,26-40
2315,Female,55,Noida,Star Health,41-60
2316,Female,29,Delhi,HDFC Ergo,26-40
2317,Male,9,Gurgaon,Star Health,0-12
2318,Male,55,Delhi,ICICI Lombard,41-60
2319,Female,64,Delhi,None,60+
2320,Female,41,Delhi,None,41-60
2321,Female,2,Delhi,Star Health,0-12
2322,Male,56,Other,Star Health,41-60
2323,Female,8,Noida,Ayushman Bharat,0-12
2324,Male,48,Ghaziabad,ICICI Lombard,41-60
2325,Male,24,Delhi,Star Health,13-25
2326,Female,18,Gurgaon,None,13-25
2327,Male,33,Other,HDFC Ergo,26-40
2328,Female,38,Delhi,Star Health,26-40
2329,Female,29,Other,Ayushman Bharat,26-40
2330,Male,53,Gurgaon,Ayushman Bharat,41-60
2331,Female,33,Gurgaon,ICICI Lombard,26-40
2332,Male,61,Delhi,Ayushman Bharat,60+
2333,Male,47,Gurgaon,None,41-60
2334,Male,28,Noida,Star Health,26-40
2335,Female,24,Other,Ayushman Bharat,13-25
2336,Male,9,Faridabad,HDFC Ergo,0-12
2337,Male,47,Delhi,ICICI Lombard,41-60
2338,Female,34,Other,ICICI Lombard,26-40
2339,Female,0,Faridabad,ICICI Lombard,0-12
2340,Female,31,Noida,Star Health,26-40
2341,Female,23,Delhi,None,13-25
2342,Male,73,Delhi,HDFC Ergo,60+
2343,Female,7,Delhi,None,0-12
2344,Female,13,Delhi,HDFC Ergo,13-25
2345,Female,64,Other,None,60+
2346,Female,69,Delhi,ICICI Lombard,60+
2347,Male,27,Gurgaon,ICICI Lombard,26-40
2348,Male,29,Gurgaon,Ayushman Bharat,26-40
2349,Female,54,Gurgaon,None,41-60
2350,Male,0,Delhi,ICICI Lombard,0-12
2351,Male,4,Noida,ICICI Lombard,0-12
2352,Male,36,Gurgaon,Ayushman Bharat,26-40
2353,Female,72,Noida,Ayushman Bharat,60+
2354,Female,33,Delhi,ICICI Lombard,26-40
2355,Female,44,Gurgaon,None,41-60
2356,Female,64,Delhi,ICICI Lombard,60+
2357,Female,84,Noida,ICICI Lombard,60+
2358,Female,30,Delhi,Ayushman Bharat,26-40
2359,Male,41,Delhi,None,41-60
2360,Female,78,Ghaziabad,HDFC Ergo,60+
2361,Male,11,Delhi,HDFC Ergo,0-12
2362,Male,62,Other,Star Health,60+
2363,Male,21,Faridabad,Ayushman Bharat,13-25
2364,Female,44,Delhi,ICICI Lombard,41-60
2365,Female,37,Delhi,ICICI Lombard,26-40
2366,Female,22,Delhi,HDFC Ergo,13-25
2367,Female,22,Faridabad,None,13-25
2368,Female,47,Gurgaon,ICICI Lombard,41-60
2369,Male,61,Delhi,Ayushman Bharat,60+
2370,Female,39,Noida,Star Health,26-40
2371,Female,43,Delhi,Star Health,41-60
2372,Female,53,Noida,Star Health,41-60
2373,Male,22,Noida,HDFC Ergo,13-25
2374,Male,56,Delhi,ICICI Lombard,41-60
2375,Female,58,Ghaziabad,HDFC Ergo,41-60
2376,Male,94,Delhi,HDFC Ergo,60+
2377,Male,34,Noida,Star Health,26-40
2378,Male,32,Gurgaon,HDFC Ergo,26-40
2379,Male,57,Other,Star Health,41-60
2380,Male,58,Noida,Star Health,41-60
2381,Female,31,Faridabad,Star Health,26-40
2382,Female,33,Delhi,Ayushman Bharat,26-40
2383,Female,52,Faridabad,None,41-60
2384,Male,25,Delhi,Ayushman Bharat,13-25
2385,Male,33,Gurgaon,Star Health,26-40
2386,Male,43,Delhi,None,41-60
2387,Male,61,Other,None,60+
2388,Male,29,Other,ICICI Lombard,26-40
2389,Female,5,Delhi,Star Health,0-12
2390,Female,3,Noida,Ayushman Bharat,0-12
2391,Female,16,Noida,None,13-25
2392,Male,15,Delhi,None,13-25
2393,Male,38,Gurgaon,Ayushman Bharat,26-40
2394,Male,18,Gurgaon,Ayushman Bharat,13-25
2395,Male,27,Noida,None,26-40
2396,Male,26,Delhi,Star Health,26-40
2397,Male,33,Faridabad,Star Health,26-40
2398,Female,68,Delhi,None,60+
2399,Female,55,Gurgaon,Star Health,41-60
2400,Male,42,Delhi,ICICI Lombard,41-60
2401,Male,32,Delhi,HDFC Ergo,26-40
2402,Male,33,Delhi,HDFC Ergo,26-40
2403,Male,48,Delhi,Star Health,41-60
2404,Female,53,Gurgaon,Ayushman Bharat,41-60
2405,Female,23,Noida,ICICI Lombard,13-25
2406,Female,42,Gurgaon,Ayushman Bharat,41-60
2407,Female,1,Gurgaon,HDFC Ergo,0-12
2408,Male,46,Delhi,None,41-60
2409,Male,57,Delhi,Ayushman Bharat,41-60
2410,Male,36,Gurgaon,None,26-40
2411,Male,78,Gurgaon,HDFC Ergo,60+
2412,Female,24,Noida,Star Health,13-25
2413,Male,46,Delhi,None,41-60
2414,Male,41,Ghaziabad,None,41-60
2415,Male,39,Delhi,Star Health,26-40
2416,Male,39,Gurgaon,Ayushman Bharat,26-40
2417,Female,44,Delhi,Ayushman Bharat,41-60
2418,Male,58,Gurgaon,Star Health,41-60
2419,Male,69,Delhi,Ayushman Bharat,60+
2420,Male,41,Gurgaon,HDFC Ergo,41-60
2421,Female,58,Delhi,Star Health,41-60
2422,Female,27,Noida,None,26-40
2423,Female,57,Delhi,ICICI Lombard,41-60
2424,Male,26,Gurgaon,None,26-40
2425,Male,63,Delhi,Ayushman Bharat,60+
2426,Female,86,Delhi,None,60+
2427,Male,39,Gurgaon,ICICI Lombard,26-40
2428,Male,0,Delhi,ICICI Lombard,0-12
2429,Female,31,Delhi,HDFC Ergo,26-40
2430,Male,66,Ghaziabad,Ayushman Bharat,60+
2431,Male,53,Ghaziabad,ICICI Lombard,41-60
2432,Female,46,Faridabad,Ayushman Bharat,41-60
2433,Male,62,Delhi,HDFC Ergo,60+
2434,Male,51,Noida,Star Health,41-60
2435,Male,66,Ghaziabad,None,60+
2436,Female,60,Delhi,None,41-60
2437,Male,72,Gurgaon,HDFC Ergo,60+
2438,Male,49,Delhi,Ayushman Bharat,41-60
2439,Female,60,Faridabad,ICICI Lombard,41-60
2440,Female,35,Gurgaon,None,26-40
2441,Female,29,Noida,ICICI Lombard,26-40
2442,Male,76,Noida,ICICI Lombard,60+
2443,Male,46,Delhi,Star Health,41-60
2444,Female,58,Delhi,Star Health,41-60
2445,Female,44,Gurgaon,None,41-60
2446,Male,30,Noida,ICICI Lombard,26-40
2447,Female,42,Noida,Star Health,41-60
2448,Male,70,Delhi,Star Health,60+
2449,Female,53,Gurgaon,ICICI Lombard,41-60
2450,Female,7,Delhi,Ayushman Bharat,0-12
2451,Male,37,Delhi,HDFC Ergo,26-40
2452,Female,77,Other,Ayushman Bharat,60+
2453,Female,37,Noida,None,26-40
2454,Male,5,Noida,HDFC Ergo,0-12
2455,Male,79,Other,None,60+
2456,Female,55,Delhi,Star Health,41-60
2457,Male,40,Other,ICICI Lombard,26-40
2458,Male,34,Gurgaon,Star Health,26-40
2459,Male,63,Gurgaon,Star Health,60+
2460,Female,31,Delhi,Star Health,26-40
2461,Male,64,Delhi,Star Health,60+
2462,Female,52,Delhi,None,41-60
2463,Male,46,Delhi,ICICI Lombard,41-60
2464,Male,44,Delhi,None,41-60
2465,Female,38,Noida,ICICI Lombard,26-40
2466,Male,62,Gurgaon,Ayushman Bharat,60+
2467,Male,24,Delhi,Star Health,13-25
2468,Male,9,Gurgaon,ICICI Lombard,0-12
2469,Female,54,Other,ICICI Lombard,41-60
2470,Male,54,Gurgaon,None,41-60
2471,Male,51,Ghaziabad,None,41-60
2472,Male,50,Gurgaon,Star Health,41-60
2473,Male,35,Delhi,Ayushman Bharat,26-40
2474,Male,57,Delhi,Ayushman Bharat,41-60
2475,Female,41,Other,Ayushman Bharat,41-60
2476,Male,32,Gurgaon,Star Health,26-40
2477,Male,35,Ghaziabad,Ayushman Bharat,26-40
2478,Female,82,Other,None,60+
2479,Female,7,Delhi,HDFC Ergo,0-12
2480,Male,51,Delhi,ICICI Lombard,41-60
2481,Male,8,Gurgaon,Star Health,0-12
2482,Male,39,Delhi,None,26-40
2483,Female,33,Noida,Star Health,26-40
2484,Male,0,Ghaziabad,HDFC Ergo,0-12
2485,Male,49,Gurgaon,HDFC Ergo,41-60
2486,Male,34,Delhi,None,26-40
2487,Male,0,Gurgaon,Ayushman Bharat,0-12
2488,Male,58,Delhi,Star Health,41-60
2489,Male,70,Faridabad,Star Health,60+
2490,Female,71,Delhi,None,60+
2491,Female,49,Faridabad,ICICI Lombard,41-60
2492,Female,42,Noida,Star Health,41-60
2493,Female,68,Delhi,None,60+
2494,Male,75,Noida,Star Health,60+
2495,Female,64,Delhi,ICICI Lombard,60+
2496,Female,23,Noida,HDFC Ergo,13-25
2497,Female,46,Ghaziabad,Ayushman Bharat,41-60
2498,Female,50,Ghaziabad,None,41-60
2499,Male,5,Delhi,ICICI Lombard,0-12
2500,Male,51,Gurgaon,Ayushman Bharat,41-60
2501,Male,87,Faridabad,None,60+
2502,Male,54,Ghaziabad,None,41-60
2503,Male,71,Delhi,ICICI Lombard,60+
2504,Male,45,Delhi,ICICI Lombard,41-60
2505,Male,40,Other,None,26-40
2506,Female,49,Delhi,Star Health,41-60
2507,Female,25,Delhi,Star Health,13-25
2508,Female,22,Ghaziabad,HDFC Ergo,13-25
2509,Male,67,Delhi,None,60+
2510,Female,69,Ghaziabad,Star Health,60+
2511,Female,22,Delhi,HDFC Ergo,13-25
2512,Female,61,Gurgaon,Ayushman Bharat,60+
2513,Female,40,Other,Star Health,26-40
2514,Male,48,Other,HDFC Ergo,41-60
2515,Male,51,Other,ICICI Lombard,41-60
2516,Female,61,Faridabad,HDFC Ergo,60+
2517,Female,43,Delhi,None,41-60
2518,Male,70,Other,Star Health,60+
2519,Male,48,Other,None,41-60
2520,Male,54,Noida,ICICI Lombard,41-60
2521,Male,25,Delhi,Star Health,13-25
2522,Female,85,Delhi,Star Health,60+
2523,Female,51,Noida,ICICI Lombard,41-60
2524,Male,56,Gurgaon,HDFC Ergo,41-60
2525,Male,9,Delhi,HDFC Ergo,0-12
2526,Male,25,Delhi,None,13-25
2527,Male,66,Noida,ICICI Lombard,60+
2528,Female,47,Delhi,None,41-60
2529,Female,3,Other,Star Health,0-12
2530,Female,62,Delhi,Star Health,60+
2531,Male,31,Delhi,Ayushman Bharat,26-40
2532,Female,70,Delhi,HDFC Ergo,60+
2533,Female,40,Faridabad,Star Health,26-40
2534,Male,46,Faridabad,Star Health,41-60
2535,Female,65,Delhi,Star Health,60+
2536,Female,24,Delhi,None,13-25
2537,Female,22,Delhi,HDFC Ergo,13-25
2538,Male,38,Delhi,None,26-40
2539,Male,58,Gurgaon,Star Health,41-60
2540,Male,15,Delhi,HDFC Ergo,13-25
2541,Male,8,Noida,HDFC Ergo,0-12
2542,Male,58,Delhi,ICICI Lombard,41-60
2543,Female,29,Noida,None,26-40
2544,Male,34,Delhi,None,26-40
2545,Male,4,Delhi,Star Health,0-12
2546,Female,28,Delhi,ICICI Lombard,26-40
2547,Male,41,Delhi,None,41-60
2548,Male,60,Delhi,Star Health,41-60
2549,Female,26,Other,ICICI Lombard,26-40
2550,Male,75,Delhi,HDFC Ergo,60+
2551,Male,28,Delhi,ICICI Lombard,26-40
2552,Female,28,Delhi,ICICI Lombard,26-40
2553,Male,72,Ghaziabad,ICICI Lombard,60+
2554,Male,46,Other,None,41-60
2555,Male,30,Ghaziabad,ICICI Lombard,26-40
2556,Female,38,Gurgaon,None,26-40
2557,Male,69,Ghaziabad,Ayushman Bharat,60+
2558,Female,71,Delhi,HDFC Ergo,60+
2559,Male,25,Faridabad,ICICI Lombard,13-25
2560,Female,41,Ghaziabad,ICICI Lombard,41-60
2561,Male,43,Delhi,None,41-60
2562,Male,22,Noida,Star Health,13-25
2563,Female,40,Delhi,None,26-40
2564,Female,42,Delhi,Ayushman Bharat,41-60
2565,Male,64,Ghaziabad,Ayushman Bharat,60+
2566,Male,66,Delhi,ICICI Lombard,60+
2567,Male,35,Gurgaon,Ayushman Bharat,26-40
2568,Male,37,Other,Ayushman Bharat,26-40
2569,Female,55,Noida,Ayushman Bharat,41-60
2570,Male,30,Delhi,HDFC Ergo,26-40
2571,Male,53,Gurgaon,Ayushman Bharat,41-60
2572,Male,40,Ghaziabad,HDFC Ergo,26-40
2573,Male,22,Delhi,Ayushman Bharat,13-25
2574,Male,22,Delhi,ICICI Lombard,13-25
2575,Male,70,Gurgaon,Star Health,60+
2576,Male,38,Other,Ayushman Bharat,26-40
2577,Female,74,Delhi,ICICI Lombard,60+
2578,Male,31,Delhi,Ayushman Bharat,26-40
2579,Female,47,Other,Ayushman Bharat,41-60
2580,Male,89,Delhi,Ayushman Bharat,60+
2581,Male,20,Delhi,Ayushman Bharat,13-25
2582,Male,4,Noida,HDFC Ergo,0-12
2583,Male,67,Delhi,Star Health,60+
2584,Female,25,Delhi,Ayushman Bharat,13-25
2585,Female,41,Gurgaon,HDFC Ergo,41-60
2586,Female,30,Gurgaon,Star Health,26-40
2587,Female,47,Noida,Star Health,41-60
2588,Male,22,Delhi,HDFC Ergo,13-25
2589,Male,38,Noida,None,26-40
2590,Female,50,Gurgaon,Star Health,41-60
2591,Male,21,Ghaziabad,HDFC Ergo,13-25
2592,Male,27,Ghaziabad,None,26-40
2593,Female,35,Gurgaon,None,26-40
2594,Female,13,Faridabad,HDFC Ergo,13-25
2595,Female,33,Ghaziabad,None,26-40
2596,Male,44,Delhi,Star Health,41-60
2597,Female,34,Other,None,26-40
2598,Male,36,Faridabad,Star Health,26-40
2599,Male,41,Delhi,ICICI Lombard,41-60
2600,Male,28,Delhi,HDFC Ergo,26-40
2601,Female,55,Gurgaon,Ayushman Bharat,41-60
2602,Female,70,Delhi,Star Health,60+
2603,Female,32,Gurgaon,ICICI Lombard,26-40
2604,Male,51,Noida,Ayushman Bharat,41-60
2605,Male,37,Delhi,Star Health,26-40
2606,Male,49,Delhi,None,41-60
2607,Female,73,Faridabad,HDFC Ergo,60+
2608,Male,52,Delhi,Star Health,41-60
2609,Male,6,Gurgaon,HDFC Ergo,0-12
2610,Female,51,Delhi,HDFC Ergo,41-60
2611,Male,66,Noida,Star Health,60+
2612,Female,37,Noida,ICICI Lombard,26-40
2613,Male,61,Delhi,Ayushman Bharat,60+
2614,Female,28,Gurgaon,ICICI Lombard,26-40
2615,Male,12,Gurgaon,ICICI Lombard,0-12
2616,Male,44,Delhi,None,41-60
2617,Male,6,Delhi,HDFC Ergo,0-12
2618,Male,37,Gurgaon,Ayushman Bharat,26-40
2619,Female,67,Gurgaon,None,60+
2620,Male,3,Noida,HDFC Ergo,0-12
2621,Male,16,Ghaziabad,Ayushman Bharat,13-25
2622,Female,21,Delhi,None,13-25
2623,Male,40,Delhi,ICICI Lombard,26-40
2624,Female,34,Gurgaon,None,26-40
2625,Female,69,Gurgaon,HDFC Ergo,60+
2626,Male,61,Ghaziabad,Ayushman Bharat,60+
2627,Female,51,Delhi,HDFC Ergo,41-60
2628,Male,44,Noida,Star Health,41-60
2629,Male,49,Gurgaon,None,41-60
2630,Male,24,Delhi,HDFC Ergo,13-25
2631,Female,59,Noida,None,41-60
2632,Female,19,Gurgaon,Ayushman Bharat,13-25
2633,Male,58,Delhi,None,41-60
2634,Female,65,Delhi,None,60+
2635,Male,46,Delhi,Ayushman Bharat,41-60
2636,Female,38,Faridabad,None,26-40
2637,Female,50,Delhi,None,41-60
2638,Female,0,Delhi,ICICI Lombard,0-12
2639,Female,48,Delhi,Ayushman Bharat,41-60
2640,Female,39,Delhi,Star Health,26-40
2641,Male,40,Delhi,Star Health,26-40
2642,Female,56,Gurgaon,HDFC Ergo,41-60
2643,Female,40,Delhi,ICICI Lombard,26-40
2644,Female,19,Delhi,HDFC Ergo,13-25
2645,Male,39,Delhi,ICICI Lombard,26-40
2646,Female,43,Delhi,Ayushman Bharat,41-60
2647,Male,44,Delhi,Ayushman Bharat,41-60
2648,Male,45,Gurgaon,None,41-60
2649,Female,62,Gurgaon,None,60+
2650,Male,20,Gurgaon,None,13-25
2651,Female,45,Delhi,Ayushman Bharat,41-60
2652,Male,67,Faridabad,HDFC Ergo,60+
2653,Female,7,Gurgaon,None,0-12
2654,Female,45,Delhi,Star Health,41-60
2655,Male,30,Delhi,Star Health,26-40
2656,Female,34,Ghaziabad,HDFC Ergo,26-40
2657,Male,23,Delhi,Ayushman Bharat,13-25
2658,Female,38,Delhi,Ayushman Bharat,26-40
2659,Female,78,Gurgaon,Star Health,60+
2660,Male,16,Delhi,None,13-25
2661,Female,18,Other,Star Health,13-25
2662,Male,15,Delhi,HDFC Ergo,13-25
2663,Female,76,Delhi,HDFC Ergo,60+
2664,Female,32,Delhi,HDFC Ergo,26-40
2665,Male,41,Delhi,None,41-60
2666,Female,33,Faridabad,Star Health,26-40
2667,Male,23,Ghaziabad,Star Health,13-25
2668,Male,37,Faridabad,Star Health,26-40
2669,Female,91,Noida,None,60+
2670,Male,69,Delhi,None,60+
2671,Female,24,Delhi,Ayushman Bharat,13-25
2672,Male,54,Delhi,Ayushman Bharat,41-60
2673,Female,25,Faridabad,None,13-25
2674,Female,6,Noida,HDFC Ergo,0-12
2675,Male,62,Noida,Star Health,60+
2676,Male,65,Noida,ICICI Lombard,60+
2677,Male,62,Ghaziabad,HDFC Ergo,60+
2678,Female,32,Delhi,ICICI Lombard,26-40
2679,Male,38,Gurgaon,ICICI Lombard,26-40
2680,Male,56,Gurgaon,HDFC Ergo,41-60
2681,Female,49,Ghaziabad,ICICI Lombard,41-60
2682,Male,34,Delhi,ICICI Lombard,26-40
2683,Male,9,Delhi,Star Health,0-12
2684,Male,44,Noida,None,41-60
2685,Male,63,Faridabad,Ayushman Bharat,60+
2686,Female,18,Other,Star Health,13-25
2687,Female,54,Noida,Star Health,41-60
2688,Female,48,Delhi,Star Health,41-60
2689,Female,57,Delhi,Star Health,41-60
2690,Male,59,Gurgaon,Star Health,41-60
2691,Male,28,Delhi,Star Health,26-40
2692,Female,9,Noida,None,0-12
2693,Female,31,Ghaziabad,None,26-40
2694,Female,59,Delhi,None,41-60
2695,Male,31,Delhi,Ayushman Bharat,26-40
2696,Female,28,Delhi,Ayushman Bharat,26-40
2697,Female,5,Delhi,Ayushman Bharat,0-12
2698,Female,77,Gurgaon,None,60+
2699,Female,58,Delhi,Ayushman Bharat,41-60
2700,Male,57,Delhi,Ayushman Bharat,41-60
2701,Male,61,Delhi,None,60+
2702,Male,53,Delhi,Ayushman Bharat,41-60
2703,Male,37,Gurgaon,HDFC Ergo,26-40
2704,Female,38,Gurgaon,Star Health,26-40
2705,Male,33,Noida,ICICI Lombard,26-40
2706,Male,94,Noida,Star Health,60+
2707,Male,53,Delhi,Star Health,41-60
2708,Female,32,Noida,Star Health,26-40
2709,Female,51,Delhi,HDFC Ergo,41-60
2710,Male,21,Other,None,13-25
2711,Female,72,Delhi,HDFC Ergo,60+
2712,Male,28,Delhi,HDFC Ergo,26-40
2713,Male,52,Delhi,ICICI Lombard,41-60
2714,Male,63,Ghaziabad,HDFC Ergo,60+
2715,Female,49,Delhi,Ayushman Bharat,41-60
2716,Female,43,Other,Ayushman Bharat,41-60
2717,Female,42,Delhi,Star Health,41-60
2718,Male,40,Ghaziabad,ICICI Lombard,26-40
2719,Female,30,Gurgaon,Star Health,26-40
2720,Female,33,Delhi,Ayushman Bharat,26-40
2721,Male,71,Delhi,None,60+
2722,Male,39,Delhi,None,26-40
2723,Male,26,Ghaziabad,HDFC Ergo,26-40
2724,Female,31,Faridabad,Ayushman Bharat,26-40
2725,Male,64,Delhi,None,60+
2726,Male,55,Delhi,None,41-60
2727,Female,53,Delhi,HDFC Ergo,41-60
2728,Female,36,Delhi,ICICI Lombard,26-40
2729,Female,53,Gurgaon,HDFC Ergo,41-60
2730,Female,29,Delhi,Star Health,26-40
2731,Male,36,Delhi,Ayushman Bharat,26-40
2732,Female,61,Faridabad,ICICI Lombard,60+
2733,Male,59,Gurgaon,HDFC Ergo,41-60
2734,Male,22,Ghaziabad,None,13-25
2735,Female,24,Delhi,ICICI Lombard,13-25
2736,Male,44,Faridabad,None,41-60
2737,Male,76,Noida,None,60+
2738,Female,3,Noida,None,0-12
2739,Male,47,Delhi,None,41-60
2740,Male,14,Faridabad,Star Health,13-25
2741,Female,29,Noida,Star Health,26-40
2742,Female,34,Ghaziabad,None,26-40
2743,Female,33,Gurgaon,Star Health,26-40
2744,Male,31,Ghaziabad,ICICI Lombard,26-40
2745,Female,42,Gurgaon,Ayushman Bharat,41-60
2746,Female,31,Other,HDFC Ergo,26-40
2747,Male,12,Delhi,HDFC Ergo,0-12
2748,Male,57,Delhi,ICICI Lombard,41-60
2749,Male,57,Gurgaon,HDFC Ergo,41-60
2750,Female,58,Noida,Ayushman Bharat,41-60
2751,Male,11,Noida,Star Health,0-12
2752,Female,47,Gurgaon,ICICI Lombard,41-60
2753,Female,55,Noida,Star Health,41-60
2754,Male,21,Ghaziabad,Ayushman Bharat,13-25
2755,Female,42,Delhi,Star Health,41-60
2756,Male,39,Faridabad,Star Health,26-40
2757,Male,78,Delhi,None,60+
2758,Female,80,Gurgaon,HDFC Ergo,60+
2759,Male,8,Faridabad,Ayushman Bharat,0-12
2760,Female,91,Delhi,HDFC Ergo,60+
2761,Female,23,Delhi,HDFC Ergo,13-25
2762,Male,61,Delhi,HDFC Ergo,60+
2763,Male,61,Noida,None,60+
2764,Male,22,Delhi,ICICI Lombard,13-25
2765,Female,51,Delhi,HDFC Ergo,41-60
2766,Female,39,Faridabad,ICICI Lombard,26-40
2767,Male,53,Delhi,ICICI Lombard,41-60
2768,Female,46,Noida,None,41-60
2769,Female,65,Noida,None,60+
2770,Female,43,Delhi,ICICI Lombard,41-60
2771,Male,38,Delhi,ICICI Lombard,26-40
2772,Male,63,Other,HDFC Ergo,60+
2773,Male,53,Gurgaon,None,41-60
2774,Male,56,Delhi,ICICI Lombard,41-60
2775,Male,28,Ghaziabad,Star Health,26-40
2776,Male,21,Noida,None,13-25
2777,Male,30,Delhi,None,26-40
2778,Male,29,Gurgaon,ICICI Lombard,26-40
2779,Male,57,Noida,HDFC Ergo,41-60
2780,Female,61,Delhi,Ayushman Bharat,60+
2781,Female,38,Faridabad,None,26-40
2782,Male,70,Delhi,ICICI Lombard,60+
2783,Male,69,Delhi,HDFC Ergo,60+
2784,Male,46,Delhi,HDFC Ergo,41-60
2785,Female,25,Ghaziabad,HDFC Ergo,13-25
2786,Female,73,Gurgaon,Star Health,60+
2787,Male,40,Faridabad,None,26-40
2788,Female,44,Delhi,Star Health,41-60
2789,Female,35,Ghaziabad,ICICI Lombard,26-40
2790,Female,24,Noida,None,13-25
2791,Male,12,Delhi,ICICI Lombard,0-12
2792,Male,54,Delhi,HDFC Ergo,41-60
2793,Female,26,Ghaziabad,None,26-40
2794,Male,95,Delhi,Star Health,60+
2795,Female,20,Gurgaon,None,13-25
2796,Female,16,Noida,Star Health,13-25
2797,Male,52,Delhi,ICICI Lombard,41-60
2798,Male,72,Other,Ayushman Bharat,60+
2799,Male,43,Ghaziabad,HDFC Ergo,41-60
2800,Male,53,Noida,ICICI Lombard,41-60
2801,Female,5,Gurgaon,HDFC Ergo,0-12
2802,Female,28,Noida,Ayushman Bharat,26-40
2803,Male,20,Gurgaon,Star Health,13-25
2804,Female,4,Delhi,None,0-12
2805,Female,44,Delhi,Ayushman Bharat,41-60
2806,Female,0,Delhi,ICICI Lombard,0-12
2807,Male,15,Noida,Star Health,13-25
2808,Female,31,Noida,ICICI Lombard,26-40
2809,Female,25,Delhi,Ayushman Bharat,13-25
2810,Male,49,Other,HDFC Ergo,41-60
2811,Female,48,Delhi,Ayushman Bharat,41-60
2812,Female,59,Delhi,Star Health,41-60
2813,Male,57,Delhi,HDFC Ergo,41-60
2814,Female,64,Gurgaon,Ayushman Bharat,60+
2815,Female,41,Delhi,Star Health,41-60
2816,Female,48,Noida,HDFC Ergo,41-60
2817,Male,52,Gurgaon,Ayushman Bharat,41-60
2818,Female,44,Delhi,Ayushman Bharat,41-60
2819,Female,34,Other,Star Health,26-40
2820,Female,35,Delhi,Star Health,26-40
2821,Male,25,Gurgaon,ICICI Lombard,13-25
2822,Male,50,Delhi,Ayushman Bharat,41-60
2823,Female,40,Gurgaon,ICICI Lombard,26-40
2824,Male,28,Ghaziabad,Ayushman Bharat,26-40
2825,Male,28,Delhi,None,26-40
2826,Male,17,Delhi,None,13-25
2827,Female,61,Delhi,HDFC Ergo,60+
2828,Male,43,Delhi,Star Health,41-60
2829,Female,24,Other,HDFC Ergo,13-25
2830,Female,58,Noida,Star Health,41-60
2831,Female,30,Gurgaon,ICICI Lombard,26-40
2832,Female,13,Other,None,13-25
2833,Male,62,Ghaziabad,HDFC Ergo,60+
2834,Female,31,Ghaziabad,Star Health,26-40
2835,Male,33,Delhi,ICICI Lombard,26-40
2836,Female,42,Delhi,None,41-60
2837,Male,64,Delhi,Star Health,60+
2838,Female,42,Delhi,None,41-60
2839,Female,18,Delhi,None,13-25
2840,Male,52,Delhi,ICICI Lombard,41-60
2841,Female,32,Delhi,Ayushman Bharat,26-40
2842,Male,79,Delhi,ICICI Lombard,60+
2843,Male,41,Delhi,HDFC Ergo,41-60
2844,Male,0,Delhi,ICICI Lombard,0-12
2845,Male,49,Delhi,Star Health,41-60
2846,Female,80,Noida,Ayushman Bharat,60+
2847,Female,73,Gurgaon,None,60+
2848,Male,78,Gurgaon,HDFC Ergo,60+
2849,Female,21,Delhi,Ayushman Bharat,13-25
2850,Female,60,Delhi,HDFC Ergo,41-60
2851,Female,27,Delhi,Star Health,26-40
2852,Male,46,Delhi,Ayushman Bharat,41-60
2853,Female,16,Delhi,Star Health,13-25
2854,Male,29,Other,None,26-40
2855,Female,28,Delhi,HDFC Ergo,26-40
2856,Female,59,Delhi,None,41-60
2857,Female,58,Gurgaon,HDFC Ergo,41-60
2858,Male,47,Noida,HDFC Ergo,41-60
2859,Male,14,Delhi,None,13-25
2860,Female,35,Delhi,ICICI Lombard,26-40
2861,Male,27,Other,HDFC Ergo,26-40
2862,Male,59,Delhi,None,41-60
2863,Female,65,Gurgaon,HDFC Ergo,60+
2864,Female,63,Ghaziabad,Star Health,60+
2865,Male,26,Delhi,ICICI Lombard,26-40
2866,Male,0,Gurgaon,Ayushman Bharat,0-12
2867,Female,6,Delhi,Ayushman Bharat,0-12
2868,Male,70,Delhi,None,60+
2869,Male,33,Delhi,ICICI Lombard,26-40
2870,Male,26,Other,HDFC Ergo,26-40
2871,Male,74,Delhi,HDFC Ergo,60+
2872,Female,67,Delhi,Star Health,60+
2873,Male,42,Other,Ayushman Bharat,41-60
2874,Male,36,Delhi,Star Health,26-40
2875,Female,39,Faridabad,Ayushman Bharat,26-40
2876,Male,46,Gurgaon,Ayushman Bharat,41-60
2877,Male,74,Noida,None,60+
2878,Female,50,Ghaziabad,Star Health,41-60
2879,Female,56,Gurgaon,HDFC Ergo,41-60
2880,Male,65,Delhi,None,60+
2881,Male,18,Other,Ayushman Bharat,13-25
2882,Male,57,Other,ICICI Lombard,41-60
2883,Male,36,Faridabad,Ayushman Bharat,26-40
2884,Female,0,Gurgaon,None,0-12
2885,Male,0,Noida,HDFC Ergo,0-12
2886,Female,21,Noida,None,13-25
2887,Female,52,Delhi,Star Health,41-60
2888,Male,44,Noida,None,41-60
2889,Female,45,Gurgaon,Star Health,41-60
2890,Female,81,Gurgaon,HDFC Ergo,60+
2891,Male,16,Delhi,Star Health,13-25
2892,Female,41,Noida,None,41-60
2893,Male,48,Gurgaon,None,41-60
2894,Female,27,Delhi,HDFC Ergo,26-40
2895,Female,42,Other,HDFC Ergo,41-60
2896,Male,10,Gurgaon,HDFC Ergo,0-12
2897,Female,70,Delhi,Star Health,60+
2898,Male,28,Delhi,None,26-40
2899,Female,82,Gurgaon,Star Health,60+
2900,Male,41,Delhi,None,41-60
2901,Male,62,Ghaziabad,None,60+
2902,Male,40,Delhi,Star Health,26-40
2903,Female,41,Delhi,ICICI Lombard,41-60
2904,Male,30,Delhi,None,26-40
2905,Female,44,Gurgaon,None,41-60
2906,Male,48,Other,Ayushman Bharat,41-60
2907,Male,26,Faridabad,Star Health,26-40
2908,Male,39,Noida,Star Health,26-40
2909,Male,29,Ghaziabad,None,26-40
2910,Female,87,Delhi,HDFC Ergo,60+
2911,Male,40,Noida,Ayushman Bharat,26-40
2912,Female,72,Other,Ayushman Bharat,60+
2913,Female,38,Delhi,ICICI Lombard,26-40
2914,Male,47,Other,Star Health,41-60
2915,Female,15,Delhi,ICICI Lombard,13-25
2916,Female,33,Delhi,None,26-40
2917,Female,46,Noida,HDFC Ergo,41-60
2918,Female,73,Faridabad,Star Health,60+
2919,Female,46,Delhi,None,41-60
2920,Female,69,Ghaziabad,Ayushman Bharat,60+
2921,Male,54,Delhi,ICICI Lombard,41-60
2922,Female,74,Gurgaon,None,60+
2923,Male,40,Noida,ICICI Lombard,26-40
2924,Female,89,Delhi,None,60+
2925,Female,32,Gurgaon,None,26-40
2926,Female,26,Gurgaon,HDFC Ergo,26-40
2927,Female,17,Noida,HDFC Ergo,13-25
2928,Female,88,Delhi,HDFC Ergo,60+
2929,Female,58,Delhi,Ayushman Bharat,41-60
2930,Male,35,Other,Ayushman Bharat,26-40
2931,Male,66,Gurgaon,ICICI Lombard,60+
2932,Male,55,Ghaziabad,None,41-60
2933,Male,81,Gurgaon,ICICI Lombard,60+
2934,Female,11,Ghaziabad,None,0-12
2935,Female,36,Delhi,Ayushman Bharat,26-40
2936,Female,32,Noida,ICICI Lombard,26-40
2937,Male,2,Gurgaon,Star Health,0-12
2938,Female,63,Delhi,Ayushman Bharat,60+
2939,Male,36,Delhi,Ayushman Bharat,26-40
2940,Female,56,Gurgaon,Star Health,41-60
2941,Female,89,Faridabad,None,60+
2942,Male,34,Gurgaon,ICICI Lombard,26-40
2943,Male,33,Delhi,HDFC Ergo,26-40
2944,Male,44,Other,None,41-60
2945,Male,61,Delhi,HDFC Ergo,60+
2946,Male,30,Delhi,Ayushman Bharat,26-40
2947,Male,29,Other,Ayushman Bharat,26-40
2948,Male,63,Ghaziabad,Star Health,60+
2949,Male,49,Other,ICICI Lombard,41-60
2950,Male,1,Ghaziabad,HDFC Ergo,0-12
2951,Female,17,Gurgaon,Star Health,13-25
2952,Male,72,Delhi,Ayushman Bharat,60+
2953,Female,50,Delhi,Star Health,41-60
2954,Male,26,Other,None,26-40
2955,Male,38,Faridabad,ICICI Lombard,26-40
2956,Male,42,Delhi,HDFC Ergo,41-60
2957,Female,56,Delhi,None,41-60
2958,Male,14,Delhi,ICICI Lombard,13-25
2959,Male,25,Delhi,Ayushman Bharat,13-25
2960,Male,47,Faridabad,Ayushman Bharat,41-60
2961,Female,40,Delhi,None,26-40
2962,Male,53,Delhi,Star Health,41-60
2963,Male,17,Other,Star Health,13-25
2964,Female,49,Noida,None,41-60
2965,Male,63,Noida,Star Health,60+
2966,Male,51,Delhi,Ayushman Bharat,41-60
2967,Female,44,Delhi,Ayushman Bharat,41-60
2968,Male,40,Delhi,Ayushman Bharat,26-40
2969,Male,25,Delhi,None,13-25
2970,Male,40,Delhi,None,26-40
2971,Male,67,Delhi,Star Health,60+
2972,Female,39,Delhi,Ayushman Bharat,26-40
2973,Female,24,Delhi,Ayushman Bharat,13-25
2974,Female,32,Other,HDFC Ergo,26-40
2975,Male,46,Delhi,None,41-60
2976,Female,34,Delhi,ICICI Lombard,26-40
2977,Female,51,Faridabad,Star Health,41-60
2978,Male,52,Delhi,None,41-60
2979,Female,59,Noida,None,41-60
2980,Female,70,Ghaziabad,Star Health,60+
2981,Female,61,Noida,None,60+
2982,Male,23,Delhi,HDFC Ergo,13-25
2983,Male,23,Gurgaon,Star Health,13-25
2984,Female,40,Gurgaon,HDFC Ergo,26-40
2985,Female,32,Delhi,None,26-40
2986,Male,19,Delhi,Star Health,13-25
2987,Male,33,Delhi,Star Health,26-40
2988,Female,32,Ghaziabad,Ayushman Bharat,26-40
2989,Male,28,Delhi,ICICI Lombard,26-40
2990,Male,35,Delhi,Star Health,26-40
2991,Female,65,Noida,HDFC Ergo,60+
2992,Male,45,Other,None,41-60
2993,Male,91,Delhi,Ayushman Bharat,60+
2994,Male,45,Delhi,None,41-60
2995,Female,36,Delhi,Star Health,26-40
2996,Male,42,Gurgaon,ICICI Lombard,41-60
2997,Female,47,Noida,None,41-60
2998,Female,50,Faridabad,HDFC Ergo,41-60
2999,Female,83,Delhi,Star Health,60+
3000,Female,25,Delhi,ICICI Lombard,13-25
3001,Female,59,Delhi,HDFC Ergo,41-60
3002,Male,46,Delhi,Star Health,41-60
3003,Female,10,Noida,None,0-12
3004,Female,57,Ghaziabad,ICICI Lombard,41-60
3005,Female,67,Delhi,Ayushman Bharat,60+
3006,Male,24,Gurgaon,Star Health,13-25
3007,Male,41,Delhi,Ayushman Bharat,41-60
3008,Female,7,Noida,Ayushman Bharat,0-12
3009,Male,16,Delhi,None,13-25
3010,Female,62,Noida,ICICI Lombard,60+
3011,Male,32,Delhi,None,26-40
3012,Female,19,Other,HDFC Ergo,13-25
3013,Female,46,Faridabad,Ayushman Bharat,41-60
3014,Male,31,Ghaziabad,None,26-40
3015,Male,32,Faridabad,Ayushman Bharat,26-40
3016,Female,56,Delhi,Ayushman Bharat,41-60
3017,Male,18,Noida,None,13-25
3018,Male,23,Delhi,None,13-25
3019,Female,45,Faridabad,HDFC Ergo,41-60
3020,Male,61,Delhi,Star Health,60+
3021,Female,66,Delhi,Ayushman Bharat,60+
3022,Male,28,Gurgaon,None,26-40
3023,Male,60,Delhi,ICICI Lombard,41-60
3024,Female,26,Gurgaon,HDFC Ergo,26-40
3025,Male,78,Delhi,ICICI Lombard,60+
3026,Male,19,Gurgaon,Star Health,13-25
3027,Female,68,Faridabad,Star Health,60+
3028,Female,28,Gurgaon,Star Health,26-40
3029,Female,82,Delhi,Star Health,60+
3030,Female,53,Delhi,Ayushman Bharat,41-60
3031,Male,21,Delhi,HDFC Ergo,13-25
3032,Male,31,Delhi,Star Health,26-40
3033,Female,57,Noida,ICICI Lombard,41-60
3034,Female,63,Delhi,HDFC Ergo,60+
3035,Female,40,Delhi,ICICI Lombard,26-40
3036,Male,42,Delhi,HDFC Ergo,41-60
3037,Male,57,Other,Star Health,41-60
3038,Male,44,Delhi,Ayushman Bharat,41-60
3039,Female,16,Delhi,Star Health,13-25
3040,Female,25,Noida,HDFC Ergo,13-25
3041,Male,46,Delhi,Star Health,41-60
3042,Male,66,Other,HDFC Ergo,60+
3043,Male,74,Delhi,Star Health,60+
3044,Male,57,Gurgaon,HDFC Ergo,41-60
3045,Female,47,Gurgaon,HDFC Ergo,41-60
3046,Female,56,Ghaziabad,Star Health,41-60
3047,Male,28,Gurgaon,None,26-40
3048,Female,38,Ghaziabad,HDFC Ergo,26-40
3049,Female,25,Delhi,Star Health,13-25
3050,Male,17,Noida,ICICI Lombard,13-25
3051,Male,48,Gurgaon,Star Health,41-60
3052,Male,45,Noida,None,41-60
3053,Male,55,Noida,Star Health,41-60
3054,Female,52,Delhi,ICICI Lombard,41-60
3055,Female,46,Delhi,None,41-60
3056,Male,53,Delhi,Star Health,41-60
3057,Male,41,Delhi,HDFC Ergo,41-60
3058,Female,50,Delhi,Ayushman Bharat,41-60
3059,Male,27,Delhi,None,26-40
3060,Female,49,Noida,ICICI Lombard,41-60
3061,Female,55,Gurgaon,Ayushman Bharat,41-60
3062,Female,28,Noida,Star Health,26-40
3063,Female,43,Gurgaon,Ayushman Bharat,41-60
3064,Female,29,Delhi,HDFC Ergo,26-40
3065,Female,31,Delhi,Ayushman Bharat,26-40
3066,Male,19,Gurgaon,Star Health,13-25
3067,Male,67,Ghaziabad,ICICI Lombard,60+
3068,Male,63,Gurgaon,HDFC Ergo,60+
3069,Male,52,Gurgaon,Ayushman Bharat,41-60
3070,Male,81,Gurgaon,Ayushman Bharat,60+
3071,Male,38,Gurgaon,None,26-40
3072,Male,95,Gurgaon,None,60+
3073,Male,37,Gurgaon,ICICI Lombard,26-40
3074,Male,47,Delhi,Ayushman Bharat,41-60
3075,Female,34,Delhi,Star Health,26-40
3076,Female,49,Delhi,None,41-60
3077,Female,58,Noida,Ayushman Bharat,41-60
3078,Female,39,Ghaziabad,ICICI Lombard,26-40
3079,Female,77,Delhi,ICICI Lombard,60+
3080,Female,46,Delhi,None,41-60
3081,Male,47,Ghaziabad,None,41-60
3082,Female,23,Delhi,None,13-25
3083,Male,50,Ghaziabad,ICICI Lombard,41-60
3084,Female,39,Delhi,HDFC Ergo,26-40
3085,Female,29,Delhi,None,26-40
3086,Male,26,Delhi,Ayushman Bharat,26-40
3087,Female,95,Delhi,ICICI Lombard,60+
3088,Male,36,Delhi,Ayushman Bharat,26-40
3089,Male,12,Delhi,Ayushman Bharat,0-12
3090,Male,28,Delhi,Ayushman Bharat,26-40
3091,Male,40,Delhi,Ayushman Bharat,26-40
3092,Male,52,Ghaziabad,None,41-60
3093,Female,53,Delhi,None,41-60
3094,Female,55,Delhi,ICICI Lombard,41-60
3095,Male,29,Delhi,Star Health,26-40
3096,Female,48,Other,Ayushman Bharat,41-60
3097,Male,24,Ghaziabad,Ayushman Bharat,13-25
3098,Male,29,Other,ICICI Lombard,26-40
3099,Female,23,Faridabad,None,13-25
3100,Female,18,Delhi,Star Health,13-25
3101,Male,63,Gurgaon,HDFC Ergo,60+
3102,Male,55,Delhi,None,41-60
3103,Female,61,Faridabad,None,60+
3104,Female,42,Delhi,ICICI Lombard,41-60
3105,Male,57,Delhi,Star Health,41-60
3106,Male,6,Faridabad,ICICI Lombard,0-12
3107,Male,59,Ghaziabad,ICICI Lombard,41-60
3108,Female,45,Other,ICICI Lombard,41-60
3109,Female,54,Delhi,HDFC Ergo,41-60
3110,Female,49,Delhi,HDFC Ergo,41-60
3111,Male,22,Delhi,Ayushman Bharat,13-25
3112,Female,12,Delhi,Ayushman Bharat,0-12
3113,Female,27,Noida,Ayushman Bharat,26-40
3114,Male,53,Delhi,HDFC Ergo,41-60
3115,Female,55,Ghaziabad,HDFC Ergo,41-60
3116,Male,14,Delhi,HDFC Ergo,13-25
3117,Male,22,Gurgaon,None,13-25
3118,Female,27,Faridabad,ICICI Lombard,26-40
3119,Male,34,Gurgaon,Ayushman Bharat,26-40
3120,Female,14,Delhi,ICICI Lombard,13-25
3121,Female,13,Delhi,None,13-25
3122,Male,25,Delhi,HDFC Ergo,13-25
3123,Male,43,Gurgaon,ICICI Lombard,41-60
3124,Female,18,Noida,None,13-25
3125,Male,39,Delhi,Star Health,26-40
3126,Female,63,Other,Ayushman Bharat,60+
3127,Male,15,Gurgaon,ICICI Lombard,13-25
3128,Male,37,Ghaziabad,None,26-40
3129,Female,62,Delhi,Ayushman Bharat,60+
3130,Male,33,Other,Star Health,26-40
3131,Female,30,Delhi,None,26-40
3132,Male,65,Delhi,Ayushman Bharat,60+
3133,Male,35,Faridabad,Ayushman Bharat,26-40
3134,Female,64,Faridabad,HDFC Ergo,60+
3135,Female,50,Noida,Star Health,41-60
3136,Female,35,Delhi,Ayushman Bharat,26-40
3137,Male,51,Delhi,ICICI Lombard,41-60
3138,Male,48,Ghaziabad,None,41-60
3139,Female,62,Ghaziabad,HDFC Ergo,60+
3140,Female,31,Delhi,Ayushman Bharat,26-40
3141,Female,42,Delhi,HDFC Ergo,41-60
3142,Female,40,Gurgaon,Ayushman Bharat,26-40
3143,Female,56,Gurgaon,Star Health,41-60
3144,Male,21,Delhi,ICICI Lombard,13-25
3145,Female,62,Noida,Star Health,60+
3146,Male,51,Other,Ayushman Bharat,41-60
3147,Male,15,Delhi,HDFC Ergo,13-25
3148,Female,66,Noida,None,60+
3149,Male,86,Gurgaon,Star Health,60+
3150,Male,62,Noida,Ayushman Bharat,60+
3151,Female,70,Faridabad,Ayushman Bharat,60+
3152,Female,43,Gurgaon,Star Health,41-60
3153,Female,8,Noida,Star Health,0-12
3154,Female,5,Delhi,HDFC Ergo,0-12
3155,Male,47,Gurgaon,Ayushman Bharat,41-60
3156,Female,30,Delhi,None,26-40
3157,Male,23,Delhi,Star Health,13-25
3158,Male,40,Noida,Ayushman Bharat,26-40
3159,Male,54,Noida,Ayushman Bharat,41-60
3160,Male,12,Other,Ayushman Bharat,0-12
3161,Male,33,Gurgaon,ICICI Lombard,26-40
3162,Male,72,Ghaziabad,None,60+
3163,Female,20,Delhi,ICICI Lombard,13-25
3164,Male,59,Noida,None,41-60
3165,Male,32,Other,HDFC Ergo,26-40
3166,Female,52,Delhi,None,41-60
3167,Female,63,Ghaziabad,None,60+
3168,Female,56,Noida,None,41-60
3169,Male,60,Delhi,HDFC Ergo,41-60
3170,Male,18,Noida,None,13-25
3171,Female,64,Delhi,Star Health,60+
3172,Female,24,Delhi,Ayushman Bharat,13-25
3173,Male,47,Delhi,HDFC Ergo,41-60
3174,Female,47,Delhi,Ayushman Bharat,41-60
3175,Female,51,Delhi,ICICI Lombard,41-60
3176,Female,48,Faridabad,Star Health,41-60
3177,Male,25,Delhi,HDFC Ergo,13-25
3178,Female,15,Ghaziabad,Star Health,13-25
3179,Male,59,Noida,ICICI Lombard,41-60
3180,Female,45,Delhi,None,41-60
3181,Male,64,Delhi,Ayushman Bharat,60+
3182,Male,41,Other,None,41-60
3183,Male,13,Gurgaon,None,13-25
3184,Female,61,Other,HDFC Ergo,60+
3185,Female,34,Delhi,ICICI Lombard,26-40
3186,Female,48,Gurgaon,ICICI Lombard,41-60
3187,Female,29,Ghaziabad,Star Health,26-40
3188,Female,74,Other,Ayushman Bharat,60+
3189,Female,24,Delhi,Ayushman Bharat,13-25
3190,Male,35,Other,Ayushman Bharat,26-40
3191,Female,44,Delhi,Ayushman Bharat,41-60
3192,Male,20,Ghaziabad,Star Health,13-25
3193,Male,48,Noida,None,41-60
3194,Male,74,Noida,HDFC Ergo,60+
3195,Male,32,Delhi,None,26-40
3196,Female,49,Ghaziabad,HDFC Ergo,41-60
3197,Female,0,Delhi,ICICI Lombard,0-12
3198,Male,41,Noida,ICICI Lombard,41-60
3199,Female,35,Noida,HDFC Ergo,26-40
3200,Male,25,Gurgaon,HDFC Ergo,13-25
3201,Male,63,Noida,Star Health,60+
3202,Male,35,Gurgaon,Ayushman Bharat,26-40
3203,Male,38,Noida,None,26-40
3204,Male,34,Gurgaon,HDFC Ergo,26-40
3205,Male,3,Gurgaon,ICICI Lombard,0-12
3206,Male,19,Gurgaon,None,13-25
3207,Male,61,Ghaziabad,ICICI Lombard,60+
3208,Female,0,Noida,None,0-12
3209,Male,26,Delhi,ICICI Lombard,26-40
3210,Male,34,Gurgaon,ICICI Lombard,26-40
3211,Female,76,Delhi,Star Health,60+
3212,Male,57,Delhi,Star Health,41-60
3213,Female,30,Ghaziabad,Ayushman Bharat,26-40
3214,Male,68,Delhi,None,60+
3215,Female,27,Noida,Star Health,26-40
3216,Female,62,Other,None,60+
3217,Female,14,Delhi,HDFC Ergo,13-25
3218,Female,63,Delhi,ICICI Lombard,60+
3219,Male,33,Delhi,None,26-40
3220,Male,21,Delhi,None,13-25
3221,Male,37,Gurgaon,ICICI Lombard,26-40
3222,Male,47,Ghaziabad,HDFC Ergo,41-60
3223,Male,32,Noida,Star Health,26-40
3224,Male,53,Delhi,HDFC Ergo,41-60
3225,Female,30,Noida,None,26-40
3226,Male,54,Delhi,HDFC Ergo,41-60
3227,Male,50,Gurgaon,Ayushman Bharat,41-60
3228,Female,40,Gurgaon,Star Health,26-40
3229,Male,33,Delhi,ICICI Lombard,26-40
3230,Female,45,Ghaziabad,HDFC Ergo,41-60
3231,Female,53,Ghaziabad,ICICI Lombard,41-60
3232,Female,83,Delhi,Ayushman Bharat,60+
3233,Male,60,Gurgaon,None,41-60
3234,Male,61,Gurgaon,None,60+
3235,Female,95,Delhi,Ayushman Bharat,60+
3236,Female,52,Delhi,Star Health,41-60
3237,Female,51,Gurgaon,None,41-60
3238,Male,56,Other,None,41-60
3239,Male,21,Noida,None,13-25
3240,Male,33,Noida,ICICI Lombard,26-40
3241,Male,31,Gurgaon,Star Health,26-40
3242,Male,54,Delhi,None,41-60
3243,Female,38,Delhi,ICICI Lombard,26-40
3244,Male,44,Delhi,HDFC Ergo,41-60
3245,Female,63,Faridabad,ICICI Lombard,60+
3246,Female,59,Ghaziabad,Ayushman Bharat,41-60
3247,Male,38,Other,HDFC Ergo,26-40
3248,Female,28,Delhi,Ayushman Bharat,26-40
3249,Female,64,Noida,Ayushman Bharat,60+
3250,Male,57,Noida,ICICI Lombard,41-60
3251,Male,9,Delhi,Star Health,0-12
3252,Female,35,Delhi,None,26-40
3253,Female,45,Ghaziabad,ICICI Lombard,41-60
3254,Female,57,Gurgaon,ICICI Lombard,41-60
3255,Female,60,Gurgaon,ICICI Lombard,41-60
3256,Male,47,Delhi,HDFC Ergo,41-60
3257,Female,53,Noida,Ayushman Bharat,41-60
3258,Female,43,Delhi,Star Health,41-60
3259,Female,28,Delhi,None,26-40
3260,Female,36,Noida,Star Health,26-40
3261,Female,42,Delhi,None,41-60
3262,Female,41,Other,Ayushman Bharat,41-60
3263,Male,4,Noida,Star Health,0-12
3264,Female,34,Delhi,Ayushman Bharat,26-40
3265,Male,43,Delhi,HDFC Ergo,41-60
3266,Female,36,Gurgaon,None,26-40
3267,Female,37,Delhi,None,26-40
3268,Female,51,Delhi,ICICI Lombard,41-60
3269,Male,20,Delhi,ICICI Lombard,13-25
3270,Male,9,Delhi,None,0-12
3271,Male,35,Gurgaon,Ayushman Bharat,26-40
3272,Male,57,Noida,ICICI Lombard,41-60
3273,Male,75,Delhi,ICICI Lombard,60+
3274,Female,57,Ghaziabad,HDFC Ergo,41-60
3275,Male,12,Delhi,Ayushman Bharat,0-12
3276,Female,37,Gurgaon,Ayushman Bharat,26-40
3277,Male,47,Delhi,None,41-60
3278,Female,45,Gurgaon,Ayushman Bharat,41-60
3279,Female,52,Delhi,Ayushman Bharat,41-60
3280,Female,23,Noida,ICICI Lombard,13-25
3281,Female,43,Delhi,None,41-60
3282,Female,50,Other,ICICI Lombard,41-60
3283,Female,58,Delhi,None,41-60
3284,Female,25,Faridabad,HDFC Ergo,13-25
3285,Male,35,Faridabad,Ayushman Bharat,26-40
3286,Male,0,Delhi,None,0-12
3287,Female,29,Delhi,None,26-40
3288,Male,31,Delhi,HDFC Ergo,26-40
3289,Female,21,Other,Ayushman Bharat,13-25
3290,Female,45,Gurgaon,HDFC Ergo,41-60
3291,Male,40,Noida,Star Health,26-40
3292,Female,0,Delhi,None,0-12
3293,Female,46,Ghaziabad,None,41-60
3294,Female,23,Delhi,Star Health,13-25
3295,Female,51,Delhi,None,41-60
3296,Female,16,Delhi,ICICI Lombard,13-25
3297,Female,42,Noida,None,41-60
3298,Female,36,Faridabad,None,26-40
3299,Male,48,Ghaziabad,None,41-60
3300,Female,44,Delhi,None,41-60
3301,Female,36,Delhi,None,26-40
3302,Male,11,Ghaziabad,Ayushman Bharat,0-12
3303,Male,12,Noida,HDFC Ergo,0-12
3304,Female,30,Delhi,ICICI Lombard,26-40
3305,Male,41,Delhi,None,41-60
3306,Female,29,Gurgaon,Star Health,26-40
3307,Male,54,Other,None,41-60
3308,Male,36,Gurgaon,HDFC Ergo,26-40
3309,Female,22,Delhi,None,13-25
3310,Male,36,Gurgaon,ICICI Lombard,26-40
3311,Male,46,Delhi,None,41-60
3312,Female,48,Faridabad,None,41-60
3313,Female,79,Delhi,ICICI Lombard,60+
3314,Male,28,Delhi,Ayushman Bharat,26-40
3315,Female,40,Noida,HDFC Ergo,26-40
3316,Female,50,Delhi,None,41-60
3317,Female,41,Delhi,None,41-60
3318,Male,31,Noida,HDFC Ergo,26-40
3319,Male,11,Ghaziabad,Star Health,0-12
3320,Female,31,Ghaziabad,ICICI Lombard,26-40
3321,Female,20,Delhi,Star Health,13-25
3322,Male,7,Delhi,None,0-12
3323,Female,26,Noida,HDFC Ergo,26-40
3324,Male,21,Delhi,None,13-25
3325,Female,53,Delhi,None,41-60
3326,Female,54,Faridabad,None,41-60
3327,Female,23,Other,Ayushman Bharat,13-25
3328,Female,36,Delhi,HDFC Ergo,26-40
3329,Male,4,Ghaziabad,None,0-12
3330,Female,32,Gurgaon,Ayushman Bharat,26-40
3331,Male,49,Delhi,None,41-60
3332,Female,58,Gurgaon,HDFC Ergo,41-60
3333,Female,27,Delhi,Star Health,26-40
3334,Male,63,Delhi,None,60+
3335,Male,11,Other,None,0-12
3336,Male,17,Gurgaon,HDFC Ergo,13-25
3337,Male,56,Delhi,Ayushman Bharat,41-60
3338,Male,75,Noida,Star Health,60+
3339,Female,51,Other,Ayushman Bharat,41-60
3340,Female,41,Delhi,HDFC Ergo,41-60
3341,Female,0,Faridabad,ICICI Lombard,0-12
3342,Female,1,Faridabad,HDFC Ergo,0-12
3343,Female,44,Delhi,HDFC Ergo,41-60
3344,Male,34,Gurgaon,ICICI Lombard,26-40
3345,Female,19,Gurgaon,HDFC Ergo,13-25
3346,Female,43,Ghaziabad,ICICI Lombard,41-60
3347,Female,44,Delhi,Ayushman Bharat,41-60
3348,Female,60,Delhi,Ayushman Bharat,41-60
3349,Female,44,Delhi,Ayushman Bharat,41-60
3350,Female,66,Gurgaon,HDFC Ergo,60+
3351,Female,42,Ghaziabad,Star Health,41-60
3352,Male,39,Ghaziabad,None,26-40
3353,Female,63,Noida,None,60+
3354,Male,22,Delhi,None,13-25
3355,Male,95,Delhi,None,60+
3356,Female,49,Ghaziabad,Ayushman Bharat,41-60
3357,Male,49,Noida,None,41-60
3358,Female,52,Ghaziabad,ICICI Lombard,41-60
3359,Male,79,Delhi,None,60+
3360,Female,57,Delhi,None,41-60
3361,Male,9,Faridabad,None,0-12
3362,Female,70,Delhi,ICICI Lombard,60+
3363,Male,35,Delhi,HDFC Ergo,26-40
3364,Male,44,Gurgaon,HDFC Ergo,41-60
3365,Male,16,Noida,HDFC Ergo,13-25
3366,Female,52,Other,None,41-60
3367,Female,28,Faridabad,Ayushman Bharat,26-40
3368,Female,44,Gurgaon,HDFC Ergo,41-60
3369,Male,36,Delhi,Ayushman Bharat,26-40
3370,Male,80,Noida,HDFC Ergo,60+
3371,Male,81,Faridabad,Ayushman Bharat,60+
3372,Female,42,Delhi,HDFC Ergo,41-60
3373,Female,43,Other,ICICI Lombard,41-60
3374,Male,34,Gurgaon,Ayushman Bharat,26-40
3375,Female,64,Delhi,Ayushman Bharat,60+
3376,Female,35,Noida,None,26-40
3377,Male,33,Gurgaon,ICICI Lombard,26-40
3378,Male,61,Delhi,Ayushman Bharat,60+
3379,Male,31,Delhi,HDFC Ergo,26-40
3380,Male,41,Gurgaon,ICICI Lombard,41-60
3381,Male,10,Delhi,Ayushman Bharat,0-12
3382,Female,56,Delhi,Ayushman Bharat,41-60
3383,Male,80,Gurgaon,None,60+
3384,Female,56,Ghaziabad,HDFC Ergo,41-60
3385,Female,71,Noida,None,60+
3386,Female,25,Other,HDFC Ergo,13-25
3387,Female,46,Other,Ayushman Bharat,41-60
3388,Male,23,Noida,None,13-25
3389,Male,37,Delhi,Ayushman Bharat,26-40
3390,Male,57,Ghaziabad,None,41-60
3391,Female,44,Delhi,None,41-60
3392,Female,13,Ghaziabad,HDFC Ergo,13-25
3393,Male,15,Noida,None,13-25
3394,Male,14,Delhi,None,13-25
3395,Female,51,Noida,ICICI Lombard,41-60
3396,Male,83,Noida,Star Health,60+
3397,Female,69,Other,HDFC Ergo,60+
3398,Male,4,Delhi,None,0-12
3399,Male,70,Other,None,60+
3400,Male,60,Delhi,None,41-60
3401,Male,11,Ghaziabad,ICICI Lombard,0-12
3402,Male,35,Faridabad,Star Health,26-40
3403,Female,63,Delhi,ICICI Lombard,60+
3404,Male,53,Delhi,HDFC Ergo,41-60
3405,Female,15,Ghaziabad,Star Health,13-25
3406,Male,54,Ghaziabad,Star Health,41-60
3407,Male,0,Delhi,Star Health,0-12
3408,Male,37,Noida,HDFC Ergo,26-40
3409,Male,64,Ghaziabad,None,60+
3410,Male,42,Delhi,ICICI Lombard,41-60
3411,Male,32,Gurgaon,ICICI Lombard,26-40
3412,Female,59,Delhi,Ayushman Bharat,41-60
3413,Female,61,Delhi,None,60+
3414,Female,68,Ghaziabad,None,60+
3415,Male,59,Delhi,Ayushman Bharat,41-60
3416,Female,63,Other,Ayushman Bharat,60+
3417,Female,56,Noida,Ayushman Bharat,41-60
3418,Male,47,Noida,Ayushman Bharat,41-60
3419,Male,43,Delhi,ICICI Lombard,41-60
3420,Female,37,Delhi,Ayushman Bharat,26-40
3421,Female,17,Ghaziabad,ICICI Lombard,13-25
3422,Male,22,Gurgaon,ICICI Lombard,13-25
3423,Male,36,Ghaziabad,HDFC Ergo,26-40
3424,Female,46,Delhi,HDFC Ergo,41-60
3425,Male,70,Delhi,ICICI Lombard,60+
3426,Female,41,Delhi,Ayushman Bharat,41-60
3427,Female,62,Ghaziabad,ICICI Lombard,60+
3428,Female,63,Delhi,Star Health,60+
3429,Female,37,Noida,HDFC Ergo,26-40
3430,Male,53,Noida,HDFC Ergo,41-60
3431,Female,37,Delhi,Ayushman Bharat,26-40
3432,Female,68,Gurgaon,HDFC Ergo,60+
3433,Female,54,Gurgaon,Star Health,41-60
3434,Male,18,Other,Star Health,13-25
3435,Male,45,Delhi,ICICI Lombard,41-60
3436,Male,74,Noida,Star Health,60+
3437,Male,38,Delhi,ICICI Lombard,26-40
3438,Female,50,Ghaziabad,Ayushman Bharat,41-60
3439,Female,52,Gurgaon,None,41-60
3440,Female,21,Delhi,Ayushman Bharat,13-25
3441,Female,52,Ghaziabad,Star Health,41-60
3442,Male,14,Noida,ICICI Lombard,13-25
3443,Male,29,Delhi,None,26-40
3444,Male,63,Noida,HDFC Ergo,60+
3445,Male,49,Delhi,None,41-60
3446,Male,35,Faridabad,ICICI Lombard,26-40
3447,Male,50,Gurgaon,Star Health,41-60
3448,Male,40,Ghaziabad,HDFC Ergo,26-40
3449,Female,42,Faridabad,None,41-60
3450,Male,55,Ghaziabad,None,41-60
3451,Male,27,Delhi,None,26-40
3452,Male,42,Delhi,HDFC Ergo,41-60
3453,Female,35,Delhi,None,26-40
3454,Female,10,Other,HDFC Ergo,0-12
3455,Male,23,Other,ICICI Lombard,13-25
3456,Male,73,Ghaziabad,Ayushman Bharat,60+
3457,Female,49,Delhi,None,41-60
3458,Female,15,Delhi,ICICI Lombard,13-25
3459,Female,11,Faridabad,ICICI Lombard,0-12
3460,Female,39,Delhi,HDFC Ergo,26-40
3461,Female,73,Noida,ICICI Lombard,60+
3462,Female,38,Delhi,Star Health,26-40
3463,Male,68,Delhi,None,60+
3464,Female,49,Gurgaon,Star Health,41-60
3465,Male,51,Other,Ayushman Bharat,41-60
3466,Female,15,Ghaziabad,HDFC Ergo,13-25
3467,Male,60,Noida,ICICI Lombard,41-60
3468,Male,35,Delhi,HDFC Ergo,26-40
3469,Female,59,Faridabad,ICICI Lombard,41-60
3470,Female,25,Noida,ICICI Lombard,13-25
3471,Male,45,Noida,Ayushman Bharat,41-60
3472,Female,49,Gurgaon,None,41-60
3473,Male,38,Delhi,HDFC Ergo,26-40
3474,Male,50,Delhi,Ayushman Bharat,41-60
3475,Female,36,Faridabad,None,26-40
3476,Male,29,Gurgaon,HDFC Ergo,26-40
3477,Male,74,Delhi,None,60+
3478,Female,62,Delhi,None,60+
3479,Male,26,Other,None,26-40
3480,Male,53,Gurgaon,Ayushman Bharat,41-60
3481,Male,27,Gurgaon,Ayushman Bharat,26-40
3482,Female,18,Delhi,ICICI Lombard,13-25
3483,Male,62,Other,Ayushman Bharat,60+
3484,Male,7,Faridabad,None,0-12
3485,Female,60,Noida,HDFC Ergo,41-60
3486,Male,36,Delhi,None,26-40
3487,Male,37,Gurgaon,ICICI Lombard,26-40
3488,Female,50,Ghaziabad,Star Health,41-60
3489,Female,53,Ghaziabad,Ayushman Bharat,41-60
3490,Male,25,Other,None,13-25
3491,Female,56,Gurgaon,Ayushman Bharat,41-60
3492,Female,44,Delhi,None,41-60
3493,Male,16,Noida,HDFC Ergo,13-25
3494,Female,38,Ghaziabad,None,26-40
3495,Female,69,Delhi,Ayushman Bharat,60+
3496,Female,75,Delhi,None,60+
3497,Female,56,Gurgaon,HDFC Ergo,41-60
3498,Female,18,Delhi,ICICI Lombard,13-25
3499,Female,51,Ghaziabad,None,41-60
3500,Female,59,Delhi,Star Health,41-60
