BillID,AdmissionID,TotalBill,InsuranceCovered,PatientPayable,PaymentStatus
1,1,40200,31250,8950,Paid
2,2,32640,15160,17480,Paid
3,3,12780,7880,4900,Paid
4,4,67820,0,67820,Paid
5,5,139380,0,139380,Paid
6,6,50150,31740,18410,Pending
7,7,21970,18970,3000,Paid
8,8,21570,0,21570,Paid
9,9,92530,60380,32150,Paid
10,10,148640,0,148640,Paid
11,11,103250,0,103250,Paid
12,12,144910,126320,18590,Paid
13,13,69260,52840,16420,Pending
14,14,56140,28050,28090,Paid
15,15,18020,14180,3840,Paid
16,16,117870,47610,70260,Paid
17,17,25000,16430,8570,Paid
18,18,48160,0,48160,Paid
19,19,16790,8770,8020,Paid
20,20,130240,63180,67060,Paid
21,21,53200,43910,9290,Pending
22,22,24710,15490,9220,Paid
23,23,32710,0,32710,Paid
24,24,27210,15210,12000,Paid
25,25,40610,33450,7160,Paid
26,26,106690,95430,11260,Paid
27,27,79730,0,79730,Paid
28,28,29630,17840,11790,Paid
29,29,127490,51830,75660,Partially Paid
30,30,85620,62150,23470,Paid
31,31,10240,0,10240,Pending
32,32,16280,11490,4790,Paid
33,33,36080,17540,18540,Paid
34,34,33580,18140,15440,Paid
35,35,149700,0,149700,Paid
36,36,19730,11130,8600,Pending
37,37,43680,0,43680,Pending
38,38,5830,3390,2440,Paid
39,39,51870,31250,20620,Paid
40,40,32410,25450,6960,Paid
41,41,21260,16570,4690,Paid
42,42,94280,43280,51000,Paid
43,43,26220,14600,11620,Paid
44,44,41110,17350,23760,Paid
45,45,30260,20040,10220,Paid
46,46,25050,16890,8160,Pending
47,47,89210,0,89210,Paid
48,48,32740,0,32740,Paid
49,49,57150,0,57150,Paid
50,50,40920,33130,7790,Paid
51,51,69120,47930,21190,Partially Paid
52,52,63720,51490,12230,Paid
53,53,66690,55500,11190,Partially Paid
54,54,27890,0,27890,Paid
55,55,91750,50550,41200,Paid
56,56,45960,39920,6040,Paid
57,57,134030,72860,61170,Paid
58,58,61300,41870,19430,Paid
59,59,142820,104220,38600,Pending
60,60,60560,46030,14530,Paid
61,61,37470,0,37470,Paid
62,62,84750,48690,36060,Paid
63,63,59130,50290,8840,Paid
64,64,21540,0,21540,Paid
65,65,37670,24500,13170,Paid
66,66,23900,20360,3540,Paid
67,67,28810,19920,8890,Paid
68,68,59270,36160,23110,Paid
69,69,445380,373010,72370,Pending
70,70,25320,22370,2950,Paid
71,71,51240,39720,11520,Paid
72,72,28300,23770,4530,Paid
73,73,28530,0,28530,Paid
74,74,69660,37020,32640,Paid
75,75,22050,11160,10890,Paid
76,76,45210,28470,16740,Paid
77,77,45190,0,45190,Pending
78,78,19440,11620,7820,Pending
79,79,35970,16750,19220,Paid
80,80,75120,45690,29430,Pending
81,81,74970,56440,18530,Paid
82,82,50500,23270,27230,Paid
83,83,33850,19130,14720,Paid
84,84,22950,18610,4340,Paid
85,85,129400,54040,75360,Paid
86,86,34960,19240,15720,Partially Paid
87,87,43710,38780,4930,Partially Paid
88,88,62890,54350,8540,Paid
89,89,224410,201590,22820,Paid
90,90,58180,23830,34350,Paid
91,91,23980,18190,5790,Paid
92,92,30080,25660,4420,Paid
93,93,95790,57870,37920,Paid
94,94,33010,21410,11600,Paid
95,95,105810,0,105810,Paid
96,96,176660,89160,87500,Paid
97,97,46200,33730,12470,Pending
98,98,108750,60850,47900,Paid
99,99,92670,56270,36400,Paid
100,100,17330,0,17330,Paid
101,101,15310,10480,4830,Paid
102,102,22550,17880,4670,Paid
103,103,387190,204710,182480,Paid
104,104,26050,0,26050,Partially Paid
105,105,65160,46840,18320,Paid
106,106,21070,12440,8630,Paid
107,107,44190,23520,20670,Paid
108,108,110950,89170,21780,Paid
109,109,32620,27300,5320,Paid
110,110,68850,0,68850,Paid
111,111,18310,14960,3350,Partially Paid
112,112,40230,32440,7790,Partially Paid
113,113,11080,8090,2990,Paid
114,114,95650,71160,24490,Paid
115,115,77870,39690,38180,Pending
116,116,168000,0,168000,Paid
117,117,28640,0,28640,Paid
118,118,170170,103500,66670,Paid
119,119,31690,0,31690,Paid
120,120,97240,44670,52570,Paid
121,121,24450,0,24450,Pending
122,122,20380,14920,5460,Paid
123,123,51330,20820,30510,Paid
124,124,19200,14750,4450,Paid
125,125,189330,0,189330,Paid
126,126,21730,16740,4990,Paid
127,127,109020,87470,21550,Paid
128,128,132440,111950,20490,Partially Paid
129,129,178110,154150,23960,Paid
130,130,23710,21090,2620,Paid
131,131,81960,34740,47220,Paid
132,132,20690,11150,9540,Paid
133,133,37100,0,37100,Paid
134,134,29550,0,29550,Paid
135,135,61560,36400,25160,Paid
136,136,41480,32300,9180,Paid
137,137,98670,39810,58860,Pending
138,138,24630,19860,4770,Paid
139,139,14260,5770,8490,Paid
140,140,25380,17950,7430,Paid
141,141,39480,29770,9710,Paid
142,142,55820,48620,7200,Paid
143,143,22430,17440,4990,Paid
144,144,23450,10500,12950,Paid
145,145,8320,0,8320,Paid
146,146,19090,10180,8910,Paid
147,147,75930,60810,15120,Paid
148,148,142100,79190,62910,Paid
149,149,19330,13620,5710,Paid
150,150,75790,59610,16180,Paid
151,151,90710,0,90710,Paid
152,152,22340,0,22340,Paid
153,153,32580,0,32580,Paid
154,154,32900,18860,14040,Paid
155,155,35270,30670,4600,Paid
156,156,23070,17240,5830,Pending
157,157,15820,0,15820,Paid
158,158,9690,0,9690,Paid
159,159,22140,9390,12750,Partially Paid
160,160,27780,0,27780,Paid
161,161,43280,30540,12740,Paid
162,162,113030,97410,15620,Partially Paid
163,163,35760,17790,17970,Paid
164,164,90970,56820,34150,Paid
165,165,15960,13720,2240,Paid
166,166,30270,22600,7670,Paid
167,167,92980,77520,15460,Paid
168,168,21740,13500,8240,Paid
169,169,86000,58560,27440,Pending
170,170,15610,13970,1640,Paid
171,171,110900,0,110900,Paid
172,172,30550,16250,14300,Paid
173,173,201090,0,201090,Paid
174,174,121910,85690,36220,Pending
175,175,54570,23730,30840,Partially Paid
176,176,92980,0,92980,Paid
177,177,48120,0,48120,Paid
178,178,35260,29620,5640,Partially Paid
179,179,8400,7000,1400,Paid
180,180,47540,27070,20470,Paid
181,181,264070,237170,26900,Paid
182,182,63150,31510,31640,Paid
183,183,386420,286970,99450,Paid
184,184,6400,5720,680,Pending
185,185,33700,14830,18870,Partially Paid
186,186,66450,43270,23180,Partially Paid
187,187,124590,75380,49210,Pending
188,188,31450,19950,11500,Paid
189,189,527460,312480,214980,Paid
190,190,347240,168130,179110,Paid
191,191,26390,14720,11670,Pending
192,192,32160,24170,7990,Paid
193,193,167270,123810,43460,Paid
194,194,86210,0,86210,Pending
195,195,17600,13970,3630,Paid
196,196,8110,6120,1990,Paid
197,197,174420,90610,83810,Paid
198,198,43240,0,43240,Paid
199,199,168920,0,168920,Paid
200,200,75890,37480,38410,Paid
201,201,79690,62320,17370,Paid
202,202,74630,0,74630,Paid
203,203,4940,4360,580,Paid
204,204,13430,11950,1480,Paid
205,205,49330,0,49330,Paid
206,206,157090,0,157090,Paid
207,207,69890,29790,40100,Paid
208,208,10590,0,10590,Paid
209,209,428190,343190,85000,Paid
210,210,16960,13500,3460,Pending
211,211,25420,22850,2570,Pending
212,212,307090,165030,142060,Pending
213,213,21070,16210,4860,Paid
214,214,39830,0,39830,Paid
215,215,229410,182570,46840,Paid
216,216,29790,23020,6770,Paid
217,217,71140,52840,18300,Paid
218,218,393130,164730,228400,Paid
219,219,38990,22250,16740,Pending
220,220,27710,18940,8770,Paid
221,221,24620,12570,12050,Paid
222,222,96290,0,96290,Paid
223,223,13810,0,13810,Paid
224,224,39800,27060,12740,Paid
225,225,93000,60180,32820,Paid
226,226,154540,89170,65370,Paid
227,227,36120,0,36120,Paid
228,228,56850,35300,21550,Pending
229,229,32120,20350,11770,Partially Paid
230,230,7300,6340,960,Partially Paid
231,231,18510,0,18510,Paid
232,232,19990,0,19990,Pending
233,233,40840,33380,7460,Paid
234,234,40610,36340,4270,Paid
235,235,31890,23610,8280,Paid
236,236,40760,0,40760,Paid
237,237,13500,0,13500,Paid
238,238,107820,52330,55490,Paid
239,239,19100,13700,5400,Paid
240,240,79090,50940,28150,Paid
241,241,41300,30850,10450,Paid
242,242,23380,10400,12980,Paid
243,243,12300,0,12300,Paid
244,244,112320,70160,42160,Paid
245,245,62230,33570,28660,Paid
246,246,83740,71840,11900,Partially Paid
247,247,21030,0,21030,Paid
248,248,106360,0,106360,Partially Paid
249,249,31370,19450,11920,Paid
250,250,89020,60230,28790,Paid
251,251,304470,0,304470,Paid
252,252,152840,84250,68590,Paid
253,253,34060,19350,14710,Paid
254,254,136920,0,136920,Paid
255,255,281210,0,281210,Paid
256,256,104550,73850,30700,Paid
257,257,41870,18970,22900,Pending
258,258,39090,21760,17330,Paid
259,259,76240,63040,13200,Paid
260,260,182880,156260,26620,Paid
261,261,44190,25830,18360,Paid
262,262,187920,81060,106860,Paid
263,263,222210,111210,111000,Paid
264,264,17490,0,17490,Partially Paid
265,265,130190,110380,19810,Paid
266,266,137100,0,137100,Paid
267,267,113540,62460,51080,Paid
268,268,75560,35400,40160,Paid
269,269,19300,11670,7630,Pending
270,270,39850,0,39850,Paid
271,271,87120,63450,23670,Paid
272,272,18520,12290,6230,Partially Paid
273,273,108170,71840,36330,Paid
274,274,105220,84890,20330,Paid
275,275,57670,49360,8310,Paid
276,276,42270,22630,19640,Paid
277,277,22480,17460,5020,Paid
278,278,57340,40700,16640,Pending
279,279,31410,21760,9650,Paid
280,280,36900,17470,19430,Paid
281,281,179710,72000,107710,Paid
282,282,41200,0,41200,Paid
283,283,20280,13430,6850,Paid
284,284,16460,10310,6150,Paid
285,285,166870,88510,78360,Paid
286,286,14360,7490,6870,Paid
287,287,128750,70550,58200,Paid
288,288,33530,17830,15700,Paid
289,289,359090,163660,195430,Paid
290,290,28960,19860,9100,Paid
291,291,23440,10910,12530,Paid
292,292,97840,63500,34340,Paid
293,293,30680,24210,6470,Pending
294,294,115110,48010,67100,Paid
295,295,176790,154560,22230,Paid
296,296,44680,18980,25700,Paid
297,297,72130,33510,38620,Paid
298,298,23050,18410,4640,Paid
299,299,22540,11710,10830,Paid
300,300,29830,19200,10630,Paid
301,301,21570,15970,5600,Paid
302,302,24690,0,24690,Paid
303,303,161330,138660,22670,Paid
304,304,87010,0,87010,Paid
305,305,46760,36230,10530,Paid
306,306,32370,14200,18170,Pending
307,307,27680,15910,11770,Paid
308,308,82850,37520,45330,Pending
309,309,128790,114330,14460,Paid
310,310,26940,12390,14550,Paid
311,311,74420,0,74420,Pending
312,312,234010,120540,113470,Paid
313,313,41170,27240,13930,Partially Paid
314,314,129000,53150,75850,Paid
315,315,241470,211790,29680,Paid
316,316,12790,7150,5640,Paid
317,317,31020,24900,6120,Paid
318,318,47720,22500,25220,Paid
319,319,74390,0,74390,Pending
320,320,65530,0,65530,Paid
321,321,83190,48560,34630,Paid
322,322,24680,13370,11310,Paid
323,323,12080,9810,2270,Paid
324,324,300620,237500,63120,Paid
325,325,65600,30310,35290,Paid
326,326,653020,359650,293370,Paid
327,327,50300,32110,18190,Paid
328,328,417550,375110,42440,Pending
329,329,37500,0,37500,Pending
330,330,57370,0,57370,Paid
331,331,32830,0,32830,Paid
332,332,20010,12300,7710,Paid
333,333,54730,45690,9040,Paid
334,334,48350,22760,25590,Paid
335,335,18500,12050,6450,Paid
336,336,22020,13530,8490,Paid
337,337,20880,10750,10130,Pending
338,338,98390,68040,30350,Paid
339,339,137350,57870,79480,Paid
340,340,112520,88290,24230,Paid
341,341,147530,80350,67180,Partially Paid
342,342,206560,168820,37740,Paid
343,343,25210,0,25210,Paid
344,344,85210,65870,19340,Paid
345,345,42120,28860,13260,Paid
346,346,55170,0,55170,Partially Paid
347,347,147100,78030,69070,Paid
348,348,30190,25220,4970,Paid
349,349,66660,49070,17590,Paid
350,350,13810,8560,5250,Paid
351,351,13780,6620,7160,Paid
352,352,36520,15920,20600,Paid
353,353,172290,136340,35950,Paid
354,354,19130,16590,2540,Partially Paid
355,355,71350,0,71350,Paid
356,356,85490,67980,17510,Paid
357,357,20020,12520,7500,Paid
358,358,29500,14880,14620,Paid
359,359,5670,0,5670,Paid
360,360,123140,51040,72100,Paid
361,361,29100,20370,8730,Paid
362,362,48090,36530,11560,Pending
363,363,65760,47570,18190,Pending
364,364,132740,73870,58870,Pending
365,365,44440,0,44440,Paid
366,366,31310,0,31310,Paid
367,367,38750,33230,5520,Paid
368,368,18980,0,18980,Paid
369,369,32500,0,32500,Partially Paid
370,370,178670,0,178670,Paid
371,371,15820,12980,2840,Paid
372,372,46760,40200,6560,Pending
373,373,30800,17990,12810,Partially Paid
374,374,83710,53770,29940,Paid
375,375,173650,92560,81090,Paid
376,376,96230,0,96230,Paid
377,377,167020,74820,92200,Paid
378,378,147500,111830,35670,Paid
379,379,43600,34030,9570,Paid
380,380,52470,0,52470,Paid
381,381,11290,5080,6210,Paid
382,382,34600,27020,7580,Paid
383,383,21830,18810,3020,Paid
384,384,49610,44520,5090,Paid
385,385,252320,216720,35600,Paid
386,386,64060,53900,10160,Paid
387,387,81910,52760,29150,Paid
388,388,29260,20820,8440,Paid
389,389,98420,52090,46330,Paid
390,390,34220,21720,12500,Paid
391,391,426090,0,426090,Paid
392,392,28870,11880,16990,Paid
393,393,93320,50590,42730,Paid
394,394,54770,44100,10670,Paid
395,395,48890,42620,6270,Paid
396,396,147440,126170,21270,Paid
397,397,80590,37640,42950,Pending
398,398,132840,89390,43450,Partially Paid
399,399,138570,0,138570,Paid
400,400,237280,164440,72840,Paid
401,401,59780,28810,30970,Pending
402,402,73440,60480,12960,Paid
403,403,20560,11270,9290,Paid
404,404,27640,0,27640,Paid
405,405,44740,39150,5590,Pending
406,406,15140,11590,3550,Pending
407,407,56390,36750,19640,Paid
408,408,19870,11190,8680,Paid
409,409,40910,19360,21550,Pending
410,410,18830,0,18830,Paid
411,411,73170,0,73170,Paid
412,412,154220,63730,90490,Paid
413,413,77110,0,77110,Pending
414,414,48080,0,48080,Paid
415,415,134600,0,134600,Paid
416,416,31120,23870,7250,Paid
417,417,68530,56230,12300,Paid
418,418,237590,116470,121120,Paid
419,419,24520,18660,5860,Paid
420,420,121680,0,121680,Paid
421,421,162980,103790,59190,Paid
422,422,40790,36100,4690,Paid
423,423,44100,26360,17740,Paid
424,424,67440,41080,26360,Paid
425,425,23630,0,23630,Paid
426,426,48910,35250,13660,Paid
427,427,120620,86860,33760,Paid
428,428,105540,61990,43550,Pending
429,429,13980,11200,2780,Pending
430,430,49990,36110,13880,Paid
431,431,9630,5840,3790,Paid
432,432,29450,0,29450,Paid
433,433,133930,106680,27250,Paid
434,434,34520,17220,17300,Partially Paid
435,435,41040,35180,5860,Paid
436,436,49910,26660,23250,Paid
437,437,80250,0,80250,Paid
438,438,59440,47520,11920,Paid
439,439,114040,63760,50280,Pending
440,440,56610,0,56610,Paid
441,441,31220,26000,5220,Partially Paid
442,442,19590,0,19590,Paid
443,443,100850,44560,56290,Paid
444,444,36840,0,36840,Paid
445,445,30170,16770,13400,Paid
446,446,187190,130840,56350,Pending
447,447,33880,22320,11560,Paid
448,448,207890,143140,64750,Pending
449,449,35780,23050,12730,Paid
450,450,62650,0,62650,Pending
451,451,161990,133000,28990,Paid
452,452,39460,21620,17840,Paid
453,453,363980,249490,114490,Paid
454,454,32330,25060,7270,Pending
455,455,83890,69310,14580,Paid
456,456,78080,51960,26120,Paid
457,457,15880,10420,5460,Paid
458,458,77480,36520,40960,Paid
459,459,30990,0,30990,Paid
460,460,17930,9070,8860,Paid
461,461,29610,21740,7870,Paid
462,462,36790,20130,16660,Paid
463,463,44740,0,44740,Paid
464,464,29250,25560,3690,Paid
465,465,27940,22650,5290,Paid
466,466,41290,35810,5480,Paid
467,467,92240,44320,47920,Partially Paid
468,468,72100,31230,40870,Pending
469,469,50560,42780,7780,Paid
470,470,76560,61810,14750,Paid
471,471,338430,179360,159070,Paid
472,472,82220,67910,14310,Paid
473,473,282980,0,282980,Paid
474,474,25870,10830,15040,Paid
475,475,159380,115720,43660,Paid
476,476,24820,20330,4490,Paid
477,477,28740,21870,6870,Partially Paid
478,478,151900,73810,78090,Paid
479,479,143870,0,143870,Paid
480,480,21780,13860,7920,Paid
481,481,24800,14550,10250,Paid
482,482,385930,286310,99620,Paid
483,483,17510,12510,5000,Paid
484,484,101470,88210,13260,Partially Paid
485,485,48900,42460,6440,Paid
486,486,84920,0,84920,Paid
487,487,292800,207220,85580,Paid
488,488,12100,9680,2420,Paid
489,489,59090,0,59090,Paid
490,490,50510,0,50510,Paid
491,491,38450,22420,16030,Pending
492,492,11910,8160,3750,Paid
493,493,577200,238260,338940,Paid
494,494,101920,55010,46910,Paid
495,495,153830,119550,34280,Paid
496,496,46550,24470,22080,Paid
497,497,38470,0,38470,Paid
498,498,55440,0,55440,Paid
499,499,44600,22340,22260,Paid
500,500,31830,16490,15340,Paid
501,501,61340,0,61340,Pending
502,502,107810,72030,35780,Paid
503,503,26260,0,26260,Paid
504,504,22230,0,22230,Paid
505,505,32210,28780,3430,Paid
506,506,28590,25200,3390,Partially Paid
507,507,19330,13750,5580,Paid
508,508,19230,8510,10720,Paid
509,509,69390,61370,8020,Pending
510,510,49520,42370,7150,Paid
511,511,53460,37190,16270,Paid
512,512,17550,0,17550,Partially Paid
513,513,31450,20270,11180,Pending
514,514,113640,0,113640,Pending
515,515,34980,28530,6450,Paid
516,516,27120,13430,13690,Paid
517,517,32140,28190,3950,Paid
518,518,17920,14100,3820,Paid
519,519,35180,19110,16070,Paid
520,520,60780,0,60780,Paid
521,521,7800,0,7800,Partially Paid
522,522,105170,0,105170,Paid
523,523,133330,89130,44200,Paid
524,524,33210,0,33210,Paid
525,525,91890,38060,53830,Partially Paid
526,526,193910,132090,61820,Paid
527,527,10130,0,10130,Pending
528,528,65800,30420,35380,Pending
529,529,9040,6110,2930,Paid
530,530,182280,161740,20540,Paid
531,531,7130,0,7130,Paid
532,532,34490,18700,15790,Paid
533,533,64010,26790,37220,Paid
534,534,7200,5840,1360,Paid
535,535,18400,8410,9990,Paid
536,536,124820,107620,17200,Paid
537,537,17640,0,17640,Paid
538,538,35780,24440,11340,Paid
539,539,15820,6520,9300,Paid
540,540,60620,0,60620,Paid
541,541,21160,16210,4950,Paid
542,542,36600,19750,16850,Pending
543,543,217910,181510,36400,Paid
544,544,99850,0,99850,Paid
545,545,67200,0,67200,Paid
546,546,138040,112920,25120,Paid
547,547,41590,31520,10070,Paid
548,548,29780,12970,16810,Paid
549,549,98320,62580,35740,Paid
550,550,19910,14560,5350,Paid
551,551,42730,34120,8610,Paid
552,552,37880,21110,16770,Paid
553,553,180850,0,180850,Partially Paid
554,554,19520,8710,10810,Paid
555,555,21100,8990,12110,Paid
556,556,75000,49330,25670,Paid
557,557,52150,30380,21770,Paid
558,558,43570,29240,14330,Paid
559,559,44960,29350,15610,Paid
560,560,27150,21630,5520,Paid
561,561,11880,8100,3780,Paid
562,562,22880,0,22880,Pending
563,563,22070,10400,11670,Paid
564,564,23450,17420,6030,Pending
565,565,26580,14910,11670,Paid
566,566,119750,85350,34400,Partially Paid
567,567,159470,0,159470,Paid
568,568,36140,31840,4300,Paid
569,569,164820,66480,98340,Paid
570,570,93480,79340,14140,Paid
571,571,16330,10390,5940,Paid
572,572,360270,186970,173300,Paid
573,573,41720,0,41720,Paid
574,574,173820,86090,87730,Paid
575,575,57480,43510,13970,Paid
576,576,216290,139350,76940,Paid
577,577,28860,0,28860,Partially Paid
578,578,91160,77030,14130,Paid
579,579,174060,0,174060,Paid
580,580,92480,0,92480,Pending
581,581,42710,30630,12080,Partially Paid
582,582,17510,11320,6190,Paid
583,583,230700,0,230700,Paid
584,584,26060,17220,8840,Partially Paid
585,585,25840,0,25840,Paid
586,586,47850,41770,6080,Paid
587,587,65110,47030,18080,Paid
588,588,40320,35330,4990,Paid
589,589,147990,124340,23650,Paid
590,590,34300,26940,7360,Paid
591,591,37510,32230,5280,Paid
592,592,46400,0,46400,Pending
593,593,11040,5460,5580,Paid
594,594,62750,39580,23170,Paid
595,595,48070,33680,14390,Paid
596,596,48560,22190,26370,Paid
597,597,24740,14320,10420,Paid
598,598,89570,44480,45090,Paid
599,599,43370,0,43370,Paid
600,600,16180,10840,5340,Paid
601,601,22820,10840,11980,Paid
602,602,36360,30510,5850,Paid
603,603,55320,39300,16020,Pending
604,604,23100,0,23100,Paid
605,605,89200,74080,15120,Pending
606,606,24070,11300,12770,Pending
607,607,27520,23610,3910,Paid
608,608,59900,29960,29940,Paid
609,609,74850,34830,40020,Paid
610,610,559550,0,559550,Paid
611,611,23510,20010,3500,Paid
612,612,27060,12860,14200,Paid
613,613,136140,0,136140,Paid
614,614,24210,0,24210,Paid
615,615,26550,22550,4000,Paid
616,616,88710,50800,37910,Paid
617,617,28330,20370,7960,Pending
618,618,20040,15910,4130,Pending
619,619,38430,22380,16050,Paid
620,620,258530,0,258530,Paid
621,621,43610,26830,16780,Paid
622,622,276710,247260,29450,Partially Paid
623,623,109330,55280,54050,Paid
624,624,37080,28030,9050,Pending
625,625,14170,8700,5470,Paid
626,626,75490,39300,36190,Paid
627,627,18560,12590,5970,Partially Paid
628,628,29570,19910,9660,Pending
629,629,26940,0,26940,Pending
630,630,453970,348360,105610,Paid
631,631,57320,43940,13380,Pending
632,632,20760,17930,2830,Paid
633,633,10080,7190,2890,Pending
634,634,136820,122940,13880,Pending
635,635,23330,0,23330,Paid
636,636,151870,84440,67430,Paid
637,637,49060,43800,5260,Paid
638,638,15510,11790,3720,Paid
639,639,71990,33090,38900,Paid
640,640,34010,23970,10040,Pending
641,641,51770,0,51770,Paid
642,642,9640,6440,3200,Paid
643,643,70200,36310,33890,Partially Paid
644,644,64440,37240,27200,Paid
645,645,11790,10170,1620,Partially Paid
646,646,15190,11910,3280,Partially Paid
647,647,17500,13370,4130,Paid
648,648,47290,0,47290,Paid
649,649,149340,0,149340,Paid
650,650,151090,0,151090,Paid
651,651,14460,9210,5250,Paid
652,652,110140,62230,47910,Paid
653,653,79820,0,79820,Paid
654,654,111320,74320,37000,Paid
655,655,21660,0,21660,Pending
656,656,46510,36350,10160,Paid
657,657,34960,29790,5170,Paid
658,658,22600,17510,5090,Paid
659,659,61570,40980,20590,Paid
660,660,67280,38880,28400,Paid
661,661,95850,66830,29020,Paid
662,662,35500,0,35500,Paid
663,663,244510,185410,59100,Pending
664,664,23630,20280,3350,Paid
665,665,32110,24900,7210,Paid
666,666,57230,51070,6160,Paid
667,667,36090,21660,14430,Paid
668,668,30240,15290,14950,Paid
669,669,22080,13370,8710,Paid
670,670,265040,0,265040,Paid
671,671,209430,90230,119200,Paid
672,672,46590,0,46590,Paid
673,673,41120,32540,8580,Paid
674,674,20500,16270,4230,Paid
675,675,15370,0,15370,Paid
676,676,31260,20240,11020,Paid
677,677,84280,0,84280,Partially Paid
678,678,309990,243950,66040,Pending
679,679,63490,36000,27490,Paid
680,680,88610,45760,42850,Paid
681,681,37520,24400,13120,Paid
682,682,10320,8010,2310,Partially Paid
683,683,46400,0,46400,Partially Paid
684,684,18560,8560,10000,Partially Paid
685,685,26700,15040,11660,Paid
686,686,40690,33820,6870,Paid
687,687,94270,69380,24890,Paid
688,688,146140,87580,58560,Pending
689,689,98870,87910,10960,Paid
690,690,38090,22560,15530,Paid
691,691,165030,0,165030,Paid
692,692,13780,11410,2370,Paid
693,693,46040,27480,18560,Paid
694,694,193790,0,193790,Paid
695,695,22950,9940,13010,Paid
696,696,16160,14020,2140,Paid
697,697,112960,68740,44220,Paid
698,698,111160,79070,32090,Paid
699,699,109540,47700,61840,Paid
700,700,35260,0,35260,Paid
701,701,96670,0,96670,Partially Paid
702,702,23070,13700,9370,Paid
703,703,75260,34260,41000,Paid
704,704,16360,11420,4940,Pending
705,705,59570,0,59570,Paid
706,706,74960,54270,20690,Paid
707,707,107180,53180,54000,Pending
708,708,143000,62560,80440,Paid
709,709,22280,10500,11780,Pending
710,710,23250,0,23250,Paid
711,711,53780,40720,13060,Partially Paid
712,712,34100,0,34100,Partially Paid
713,713,352180,0,352180,Paid
714,714,119080,70250,48830,Paid
715,715,56850,0,56850,Paid
716,716,14410,6640,7770,Paid
717,717,20590,0,20590,Partially Paid
718,718,99210,71600,27610,Paid
719,719,290850,0,290850,Partially Paid
720,720,19260,16780,2480,Partially Paid
721,721,31700,16890,14810,Paid
722,722,55700,34150,21550,Paid
723,723,123870,56270,67600,Paid
724,724,30350,24220,6130,Pending
725,725,70000,30050,39950,Paid
726,726,149720,85960,63760,Paid
727,727,28040,0,28040,Paid
728,728,24560,12630,11930,Paid
729,729,96160,49800,46360,Pending
730,730,130130,109160,20970,Pending
731,731,34360,25470,8890,Paid
732,732,91370,57100,34270,Paid
733,733,83410,35410,48000,Paid
734,734,43670,32870,10800,Paid
735,735,62280,34920,27360,Paid
736,736,64000,0,64000,Paid
737,737,430570,284360,146210,Partially Paid
738,738,31080,16660,14420,Partially Paid
739,739,121360,83700,37660,Partially Paid
740,740,47080,0,47080,Pending
741,741,37490,21830,15660,Paid
742,742,46210,0,46210,Paid
743,743,55920,49950,5970,Paid
744,744,60860,27030,33830,Pending
745,745,152890,87650,65240,Paid
746,746,92130,55810,36320,Pending
747,747,48830,43910,4920,Paid
748,748,28600,20490,8110,Paid
749,749,64020,54680,9340,Paid
750,750,84950,70220,14730,Paid
751,751,38390,27310,11080,Paid
752,752,29320,21270,8050,Pending
753,753,60660,0,60660,Pending
754,754,68850,57360,11490,Paid
755,755,158370,107260,51110,Paid
756,756,19550,8250,11300,Paid
757,757,24200,11220,12980,Partially Paid
758,758,85600,74760,10840,Paid
759,759,245460,214450,31010,Paid
760,760,181120,98430,82690,Paid
761,761,392170,255850,136320,Paid
762,762,83910,62810,21100,Partially Paid
763,763,17690,8820,8870,Paid
764,764,180110,0,180110,Paid
765,765,75930,0,75930,Paid
766,766,45570,30130,15440,Paid
767,767,183220,161020,22200,Paid
768,768,36170,27900,8270,Paid
769,769,233310,98290,135020,Paid
770,770,40890,32440,8450,Paid
771,771,54910,32320,22590,Paid
772,772,31050,17110,13940,Paid
773,773,133380,0,133380,Paid
774,774,23710,14550,9160,Paid
775,775,17890,10000,7890,Paid
776,776,95840,50040,45800,Paid
777,777,81390,36030,45360,Paid
778,778,61520,41030,20490,Paid
779,779,78300,66640,11660,Paid
780,780,6490,0,6490,Pending
781,781,107790,96100,11690,Paid
782,782,84570,72270,12300,Paid
783,783,85370,64870,20500,Paid
784,784,34460,0,34460,Paid
785,785,27260,22240,5020,Paid
786,786,15880,12040,3840,Partially Paid
787,787,19610,0,19610,Paid
788,788,32510,0,32510,Paid
789,789,27530,21660,5870,Pending
790,790,76540,65420,11120,Paid
791,791,16190,7020,9170,Paid
792,792,47150,36350,10800,Pending
793,793,44750,33080,11670,Paid
794,794,28020,21490,6530,Paid
795,795,14950,11570,3380,Paid
796,796,5440,4570,870,Paid
797,797,90580,0,90580,Partially Paid
798,798,123430,72310,51120,Paid
799,799,35100,16760,18340,Paid
800,800,131350,0,131350,Paid
801,801,63550,36410,27140,Paid
802,802,59570,38790,20780,Paid
803,803,16470,13140,3330,Paid
804,804,19110,0,19110,Paid
805,805,76150,59100,17050,Paid
806,806,19120,0,19120,Pending
807,807,65220,34600,30620,Paid
808,808,22420,10180,12240,Partially Paid
809,809,99370,81550,17820,Pending
810,810,130290,99780,30510,Paid
811,811,12300,0,12300,Partially Paid
812,812,100310,85610,14700,Partially Paid
813,813,59380,0,59380,Paid
814,814,96180,61770,34410,Partially Paid
815,815,16710,11050,5660,Paid
816,816,22830,0,22830,Paid
817,817,39310,21470,17840,Partially Paid
818,818,53060,30060,23000,Paid
819,819,107130,46830,60300,Paid
820,820,174580,142590,31990,Paid
821,821,98220,42970,55250,Paid
822,822,15580,13420,2160,Paid
823,823,12620,10050,2570,Partially Paid
824,824,237750,149340,88410,Paid
825,825,233090,167030,66060,Paid
826,826,149090,70260,78830,Paid
827,827,30950,27230,3720,Paid
828,828,125660,62920,62740,Paid
829,829,14810,11430,3380,Paid
830,830,108350,0,108350,Paid
831,831,18850,8720,10130,Paid
832,832,58890,0,58890,Partially Paid
833,833,48200,29870,18330,Paid
834,834,204420,0,204420,Paid
835,835,78020,0,78020,Paid
836,836,8560,5310,3250,Paid
837,837,23260,15570,7690,Paid
838,838,34900,0,34900,Paid
839,839,89420,77320,12100,Pending
840,840,24570,12510,12060,Paid
841,841,514750,213370,301380,Paid
842,842,21980,19460,2520,Paid
843,843,58700,50000,8700,Pending
844,844,184070,146830,37240,Paid
845,845,12120,8690,3430,Paid
846,846,15780,9090,6690,Paid
847,847,33610,0,33610,Partially Paid
848,848,54400,22520,31880,Paid
849,849,23980,0,23980,Paid
850,850,28240,0,28240,Paid
851,851,103270,69100,34170,Paid
852,852,49420,0,49420,Partially Paid
853,853,40200,21370,18830,Partially Paid
854,854,71400,0,71400,Paid
855,855,15340,12490,2850,Paid
856,856,258340,152660,105680,Paid
857,857,154880,0,154880,Partially Paid
858,858,140220,0,140220,Partially Paid
859,859,20090,10430,9660,Paid
860,860,21550,13050,8500,Paid
861,861,64890,57000,7890,Paid
862,862,29400,0,29400,Paid
863,863,33970,29410,4560,Paid
864,864,30500,23710,6790,Paid
865,865,23930,21440,2490,Partially Paid
866,866,104820,80290,24530,Paid
867,867,35880,16680,19200,Paid
868,868,8420,4400,4020,Partially Paid
869,869,27400,20570,6830,Pending
870,870,19030,11060,7970,Paid
871,871,45900,0,45900,Paid
872,872,234120,182720,51400,Paid
873,873,59490,34230,25260,Pending
874,874,53960,31120,22840,Paid
875,875,92120,39180,52940,Pending
876,876,16390,13090,3300,Pending
877,877,20920,0,20920,Paid
878,878,32020,24850,7170,Paid
879,879,75090,39630,35460,Pending
880,880,23440,13690,9750,Paid
881,881,141240,0,141240,Partially Paid
882,882,34560,17720,16840,Pending
883,883,110050,73070,36980,Paid
884,884,70440,43140,27300,Paid
885,885,85690,53260,32430,Pending
886,886,58050,29970,28080,Paid
887,887,41610,33360,8250,Paid
888,888,505530,236260,269270,Pending
889,889,214970,153810,61160,Paid
890,890,113690,74160,39530,Paid
891,891,50240,21050,29190,Paid
892,892,44150,24900,19250,Paid
893,893,46830,26110,20720,Paid
894,894,64150,39800,24350,Paid
895,895,476550,0,476550,Paid
896,896,94380,72110,22270,Paid
897,897,18500,9170,9330,Paid
898,898,95100,64760,30340,Paid
899,899,22890,0,22890,Paid
900,900,145740,80500,65240,Partially Paid
901,901,15750,0,15750,Partially Paid
902,902,59230,26290,32940,Paid
903,903,16430,8920,7510,Paid
904,904,188370,106030,82340,Paid
905,905,24650,0,24650,Pending
906,906,55360,39420,15940,Pending
907,907,158940,89330,69610,Pending
908,908,37310,25410,11900,Paid
909,909,32250,0,32250,Pending
910,910,29430,12920,16510,Paid
911,911,23590,0,23590,Paid
912,912,20240,11500,8740,Paid
913,913,61210,0,61210,Paid
914,914,69690,60780,8910,Paid
915,915,27510,21750,5760,Paid
916,916,382540,273150,109390,Paid
917,917,25360,12210,13150,Paid
918,918,258450,0,258450,Paid
919,919,75850,58170,17680,Paid
920,920,104140,89770,14370,Paid
921,921,31920,27010,4910,Partially Paid
922,922,48920,38090,10830,Paid
923,923,127460,93880,33580,Paid
924,924,36790,28220,8570,Paid
925,925,17670,12980,4690,Pending
926,926,19600,17020,2580,Paid
927,927,36700,0,36700,Paid
928,928,13310,11150,2160,Paid
929,929,62330,25560,36770,Partially Paid
930,930,24260,21730,2530,Partially Paid
931,931,34440,0,34440,Paid
932,932,40510,30330,10180,Paid
933,933,20640,8560,12080,Partially Paid
934,934,10270,0,10270,Paid
935,935,139140,111210,27930,Paid
936,936,56500,31950,24550,Paid
937,937,18650,12580,6070,Paid
938,938,82740,44800,37940,Paid
939,939,78740,53800,24940,Paid
940,940,14640,0,14640,Paid
941,941,5400,2220,3180,Paid
942,942,110430,69890,40540,Paid
943,943,95970,52240,43730,Paid
944,944,96530,54450,42080,Paid
945,945,117220,81290,35930,Paid
946,946,94870,0,94870,Paid
947,947,63800,0,63800,Pending
948,948,44620,24730,19890,Paid
949,949,20560,0,20560,Pending
950,950,58630,49850,8780,Paid
951,951,70100,62160,7940,Paid
952,952,182540,0,182540,Paid
953,953,417610,360060,57550,Paid
954,954,48430,23450,24980,Paid
955,955,49230,27130,22100,Paid
956,956,79630,53700,25930,Paid
957,957,67160,37530,29630,Paid
958,958,431630,349650,81980,Paid
959,959,23040,19350,3690,Paid
960,960,184160,144100,40060,Paid
961,961,23230,14040,9190,Paid
962,962,59440,36960,22480,Partially Paid
963,963,94560,0,94560,Partially Paid
964,964,88010,59260,28750,Paid
965,965,133370,78250,55120,Paid
966,966,34370,0,34370,Paid
967,967,83890,65190,18700,Paid
968,968,55680,0,55680,Partially Paid
969,969,37520,33410,4110,Paid
970,970,38980,0,38980,Partially Paid
971,971,14750,12600,2150,Partially Paid
972,972,124940,0,124940,Paid
973,973,33220,29680,3540,Paid
974,974,37600,30670,6930,Pending
975,975,59520,27090,32430,Paid
976,976,29070,18070,11000,Paid
977,977,25280,10850,14430,Paid
978,978,24090,0,24090,Paid
979,979,76430,34430,42000,Paid
980,980,32520,18050,14470,Paid
981,981,85610,48340,37270,Paid
982,982,132590,66090,66500,Paid
983,983,136960,82880,54080,Paid
984,984,145420,0,145420,Paid
985,985,11550,5520,6030,Paid
986,986,29560,0,29560,Paid
987,987,485560,283280,202280,Paid
988,988,74240,65200,9040,Paid
989,989,19950,15520,4430,Paid
990,990,37460,0,37460,Paid
991,991,14990,10940,4050,Paid
992,992,103250,49530,53720,Paid
993,993,43880,0,43880,Paid
994,994,56780,42810,13970,Paid
995,995,308770,202810,105960,Pending
996,996,195940,0,195940,Paid
997,997,9820,4100,5720,Paid
998,998,52200,31600,20600,Paid
999,999,53830,28520,25310,Paid
1000,1000,24400,10490,13910,Paid
1001,1001,48210,0,48210,Paid
1002,1002,14700,13040,1660,Partially Paid
1003,1003,30140,18740,11400,Paid
1004,1004,151130,0,151130,Paid
1005,1005,376160,177670,198490,Paid
1006,1006,34350,15050,19300,Partially Paid
1007,1007,78260,62900,15360,Paid
1008,1008,38120,16470,21650,Partially Paid
1009,1009,303550,182680,120870,Paid
1010,1010,104480,83310,21170,Pending
1011,1011,50830,37610,13220,Paid
1012,1012,43750,0,43750,Paid
1013,1013,161670,123750,37920,Partially Paid
1014,1014,38620,0,38620,Paid
1015,1015,157230,91620,65610,Paid
1016,1016,104660,86000,18660,Partially Paid
1017,1017,37430,18100,19330,Paid
1018,1018,229370,121700,107670,Paid
1019,1019,28500,18590,9910,Paid
1020,1020,164860,0,164860,Paid
1021,1021,20320,8720,11600,Paid
1022,1022,107390,0,107390,Pending
1023,1023,112210,85790,26420,Paid
1024,1024,11620,7640,3980,Partially Paid
1025,1025,206750,0,206750,Paid
1026,1026,37410,26800,10610,Paid
1027,1027,7350,5810,1540,Paid
1028,1028,221230,122040,99190,Paid
1029,1029,47070,0,47070,Pending
1030,1030,40130,21660,18470,Partially Paid
1031,1031,54560,41080,13480,Paid
1032,1032,123660,93080,30580,Partially Paid
1033,1033,55170,0,55170,Paid
1034,1034,74160,48720,25440,Partially Paid
1035,1035,47690,33710,13980,Pending
1036,1036,99490,51270,48220,Partially Paid
1037,1037,21670,15500,6170,Paid
1038,1038,10770,0,10770,Paid
1039,1039,21700,9890,11810,Paid
1040,1040,23230,19250,3980,Paid
1041,1041,40430,0,40430,Paid
1042,1042,101030,0,101030,Paid
1043,1043,7950,0,7950,Paid
1044,1044,21440,18530,2910,Paid
1045,1045,12570,11210,1360,Paid
1046,1046,201110,152600,48510,Paid
1047,1047,53580,34770,18810,Paid
1048,1048,88570,0,88570,Paid
1049,1049,77400,63090,14310,Paid
1050,1050,49700,38080,11620,Paid
1051,1051,139260,0,139260,Paid
1052,1052,40370,27370,13000,Paid
1053,1053,196070,152620,43450,Paid
1054,1054,32910,21540,11370,Paid
1055,1055,16720,7830,8890,Paid
1056,1056,226930,174600,52330,Pending
1057,1057,29420,0,29420,Paid
1058,1058,39260,0,39260,Paid
1059,1059,130140,68960,61180,Paid
1060,1060,66160,0,66160,Paid
1061,1061,58870,46070,12800,Pending
1062,1062,9660,7190,2470,Paid
1063,1063,181480,141320,40160,Paid
1064,1064,22890,17430,5460,Pending
1065,1065,9890,8050,1840,Paid
1066,1066,125770,53530,72240,Paid
1067,1067,94470,65300,29170,Paid
1068,1068,55490,42160,13330,Paid
1069,1069,101790,67530,34260,Pending
1070,1070,31120,0,31120,Paid
1071,1071,14540,8330,6210,Pending
1072,1072,27090,24370,2720,Paid
1073,1073,26670,21200,5470,Pending
1074,1074,67640,54210,13430,Paid
1075,1075,41660,0,41660,Paid
1076,1076,24110,9990,14120,Paid
1077,1077,84150,0,84150,Paid
1078,1078,199470,136430,63040,Paid
1079,1079,56790,40790,16000,Paid
1080,1080,55250,24790,30460,Pending
1081,1081,16580,14220,2360,Paid
1082,1082,50940,37270,13670,Paid
1083,1083,61850,53320,8530,Pending
1084,1084,97890,62150,35740,Paid
1085,1085,114990,91040,23950,Paid
1086,1086,56470,0,56470,Paid
1087,1087,61170,54130,7040,Paid
1088,1088,137890,66610,71280,Paid
1089,1089,24340,19960,4380,Paid
1090,1090,65480,56440,9040,Paid
1091,1091,85100,61510,23590,Paid
1092,1092,30900,15160,15740,Paid
1093,1093,47850,0,47850,Paid
1094,1094,24600,19740,4860,Paid
1095,1095,34630,22770,11860,Paid
1096,1096,308560,0,308560,Paid
1097,1097,110400,0,110400,Paid
1098,1098,29390,0,29390,Paid
1099,1099,41400,17570,23830,Paid
1100,1100,11360,6090,5270,Partially Paid
1101,1101,36610,0,36610,Paid
1102,1102,84840,42790,42050,Paid
1103,1103,10900,7910,2990,Paid
1104,1104,27650,22850,4800,Paid
1105,1105,308520,223280,85240,Paid
1106,1106,21280,0,21280,Paid
1107,1107,25060,20230,4830,Paid
1108,1108,27880,22290,5590,Partially Paid
1109,1109,37000,0,37000,Paid
1110,1110,7190,5140,2050,Pending
1111,1111,76460,39120,37340,Partially Paid
1112,1112,25180,17120,8060,Paid
1113,1113,34880,23700,11180,Paid
1114,1114,11490,8080,3410,Partially Paid
1115,1115,153800,118440,35360,Paid
1116,1116,24450,21980,2470,Paid
1117,1117,12570,7400,5170,Paid
1118,1118,77190,63150,14040,Paid
1119,1119,19800,11990,7810,Paid
1120,1120,27310,24160,3150,Paid
1121,1121,37440,0,37440,Paid
1122,1122,123560,0,123560,Paid
1123,1123,35740,18430,17310,Pending
1124,1124,32770,26420,6350,Partially Paid
1125,1125,33730,22950,10780,Paid
1126,1126,111860,58210,53650,Paid
1127,1127,82490,52000,30490,Paid
1128,1128,366810,161820,204990,Paid
1129,1129,16020,11390,4630,Paid
1130,1130,101000,0,101000,Paid
1131,1131,18350,0,18350,Paid
1132,1132,122150,93250,28900,Paid
1133,1133,80260,35440,44820,Paid
1134,1134,25000,17410,7590,Paid
1135,1135,165120,136150,28970,Paid
1136,1136,21810,17010,4800,Paid
1137,1137,90860,49400,41460,Paid
1138,1138,189570,112970,76600,Paid
1139,1139,92290,0,92290,Paid
1140,1140,217410,0,217410,Paid
1141,1141,77910,0,77910,Pending
1142,1142,19590,14400,5190,Paid
1143,1143,289330,157240,132090,Paid
1144,1144,7130,4230,2900,Pending
1145,1145,15470,11660,3810,Pending
1146,1146,22000,14190,7810,Pending
1147,1147,26340,19430,6910,Paid
1148,1148,274780,145110,129670,Paid
1149,1149,28490,14470,14020,Paid
1150,1150,28300,0,28300,Partially Paid
1151,1151,27610,15720,11890,Paid
1152,1152,49540,0,49540,Paid
1153,1153,42030,22630,19400,Paid
1154,1154,274200,142420,131780,Paid
1155,1155,49490,23370,26120,Paid
1156,1156,125710,54260,71450,Paid
1157,1157,73320,47110,26210,Paid
1158,1158,98400,49740,48660,Paid
1159,1159,33170,21120,12050,Paid
1160,1160,50070,25300,24770,Paid
1161,1161,38310,25570,12740,Paid
1162,1162,35720,16260,19460,Pending
1163,1163,134300,78290,56010,Partially Paid
1164,1164,79990,71250,8740,Paid
1165,1165,92780,55090,37690,Paid
1166,1166,7230,5910,1320,Paid
1167,1167,59350,0,59350,Paid
1168,1168,263070,0,263070,Paid
1169,1169,25180,16700,8480,Paid
1170,1170,30560,0,30560,Paid
1171,1171,55270,24110,31160,Paid
1172,1172,73360,0,73360,Paid
1173,1173,89120,59890,29230,Paid
1174,1174,37460,0,37460,Pending
1175,1175,138480,88010,50470,Paid
1176,1176,21590,13220,8370,Paid
1177,1177,153150,66720,86430,Paid
1178,1178,542020,0,542020,Paid
1179,1179,22980,17850,5130,Paid
1180,1180,379450,171720,207730,Pending
1181,1181,24580,14210,10370,Paid
1182,1182,70830,31160,39670,Partially Paid
1183,1183,57970,40580,17390,Paid
1184,1184,42920,38110,4810,Paid
1185,1185,145220,0,145220,Pending
1186,1186,37400,18640,18760,Paid
1187,1187,138150,108070,30080,Paid
1188,1188,12720,9120,3600,Pending
1189,1189,30830,25580,5250,Pending
1190,1190,39470,19670,19800,Paid
1191,1191,21820,14320,7500,Paid
1192,1192,31850,20390,11460,Paid
1193,1193,76730,41880,34850,Paid
1194,1194,116620,83810,32810,Paid
1195,1195,76280,40990,35290,Paid
1196,1196,122210,72560,49650,Paid
1197,1197,63850,0,63850,Paid
1198,1198,27250,0,27250,Paid
1199,1199,75180,42240,32940,Partially Paid
1200,1200,139550,105530,34020,Paid
1201,1201,41150,31720,9430,Paid
1202,1202,30440,17680,12760,Pending
1203,1203,18370,9930,8440,Paid
1204,1204,32030,24460,7570,Paid
1205,1205,29770,0,29770,Partially Paid
1206,1206,37650,22250,15400,Paid
1207,1207,73460,64540,8920,Paid
1208,1208,27900,13100,14800,Paid
1209,1209,48240,30700,17540,Paid
1210,1210,240810,216260,24550,Paid
1211,1211,46440,29770,16670,Pending
1212,1212,115600,47840,67760,Pending
1213,1213,50740,44210,6530,Paid
1214,1214,78120,0,78120,Paid
1215,1215,36260,28470,7790,Paid
1216,1216,74050,53490,20560,Paid
1217,1217,39820,26030,13790,Paid
1218,1218,254440,193120,61320,Paid
1219,1219,21480,0,21480,Paid
1220,1220,10000,6440,3560,Paid
1221,1221,20460,14220,6240,Paid
1222,1222,40740,18110,22630,Partially Paid
1223,1223,154140,103310,50830,Paid
1224,1224,14530,12720,1810,Paid
1225,1225,30550,26990,3560,Paid
1226,1226,48460,20290,28170,Paid
1227,1227,24100,12210,11890,Paid
1228,1228,86990,0,86990,Paid
1229,1229,123940,58400,65540,Paid
1230,1230,120080,80260,39820,Paid
1231,1231,14870,12620,2250,Paid
1232,1232,25410,13630,11780,Paid
1233,1233,24330,10730,13600,Partially Paid
1234,1234,76360,0,76360,Partially Paid
1235,1235,50580,0,50580,Paid
1236,1236,7310,3950,3360,Paid
1237,1237,374810,274820,99990,Partially Paid
1238,1238,27420,11000,16420,Paid
1239,1239,173810,0,173810,Pending
1240,1240,68330,37450,30880,Paid
1241,1241,321340,273250,48090,Paid
1242,1242,32620,28800,3820,Paid
1243,1243,64860,29060,35800,Paid
1244,1244,31940,0,31940,Paid
1245,1245,275310,0,275310,Pending
1246,1246,51350,0,51350,Paid
1247,1247,32860,0,32860,Paid
1248,1248,47930,28910,19020,Paid
1249,1249,54300,45340,8960,Paid
1250,1250,25140,17500,7640,Paid
1251,1251,20440,17150,3290,Paid
1252,1252,88370,73470,14900,Paid
1253,1253,102240,0,102240,Paid
1254,1254,377830,246690,131140,Pending
1255,1255,298320,266630,31690,Paid
1256,1256,44840,27550,17290,Paid
1257,1257,72300,46200,26100,Paid
1258,1258,18340,11860,6480,Paid
1259,1259,29620,0,29620,Paid
1260,1260,135820,116400,19420,Paid
1261,1261,36010,0,36010,Paid
1262,1262,154130,107480,46650,Paid
1263,1263,24600,9890,14710,Partially Paid
1264,1264,27450,20220,7230,Paid
1265,1265,50600,23710,26890,Paid
1266,1266,64040,35920,28120,Partially Paid
1267,1267,288110,196710,91400,Paid
1268,1268,26210,0,26210,Paid
1269,1269,28890,0,28890,Pending
1270,1270,41590,37060,4530,Paid
1271,1271,332520,0,332520,Paid
1272,1272,24870,0,24870,Paid
1273,1273,71660,61880,9780,Paid
1274,1274,19530,7850,11680,Paid
1275,1275,196920,78890,118030,Paid
1276,1276,25080,14760,10320,Pending
1277,1277,11550,9080,2470,Paid
1278,1278,28650,0,28650,Paid
1279,1279,516820,236350,280470,Partially Paid
1280,1280,46930,0,46930,Paid
1281,1281,115490,87380,28110,Partially Paid
1282,1282,34890,16400,18490,Paid
1283,1283,99400,48890,50510,Paid
1284,1284,76790,0,76790,Pending
1285,1285,9930,5320,4610,Paid
1286,1286,40910,31620,9290,Paid
1287,1287,79440,37120,42320,Paid
1288,1288,69690,56320,13370,Paid
1289,1289,50160,26100,24060,Pending
1290,1290,10990,6160,4830,Paid
1291,1291,27550,18650,8900,Paid
1292,1292,290910,166060,124850,Paid
1293,1293,46890,0,46890,Paid
1294,1294,68470,0,68470,Paid
1295,1295,451810,207620,244190,Paid
1296,1296,37200,28110,9090,Paid
1297,1297,269480,146950,122530,Paid
1298,1298,60300,35690,24610,Partially Paid
1299,1299,49140,0,49140,Paid
1300,1300,116750,0,116750,Partially Paid
1301,1301,15000,11640,3360,Paid
1302,1302,19370,10930,8440,Pending
1303,1303,240730,174020,66710,Paid
1304,1304,188380,143160,45220,Paid
1305,1305,326430,0,326430,Pending
1306,1306,91990,63030,28960,Paid
1307,1307,29990,21390,8600,Paid
1308,1308,46170,0,46170,Paid
1309,1309,17400,13370,4030,Pending
1310,1310,167310,80300,87010,Partially Paid
1311,1311,9370,0,9370,Paid
1312,1312,185350,110570,74780,Pending
1313,1313,60750,31180,29570,Partially Paid
1314,1314,21490,16880,4610,Paid
1315,1315,38520,21850,16670,Paid
1316,1316,42460,22250,20210,Pending
1317,1317,107970,0,107970,Paid
1318,1318,72520,47610,24910,Paid
1319,1319,388580,174910,213670,Pending
1320,1320,161510,106570,54940,Paid
1321,1321,130790,65980,64810,Pending
1322,1322,43740,23200,20540,Paid
1323,1323,283230,136700,146530,Paid
1324,1324,112740,0,112740,Paid
1325,1325,96660,73040,23620,Partially Paid
1326,1326,375290,0,375290,Paid
1327,1327,124360,59270,65090,Pending
1328,1328,49130,28400,20730,Paid
1329,1329,8170,4870,3300,Paid
1330,1330,40580,16940,23640,Partially Paid
1331,1331,36490,26150,10340,Pending
1332,1332,490340,0,490340,Paid
1333,1333,233020,188720,44300,Paid
1334,1334,25910,11490,14420,Paid
1335,1335,105590,80650,24940,Paid
1336,1336,16170,0,16170,Paid
1337,1337,90130,41040,49090,Paid
1338,1338,40480,31650,8830,Paid
1339,1339,32630,22540,10090,Paid
1340,1340,48820,0,48820,Partially Paid
1341,1341,29610,0,29610,Paid
1342,1342,10360,8260,2100,Pending
1343,1343,24640,21850,2790,Paid
1344,1344,32280,0,32280,Partially Paid
1345,1345,15380,0,15380,Pending
1346,1346,41140,0,41140,Pending
1347,1347,16350,7020,9330,Paid
1348,1348,57660,31410,26250,Paid
1349,1349,77080,66200,10880,Pending
1350,1350,80020,0,80020,Paid
1351,1351,351700,248340,103360,Pending
1352,1352,104980,0,104980,Paid
1353,1353,55850,23770,32080,Paid
1354,1354,40470,0,40470,Paid
1355,1355,73750,34930,38820,Paid
1356,1356,79910,61880,18030,Paid
1357,1357,42930,17710,25220,Paid
1358,1358,50970,40580,10390,Paid
1359,1359,153210,0,153210,Paid
1360,1360,62380,33600,28780,Paid
1361,1361,26450,12250,14200,Paid
1362,1362,141360,114230,27130,Paid
1363,1363,36020,0,36020,Paid
1364,1364,6610,0,6610,Paid
1365,1365,118950,0,118950,Paid
1366,1366,36820,25540,11280,Paid
1367,1367,50440,34110,16330,Pending
1368,1368,108150,0,108150,Paid
1369,1369,15630,0,15630,Paid
1370,1370,167160,0,167160,Paid
1371,1371,35400,16770,18630,Paid
1372,1372,38270,22620,15650,Paid
1373,1373,51810,21780,30030,Pending
1374,1374,93360,0,93360,Partially Paid
1375,1375,66560,43250,23310,Paid
1376,1376,47440,33990,13450,Paid
1377,1377,141340,0,141340,Paid
1378,1378,86780,44030,42750,Paid
1379,1379,155880,65700,90180,Pending
1380,1380,35070,15040,20030,Partially Paid
1381,1381,8710,6350,2360,Pending
1382,1382,32570,27130,5440,Paid
1383,1383,20160,0,20160,Paid
1384,1384,38850,0,38850,Partially Paid
1385,1385,63070,0,63070,Pending
1386,1386,77470,35790,41680,Partially Paid
1387,1387,69350,0,69350,Pending
1388,1388,58210,33580,24630,Paid
1389,1389,103190,0,103190,Paid
1390,1390,54110,41190,12920,Paid
1391,1391,88800,62810,25990,Paid
1392,1392,51570,0,51570,Paid
1393,1393,8490,0,8490,Paid
1394,1394,46540,21200,25340,Paid
1395,1395,221040,181470,39570,Paid
1396,1396,38010,0,38010,Paid
1397,1397,94550,56330,38220,Partially Paid
1398,1398,90300,0,90300,Paid
1399,1399,62990,0,62990,Paid
1400,1400,12120,4850,7270,Pending
1401,1401,19560,13750,5810,Paid
1402,1402,84420,34510,49910,Paid
1403,1403,91210,60220,30990,Paid
1404,1404,20480,15990,4490,Paid
1405,1405,40700,0,40700,Paid
1406,1406,30530,25700,4830,Paid
1407,1407,23150,12830,10320,Paid
1408,1408,24780,12880,11900,Pending
1409,1409,24790,17030,7760,Paid
1410,1410,58610,34400,24210,Paid
1411,1411,16480,14110,2370,Paid
1412,1412,40940,16670,24270,Paid
1413,1413,15810,0,15810,Paid
1414,1414,73020,32240,40780,Pending
1415,1415,79990,51310,28680,Partially Paid
1416,1416,24300,17310,6990,Pending
1417,1417,58950,33570,25380,Partially Paid
1418,1418,101710,46030,55680,Paid
1419,1419,79410,42430,36980,Paid
1420,1420,498380,351680,146700,Paid
1421,1421,48300,25920,22380,Paid
1422,1422,52920,26960,25960,Paid
1423,1423,25340,15180,10160,Paid
1424,1424,49910,31190,18720,Paid
1425,1425,125910,95970,29940,Partially Paid
1426,1426,39790,29640,10150,Paid
1427,1427,207550,129920,77630,Paid
1428,1428,36520,25410,11110,Paid
1429,1429,24350,13500,10850,Paid
1430,1430,27510,15680,11830,Paid
1431,1431,59200,0,59200,Pending
1432,1432,33110,15660,17450,Paid
1433,1433,508100,358430,149670,Partially Paid
1434,1434,27950,11190,16760,Paid
1435,1435,26350,21950,4400,Partially Paid
1436,1436,33130,28100,5030,Paid
1437,1437,23720,21180,2540,Pending
1438,1438,392310,182320,209990,Paid
1439,1439,23450,0,23450,Paid
1440,1440,44820,39190,5630,Paid
1441,1441,34490,22200,12290,Paid
1442,1442,16720,14690,2030,Paid
1443,1443,19260,11300,7960,Paid
1444,1444,23420,16930,6490,Pending
1445,1445,91150,51360,39790,Paid
1446,1446,9980,0,9980,Partially Paid
1447,1447,116590,0,116590,Paid
1448,1448,44630,30140,14490,Paid
1449,1449,35820,23820,12000,Paid
1450,1450,333310,242740,90570,Partially Paid
1451,1451,13490,10790,2700,Paid
1452,1452,18600,14020,4580,Paid
1453,1453,28020,23090,4930,Paid
1454,1454,35650,21320,14330,Partially Paid
1455,1455,10140,4540,5600,Paid
1456,1456,28850,20620,8230,Pending
1457,1457,36190,14560,21630,Paid
1458,1458,188220,114670,73550,Paid
1459,1459,254190,162540,91650,Pending
1460,1460,17300,11490,5810,Paid
1461,1461,66460,0,66460,Paid
1462,1462,26490,0,26490,Paid
1463,1463,30740,27150,3590,Paid
1464,1464,14950,8350,6600,Pending
1465,1465,194190,128760,65430,Paid
1466,1466,73630,0,73630,Paid
1467,1467,16270,9670,6600,Paid
1468,1468,77430,37480,39950,Paid
1469,1469,44390,25060,19330,Paid
1470,1470,136850,112170,24680,Partially Paid
1471,1471,49220,0,49220,Partially Paid
1472,1472,66260,37970,28290,Paid
1473,1473,8110,7230,880,Paid
1474,1474,81940,63880,18060,Paid
1475,1475,31640,23800,7840,Partially Paid
1476,1476,301260,0,301260,Paid
1477,1477,44930,28540,16390,Paid
1478,1478,17610,8120,9490,Paid
1479,1479,24720,14410,10310,Partially Paid
1480,1480,56170,32210,23960,Paid
1481,1481,71040,31700,39340,Paid
1482,1482,517710,423090,94620,Paid
1483,1483,12090,9490,2600,Paid
1484,1484,15970,0,15970,Paid
1485,1485,28530,23890,4640,Partially Paid
1486,1486,458870,345980,112890,Paid
1487,1487,67650,36100,31550,Paid
1488,1488,54100,0,54100,Paid
1489,1489,37450,0,37450,Paid
1490,1490,183200,77500,105700,Paid
1491,1491,359920,0,359920,Partially Paid
1492,1492,25030,0,25030,Paid
1493,1493,47700,28050,19650,Pending
1494,1494,14470,0,14470,Paid
1495,1495,21770,0,21770,Paid
1496,1496,73450,0,73450,Paid
1497,1497,31580,20820,10760,Pending
1498,1498,59140,38060,21080,Paid
1499,1499,108640,92040,16600,Paid
1500,1500,95460,50100,45360,Pending
1501,1501,23830,14320,9510,Paid
1502,1502,127230,65520,61710,Paid
1503,1503,218360,0,218360,Paid
1504,1504,86080,64470,21610,Paid
1505,1505,77620,0,77620,Paid
1506,1506,101410,0,101410,Pending
1507,1507,27660,11890,15770,Paid
1508,1508,45360,35770,9590,Paid
1509,1509,25630,18450,7180,Pending
1510,1510,16780,6750,10030,Partially Paid
1511,1511,80930,43030,37900,Paid
1512,1512,104670,51340,53330,Paid
1513,1513,30320,0,30320,Paid
1514,1514,150540,66400,84140,Partially Paid
1515,1515,112730,46690,66040,Paid
1516,1516,51050,34070,16980,Partially Paid
1517,1517,82920,65130,17790,Paid
1518,1518,87400,41160,46240,Paid
1519,1519,103130,55160,47970,Paid
1520,1520,14800,10760,4040,Pending
1521,1521,98860,44210,54650,Paid
1522,1522,23180,20660,2520,Paid
1523,1523,96180,84830,11350,Paid
1524,1524,43130,36370,6760,Pending
1525,1525,182320,79840,102480,Partially Paid
1526,1526,35220,0,35220,Paid
1527,1527,80350,56040,24310,Paid
1528,1528,37070,20670,16400,Paid
1529,1529,190870,110990,79880,Partially Paid
1530,1530,15020,12750,2270,Paid
1531,1531,92410,70220,22190,Paid
1532,1532,112090,95760,16330,Paid
1533,1533,418340,184680,233660,Paid
1534,1534,36400,22890,13510,Paid
1535,1535,17420,14430,2990,Paid
1536,1536,18600,15440,3160,Paid
1537,1537,49610,32310,17300,Paid
1538,1538,67590,0,67590,Paid
1539,1539,16330,12590,3740,Paid
1540,1540,11960,8750,3210,Paid
1541,1541,39600,23150,16450,Paid
1542,1542,27620,11950,15670,Paid
1543,1543,32210,24180,8030,Paid
1544,1544,376220,0,376220,Paid
1545,1545,13890,0,13890,Paid
1546,1546,49390,39960,9430,Paid
1547,1547,52970,0,52970,Partially Paid
1548,1548,20410,16560,3850,Paid
1549,1549,142210,89280,52930,Paid
1550,1550,172340,85950,86390,Paid
1551,1551,31020,13490,17530,Partially Paid
1552,1552,16890,10030,6860,Paid
1553,1553,10000,6700,3300,Paid
1554,1554,42750,31020,11730,Partially Paid
1555,1555,74510,55370,19140,Paid
1556,1556,20950,12120,8830,Paid
1557,1557,22880,0,22880,Paid
1558,1558,27450,12260,15190,Pending
1559,1559,32060,28190,3870,Paid
1560,1560,189870,127570,62300,Pending
1561,1561,82550,56140,26410,Partially Paid
1562,1562,91920,36780,55140,Paid
1563,1563,15150,7470,7680,Paid
1564,1564,47340,38550,8790,Paid
1565,1565,17010,12460,4550,Paid
1566,1566,9260,6360,2900,Paid
1567,1567,202940,125640,77300,Paid
1568,1568,21720,16930,4790,Paid
1569,1569,21980,17970,4010,Paid
1570,1570,491530,338350,153180,Paid
1571,1571,25620,19130,6490,Paid
1572,1572,41980,17580,24400,Paid
1573,1573,54350,41740,12610,Partially Paid
1574,1574,133860,92090,41770,Paid
1575,1575,30690,0,30690,Paid
1576,1576,67290,51620,15670,Paid
1577,1577,80740,34320,46420,Paid
1578,1578,103330,51850,51480,Paid
1579,1579,11930,0,11930,Paid
1580,1580,65800,43210,22590,Paid
1581,1581,18900,15410,3490,Paid
1582,1582,31030,0,31030,Paid
1583,1583,28190,13060,15130,Pending
1584,1584,49880,20620,29260,Paid
1585,1585,19350,8290,11060,Paid
1586,1586,26420,0,26420,Pending
1587,1587,33990,29410,4580,Paid
1588,1588,214240,102770,111470,Paid
1589,1589,35380,21480,13900,Paid
1590,1590,158000,112150,45850,Paid
1591,1591,32550,27710,4840,Paid
1592,1592,15890,9480,6410,Paid
1593,1593,12620,6470,6150,Partially Paid
1594,1594,177750,129410,48340,Paid
1595,1595,83690,0,83690,Paid
1596,1596,44950,0,44950,Pending
1597,1597,82670,64130,18540,Paid
1598,1598,26400,22720,3680,Paid
1599,1599,24050,0,24050,Paid
1600,1600,122120,51850,70270,Paid
1601,1601,154350,69930,84420,Pending
1602,1602,67560,31450,36110,Paid
1603,1603,53310,0,53310,Paid
1604,1604,93330,0,93330,Paid
1605,1605,50420,29450,20970,Paid
1606,1606,23120,15800,7320,Paid
1607,1607,21210,0,21210,Paid
1608,1608,467770,372370,95400,Paid
1609,1609,53200,21500,31700,Paid
1610,1610,17490,8320,9170,Partially Paid
1611,1611,24160,0,24160,Paid
1612,1612,32550,16650,15900,Paid
1613,1613,24390,0,24390,Paid
1614,1614,45950,21680,24270,Paid
1615,1615,29540,26510,3030,Pending
1616,1616,80310,39970,40340,Paid
1617,1617,125070,51610,73460,Paid
1618,1618,222140,136230,85910,Paid
1619,1619,53630,0,53630,Paid
1620,1620,120240,90140,30100,Paid
1621,1621,38990,31380,7610,Paid
1622,1622,31620,0,31620,Partially Paid
1623,1623,62610,0,62610,Paid
1624,1624,32370,25710,6660,Paid
1625,1625,42660,17580,25080,Paid
1626,1626,146530,0,146530,Paid
1627,1627,50160,40710,9450,Paid
1628,1628,20530,10470,10060,Paid
1629,1629,29210,23320,5890,Pending
1630,1630,27540,18560,8980,Paid
1631,1631,16760,0,16760,Paid
1632,1632,33210,15580,17630,Paid
1633,1633,80100,58380,21720,Paid
1634,1634,164760,0,164760,Pending
1635,1635,14740,0,14740,Paid
1636,1636,75150,48390,26760,Pending
1637,1637,165510,102050,63460,Paid
1638,1638,16720,10210,6510,Paid
1639,1639,31980,14070,17910,Paid
1640,1640,20290,14460,5830,Paid
1641,1641,230500,187390,43110,Paid
1642,1642,36550,24220,12330,Paid
1643,1643,32550,22210,10340,Paid
1644,1644,78220,69200,9020,Paid
1645,1645,116420,0,116420,Paid
1646,1646,61100,26980,34120,Paid
1647,1647,202170,173000,29170,Paid
1648,1648,148030,95910,52120,Paid
1649,1649,47020,37990,9030,Paid
1650,1650,53850,0,53850,Paid
1651,1651,132790,93240,39550,Paid
1652,1652,23420,0,23420,Paid
1653,1653,28660,12670,15990,Paid
1654,1654,70390,57360,13030,Paid
1655,1655,6560,3970,2590,Partially Paid
1656,1656,46180,29560,16620,Paid
1657,1657,110960,49200,61760,Paid
1658,1658,103440,0,103440,Paid
1659,1659,40100,23960,16140,Pending
1660,1660,5120,4340,780,Paid
1661,1661,49640,31500,18140,Paid
1662,1662,43170,24330,18840,Paid
1663,1663,15770,8180,7590,Pending
1664,1664,36260,0,36260,Paid
1665,1665,102100,0,102100,Paid
1666,1666,52050,27520,24530,Pending
1667,1667,107810,87720,20090,Paid
1668,1668,336920,0,336920,Paid
1669,1669,14700,11350,3350,Paid
1670,1670,33930,24610,9320,Paid
1671,1671,26540,0,26540,Paid
1672,1672,20750,14580,6170,Paid
1673,1673,32780,0,32780,Paid
1674,1674,5480,0,5480,Paid
1675,1675,16860,13600,3260,Paid
1676,1676,19460,14210,5250,Paid
1677,1677,134810,60980,73830,Paid
1678,1678,54140,31230,22910,Paid
1679,1679,10750,7490,3260,Pending
1680,1680,197900,98290,99610,Partially Paid
1681,1681,31230,17970,13260,Paid
1682,1682,102200,49010,53190,Paid
1683,1683,329680,286430,43250,Paid
1684,1684,50840,39190,11650,Paid
1685,1685,49120,0,49120,Paid
1686,1686,40260,22970,17290,Partially Paid
1687,1687,24150,19660,4490,Paid
1688,1688,246970,190360,56610,Paid
1689,1689,115160,69680,45480,Paid
1690,1690,65640,0,65640,Partially Paid
1691,1691,66390,0,66390,Paid
1692,1692,160800,80730,80070,Partially Paid
1693,1693,39740,29970,9770,Paid
1694,1694,30680,22470,8210,Paid
1695,1695,23860,10040,13820,Paid
1696,1696,103960,0,103960,Paid
1697,1697,279350,174060,105290,Paid
1698,1698,58290,50540,7750,Paid
1699,1699,32030,21840,10190,Partially Paid
1700,1700,94770,0,94770,Paid
1701,1701,15110,6550,8560,Paid
1702,1702,8290,0,8290,Paid
1703,1703,31370,26760,4610,Paid
1704,1704,79040,61680,17360,Paid
1705,1705,56780,0,56780,Paid
1706,1706,160150,126890,33260,Pending
1707,1707,25400,0,25400,Partially Paid
1708,1708,56990,28860,28130,Paid
1709,1709,57490,32210,25280,Paid
1710,1710,115780,77620,38160,Paid
1711,1711,69040,53080,15960,Partially Paid
1712,1712,23280,0,23280,Paid
1713,1713,36600,0,36600,Pending
1714,1714,35920,20100,15820,Paid
1715,1715,70260,32980,37280,Paid
1716,1716,110030,53110,56920,Paid
1717,1717,74890,38780,36110,Paid
1718,1718,20640,11770,8870,Paid
1719,1719,48790,24210,24580,Paid
1720,1720,16630,8010,8620,Paid
1721,1721,48350,39540,8810,Paid
1722,1722,36500,26370,10130,Paid
1723,1723,21570,11710,9860,Paid
1724,1724,24740,16870,7870,Paid
1725,1725,79430,0,79430,Paid
1726,1726,38650,30110,8540,Partially Paid
1727,1727,14470,0,14470,Paid
1728,1728,17410,10900,6510,Pending
1729,1729,326590,200850,125740,Pending
1730,1730,89190,77760,11430,Paid
1731,1731,16440,0,16440,Paid
1732,1732,17170,13370,3800,Paid
1733,1733,50800,0,50800,Paid
1734,1734,53780,37070,16710,Paid
1735,1735,19440,14750,4690,Paid
1736,1736,25410,17440,7970,Paid
1737,1737,39280,24240,15040,Paid
1738,1738,24420,19300,5120,Paid
1739,1739,100020,0,100020,Paid
1740,1740,49690,40160,9530,Paid
1741,1741,288050,0,288050,Paid
1742,1742,233470,0,233470,Paid
1743,1743,8170,3500,4670,Paid
1744,1744,151240,89530,61710,Paid
1745,1745,114710,79870,34840,Paid
1746,1746,161830,78030,83800,Paid
1747,1747,78610,0,78610,Paid
1748,1748,26330,12030,14300,Paid
1749,1749,42980,0,42980,Pending
1750,1750,182660,139030,43630,Paid
1751,1751,64310,0,64310,Paid
1752,1752,24530,21160,3370,Paid
1753,1753,148700,114480,34220,Paid
1754,1754,17760,7300,10460,Paid
1755,1755,106150,58280,47870,Pending
1756,1756,98610,57170,41440,Paid
1757,1757,35090,15720,19370,Partially Paid
1758,1758,60030,0,60030,Paid
1759,1759,96880,58140,38740,Paid
1760,1760,104390,0,104390,Paid
1761,1761,13080,0,13080,Paid
1762,1762,19540,13530,6010,Paid
1763,1763,38510,25120,13390,Pending
1764,1764,16170,7880,8290,Paid
1765,1765,24220,10000,14220,Pending
1766,1766,73880,46590,27290,Paid
1767,1767,138940,76720,62220,Paid
1768,1768,120180,59190,60990,Paid
1769,1769,26760,23210,3550,Paid
1770,1770,56870,26210,30660,Paid
1771,1771,223140,0,223140,Paid
1772,1772,36900,32360,4540,Paid
1773,1773,26000,11960,14040,Paid
1774,1774,20600,17090,3510,Paid
1775,1775,25050,14930,10120,Paid
1776,1776,14860,0,14860,Paid
1777,1777,17940,8150,9790,Paid
1778,1778,85120,0,85120,Paid
1779,1779,31050,18480,12570,Paid
1780,1780,23390,12310,11080,Paid
1781,1781,174100,91820,82280,Paid
1782,1782,33850,19630,14220,Paid
1783,1783,127420,76670,50750,Paid
1784,1784,39090,0,39090,Paid
1785,1785,36500,31580,4920,Partially Paid
1786,1786,101780,58490,43290,Partially Paid
1787,1787,52030,0,52030,Partially Paid
1788,1788,95310,62770,32540,Paid
1789,1789,157720,115610,42110,Paid
1790,1790,15610,13850,1760,Pending
1791,1791,32270,22110,10160,Paid
1792,1792,90230,0,90230,Paid
1793,1793,36540,0,36540,Pending
1794,1794,57350,37630,19720,Partially Paid
1795,1795,16070,9570,6500,Paid
1796,1796,8840,4460,4380,Paid
1797,1797,5850,2880,2970,Paid
1798,1798,38640,16510,22130,Paid
1799,1799,50870,30210,20660,Paid
1800,1800,128470,65200,63270,Partially Paid
1801,1801,306910,0,306910,Pending
1802,1802,81980,42280,39700,Paid
1803,1803,49740,43300,6440,Paid
1804,1804,80040,63670,16370,Paid
1805,1805,20050,8440,11610,Paid
1806,1806,427410,172760,254650,Paid
1807,1807,390640,208170,182470,Paid
1808,1808,19090,10660,8430,Paid
1809,1809,71910,56560,15350,Paid
1810,1810,58400,31520,26880,Paid
1811,1811,98610,0,98610,Pending
1812,1812,149610,65060,84550,Paid
1813,1813,22760,16130,6630,Paid
1814,1814,18830,8410,10420,Paid
1815,1815,49440,30630,18810,Paid
1816,1816,42970,28440,14530,Pending
1817,1817,19970,0,19970,Paid
1818,1818,22040,16120,5920,Paid
1819,1819,40040,17980,22060,Paid
1820,1820,36820,28650,8170,Paid
1821,1821,20610,0,20610,Paid
1822,1822,48780,30930,17850,Paid
1823,1823,103070,74340,28730,Paid
1824,1824,116000,0,116000,Pending
1825,1825,19750,12590,7160,Paid
1826,1826,25430,22480,2950,Paid
1827,1827,65350,58370,6980,Paid
1828,1828,67490,59350,8140,Paid
1829,1829,37760,0,37760,Pending
1830,1830,50320,28210,22110,Partially Paid
1831,1831,367430,0,367430,Paid
1832,1832,17770,9150,8620,Paid
1833,1833,40240,23870,16370,Paid
1834,1834,107360,45310,62050,Paid
1835,1835,81880,0,81880,Paid
1836,1836,42660,0,42660,Paid
1837,1837,30340,17890,12450,Paid
1838,1838,92040,54670,37370,Paid
1839,1839,92180,69480,22700,Paid
1840,1840,24240,17610,6630,Paid
1841,1841,50150,32350,17800,Paid
1842,1842,125550,0,125550,Paid
1843,1843,35550,31920,3630,Paid
1844,1844,242820,197460,45360,Paid
1845,1845,96700,43040,53660,Partially Paid
1846,1846,25220,22300,2920,Paid
1847,1847,170150,75730,94420,Paid
1848,1848,70560,50990,19570,Paid
1849,1849,38440,16590,21850,Paid
1850,1850,47350,38750,8600,Paid
1851,1851,36420,0,36420,Paid
1852,1852,87790,56540,31250,Paid
1853,1853,55890,40480,15410,Paid
1854,1854,60810,48130,12680,Paid
1855,1855,94360,38200,56160,Paid
1856,1856,27400,20600,6800,Paid
1857,1857,15670,6690,8980,Paid
1858,1858,53340,35910,17430,Pending
1859,1859,15450,12600,2850,Paid
1860,1860,24620,13890,10730,Pending
1861,1861,116320,0,116320,Paid
1862,1862,59250,46820,12430,Paid
1863,1863,8450,4550,3900,Paid
1864,1864,64380,34470,29910,Paid
1865,1865,11610,7780,3830,Pending
1866,1866,49020,38910,10110,Paid
1867,1867,78450,51190,27260,Paid
1868,1868,266330,126200,140130,Paid
1869,1869,133790,0,133790,Partially Paid
1870,1870,140730,56760,83970,Partially Paid
1871,1871,198030,165210,32820,Paid
1872,1872,33930,27180,6750,Paid
1873,1873,40520,0,40520,Partially Paid
1874,1874,113350,101230,12120,Paid
1875,1875,53900,31920,21980,Pending
1876,1876,18220,7420,10800,Paid
1877,1877,140480,0,140480,Paid
1878,1878,120230,50040,70190,Paid
1879,1879,212010,189550,22460,Pending
1880,1880,76360,50830,25530,Paid
1881,1881,14350,9050,5300,Paid
1882,1882,336520,237260,99260,Partially Paid
1883,1883,71000,62480,8520,Partially Paid
1884,1884,87040,0,87040,Partially Paid
1885,1885,8520,3910,4610,Paid
1886,1886,111450,75160,36290,Paid
1887,1887,26010,11660,14350,Paid
1888,1888,48050,0,48050,Pending
1889,1889,57080,48600,8480,Paid
1890,1890,37460,0,37460,Paid
1891,1891,136060,100440,35620,Paid
1892,1892,12080,0,12080,Partially Paid
1893,1893,60820,30950,29870,Paid
1894,1894,56090,0,56090,Pending
1895,1895,38460,0,38460,Paid
1896,1896,74280,0,74280,Pending
1897,1897,186780,135700,51080,Pending
1898,1898,32680,28840,3840,Paid
1899,1899,33200,0,33200,Paid
1900,1900,145620,87600,58020,Pending
1901,1901,49330,26180,23150,Paid
1902,1902,66680,36730,29950,Paid
1903,1903,42100,34600,7500,Paid
1904,1904,56670,34550,22120,Paid
1905,1905,30250,0,30250,Paid
1906,1906,32520,27260,5260,Paid
1907,1907,321050,0,321050,Partially Paid
1908,1908,49510,29910,19600,Paid
1909,1909,31510,16220,15290,Pending
1910,1910,29920,0,29920,Paid
1911,1911,35870,30330,5540,Paid
1912,1912,127630,70350,57280,Paid
1913,1913,117940,0,117940,Paid
1914,1914,29200,25670,3530,Paid
1915,1915,159700,84650,75050,Paid
1916,1916,13800,6830,6970,Paid
1917,1917,269120,0,269120,Paid
1918,1918,140380,74100,66280,Partially Paid
1919,1919,12920,9880,3040,Paid
1920,1920,4960,0,4960,Paid
1921,1921,49560,29890,19670,Paid
1922,1922,151450,126690,24760,Paid
1923,1923,45470,35480,9990,Paid
1924,1924,79850,0,79850,Paid
1925,1925,114820,70020,44800,Partially Paid
1926,1926,22530,16090,6440,Paid
1927,1927,70690,56140,14550,Pending
1928,1928,125210,0,125210,Paid
1929,1929,86680,56720,29960,Partially Paid
1930,1930,97200,0,97200,Paid
1931,1931,83890,62260,21630,Partially Paid
1932,1932,400430,256870,143560,Paid
1933,1933,99440,58050,41390,Paid
1934,1934,34320,14280,20040,Paid
1935,1935,39270,21190,18080,Paid
1936,1936,165940,142780,23160,Paid
1937,1937,73440,0,73440,Paid
1938,1938,12040,9550,2490,Paid
1939,1939,60600,47030,13570,Pending
1940,1940,139440,70710,68730,Paid
1941,1941,153450,108850,44600,Paid
1942,1942,41370,25750,15620,Partially Paid
1943,1943,35140,0,35140,Pending
1944,1944,95320,56550,38770,Partially Paid
1945,1945,48770,0,48770,Paid
1946,1946,29160,21570,7590,Paid
1947,1947,63340,37770,25570,Paid
1948,1948,378400,0,378400,Paid
1949,1949,27840,20710,7130,Paid
1950,1950,111160,53250,57910,Paid
1951,1951,65440,0,65440,Paid
1952,1952,87070,43570,43500,Paid
1953,1953,101280,80120,21160,Paid
1954,1954,95790,44210,51580,Paid
1955,1955,35540,0,35540,Paid
1956,1956,221470,0,221470,Paid
1957,1957,123670,81490,42180,Paid
1958,1958,34380,27950,6430,Pending
1959,1959,62050,34740,27310,Pending
1960,1960,30960,0,30960,Paid
1961,1961,104720,58470,46250,Paid
1962,1962,15880,12100,3780,Pending
1963,1963,150480,117940,32540,Paid
1964,1964,25840,19710,6130,Paid
1965,1965,39950,29940,10010,Paid
1966,1966,82270,56510,25760,Paid
1967,1967,17940,10500,7440,Paid
1968,1968,242590,131040,111550,Paid
1969,1969,121490,101210,20280,Paid
1970,1970,39260,0,39260,Paid
1971,1971,112380,91140,21240,Paid
1972,1972,22650,18260,4390,Paid
1973,1973,84480,69990,14490,Paid
1974,1974,21140,16850,4290,Paid
1975,1975,99830,0,99830,Paid
1976,1976,57300,41650,15650,Pending
1977,1977,19250,14780,4470,Paid
1978,1978,87610,0,87610,Paid
1979,1979,73470,39570,33900,Paid
1980,1980,191990,116420,75570,Partially Paid
1981,1981,14790,7850,6940,Paid
1982,1982,112610,93490,19120,Paid
1983,1983,21400,13770,7630,Paid
1984,1984,83560,43820,39740,Pending
1985,1985,38650,28580,10070,Paid
1986,1986,10910,0,10910,Paid
1987,1987,11690,8720,2970,Paid
1988,1988,182670,158470,24200,Paid
1989,1989,103880,0,103880,Paid
1990,1990,46530,23860,22670,Paid
1991,1991,19540,8820,10720,Paid
1992,1992,51270,26370,24900,Pending
1993,1993,10260,0,10260,Paid
1994,1994,81710,47680,34030,Paid
1995,1995,40190,20730,19460,Paid
1996,1996,187790,148110,39680,Paid
1997,1997,31920,25260,6660,Paid
1998,1998,663690,329160,334530,Pending
1999,1999,31380,19850,11530,Paid
2000,2000,105640,0,105640,Paid
2001,2001,15520,10380,5140,Paid
2002,2002,48860,28660,20200,Pending
2003,2003,43940,0,43940,Paid
2004,2004,84530,66170,18360,Paid
2005,2005,29060,14470,14590,Paid
2006,2006,38020,0,38020,Paid
2007,2007,215590,0,215590,Pending
2008,2008,31560,23550,8010,Paid
2009,2009,37800,15230,22570,Paid
2010,2010,22660,9990,12670,Paid
2011,2011,43600,30450,13150,Pending
2012,2012,40810,19530,21280,Paid
2013,2013,157530,0,157530,Paid
2014,2014,286340,144310,142030,Paid
2015,2015,105410,0,105410,Partially Paid
2016,2016,37390,0,37390,Paid
2017,2017,17690,12210,5480,Paid
2018,2018,67100,0,67100,Partially Paid
2019,2019,154840,0,154840,Paid
2020,2020,40220,21750,18470,Paid
2021,2021,115090,78180,36910,Paid
2022,2022,38580,22430,16150,Pending
2023,2023,51960,33480,18480,Paid
2024,2024,46650,33190,13460,Paid
2025,2025,400380,0,400380,Paid
2026,2026,58550,40000,18550,Paid
2027,2027,94180,49910,44270,Paid
2028,2028,15750,7200,8550,Paid
2029,2029,7690,3670,4020,Paid
2030,2030,256270,134560,121710,Paid
2031,2031,29410,21130,8280,Paid
2032,2032,109610,84940,24670,Paid
2033,2033,146260,0,146260,Partially Paid
2034,2034,31690,25350,6340,Paid
2035,2035,20510,8400,12110,Paid
2036,2036,69820,38130,31690,Partially Paid
2037,2037,22660,12550,10110,Paid
2038,2038,26890,0,26890,Paid
2039,2039,26070,0,26070,Paid
2040,2040,48690,25010,23680,Paid
2041,2041,95630,71850,23780,Paid
2042,2042,73100,0,73100,Paid
2043,2043,46090,18480,27610,Paid
2044,2044,50030,0,50030,Paid
2045,2045,74580,33690,40890,Paid
2046,2046,149090,69270,79820,Paid
2047,2047,21630,0,21630,Pending
2048,2048,108770,77730,31040,Paid
2049,2049,9100,4040,5060,Paid
2050,2050,41420,0,41420,Partially Paid
2051,2051,21440,9400,12040,Pending
2052,2052,23680,10580,13100,Pending
2053,2053,21680,0,21680,Paid
2054,2054,117040,102200,14840,Paid
2055,2055,14180,9260,4920,Paid
2056,2056,346670,0,346670,Paid
2057,2057,97350,0,97350,Paid
2058,2058,169730,151290,18440,Paid
2059,2059,29960,0,29960,Paid
2060,2060,14660,11910,2750,Paid
2061,2061,28160,13400,14760,Paid
2062,2062,174680,0,174680,Paid
2063,2063,20060,13780,6280,Paid
2064,2064,60430,27550,32880,Pending
2065,2065,24430,16930,7500,Paid
2066,2066,130460,0,130460,Paid
2067,2067,15240,6840,8400,Paid
2068,2068,140890,57930,82960,Partially Paid
2069,2069,25820,0,25820,Paid
2070,2070,31530,20770,10760,Paid
2071,2071,47550,35030,12520,Paid
2072,2072,106890,74530,32360,Paid
2073,2073,49930,0,49930,Paid
2074,2074,41230,0,41230,Paid
2075,2075,35030,30280,4750,Paid
2076,2076,17420,0,17420,Partially Paid
2077,2077,86400,0,86400,Paid
2078,2078,409050,198690,210360,Paid
2079,2079,33820,15970,17850,Paid
2080,2080,17190,10030,7160,Paid
2081,2081,18040,10130,7910,Paid
2082,2082,22830,0,22830,Partially Paid
2083,2083,131640,0,131640,Paid
2084,2084,14510,0,14510,Paid
2085,2085,8540,4290,4250,Paid
2086,2086,141510,0,141510,Paid
2087,2087,107310,81680,25630,Partially Paid
2088,2088,35660,0,35660,Paid
2089,2089,39500,21650,17850,Paid
2090,2090,47950,0,47950,Paid
2091,2091,364050,166240,197810,Paid
2092,2092,98920,0,98920,Paid
2093,2093,75950,33960,41990,Paid
2094,2094,21560,15820,5740,Partially Paid
2095,2095,28490,24790,3700,Paid
2096,2096,175460,83600,91860,Paid
2097,2097,80180,65280,14900,Pending
2098,2098,81100,39850,41250,Paid
2099,2099,127600,70900,56700,Paid
2100,2100,44030,33440,10590,Paid
2101,2101,85440,0,85440,Paid
2102,2102,22590,0,22590,Partially Paid
2103,2103,8880,7130,1750,Partially Paid
2104,2104,24450,10760,13690,Pending
2105,2105,48520,27820,20700,Paid
2106,2106,27500,0,27500,Paid
2107,2107,47100,0,47100,Paid
2108,2108,148240,74130,74110,Paid
2109,2109,23870,0,23870,Paid
2110,2110,186610,0,186610,Paid
2111,2111,25550,21370,4180,Partially Paid
2112,2112,41870,19840,22030,Paid
2113,2113,128740,85180,43560,Paid
2114,2114,70920,33580,37340,Partially Paid
2115,2115,116010,69000,47010,Paid
2116,2116,227060,91410,135650,Paid
2117,2117,230800,195600,35200,Paid
2118,2118,169780,0,169780,Paid
2119,2119,22230,15900,6330,Paid
2120,2120,387640,316850,70790,Pending
2121,2121,45800,40830,4970,Pending
2122,2122,22160,14110,8050,Paid
2123,2123,20090,0,20090,Paid
2124,2124,29500,19360,10140,Partially Paid
2125,2125,26860,19480,7380,Pending
2126,2126,137600,0,137600,Paid
2127,2127,27740,0,27740,Paid
2128,2128,49130,41460,7670,Partially Paid
2129,2129,82560,0,82560,Paid
2130,2130,20240,12560,7680,Paid
2131,2131,44710,22430,22280,Paid
2132,2132,7160,4610,2550,Partially Paid
2133,2133,140790,100880,39910,Paid
2134,2134,37650,0,37650,Partially Paid
2135,2135,32440,16360,16080,Paid
2136,2136,92200,0,92200,Pending
2137,2137,289200,142340,146860,Paid
2138,2138,24080,21260,2820,Paid
2139,2139,31890,20830,11060,Paid
2140,2140,52470,23060,29410,Paid
2141,2141,25090,22450,2640,Paid
2142,2142,78040,67640,10400,Paid
2143,2143,52970,47210,5760,Partially Paid
2144,2144,37520,0,37520,Pending
2145,2145,32760,15170,17590,Paid
2146,2146,36450,18550,17900,Paid
2147,2147,38220,0,38220,Paid
2148,2148,112060,0,112060,Paid
2149,2149,99440,42530,56910,Paid
2150,2150,108280,71350,36930,Paid
2151,2151,26510,0,26510,Paid
2152,2152,40040,34460,5580,Paid
2153,2153,24290,20170,4120,Paid
2154,2154,51990,0,51990,Paid
2155,2155,54580,0,54580,Paid
2156,2156,62730,40630,22100,Paid
2157,2157,41250,0,41250,Paid
2158,2158,29780,24150,5630,Paid
2159,2159,46680,0,46680,Partially Paid
2160,2160,35830,20440,15390,Paid
2161,2161,58710,25070,33640,Paid
2162,2162,45490,0,45490,Pending
2163,2163,51120,26050,25070,Partially Paid
2164,2164,24710,13290,11420,Paid
2165,2165,146650,97380,49270,Partially Paid
2166,2166,7740,0,7740,Paid
2167,2167,35580,20280,15300,Paid
2168,2168,340390,268670,71720,Partially Paid
2169,2169,22580,16480,6100,Paid
2170,2170,86460,71670,14790,Paid
2171,2171,82190,62340,19850,Paid
2172,2172,9630,3960,5670,Paid
2173,2173,75300,33310,41990,Paid
2174,2174,129050,80350,48700,Paid
2175,2175,22880,13880,9000,Paid
2176,2176,50480,20650,29830,Paid
2177,2177,58930,52360,6570,Paid
2178,2178,34110,21400,12710,Paid
2179,2179,75690,63610,12080,Paid
2180,2180,113330,0,113330,Paid
2181,2181,28360,11980,16380,Paid
2182,2182,49600,25530,24070,Paid
2183,2183,43620,21100,22520,Paid
2184,2184,29800,0,29800,Paid
2185,2185,39490,0,39490,Pending
2186,2186,26470,0,26470,Paid
2187,2187,174290,107320,66970,Paid
2188,2188,9420,5410,4010,Pending
2189,2189,97970,60110,37860,Paid
2190,2190,19790,17780,2010,Paid
2191,2191,117330,0,117330,Partially Paid
2192,2192,58320,50630,7690,Paid
2193,2193,58880,0,58880,Paid
2194,2194,22330,17720,4610,Paid
2195,2195,8170,4900,3270,Paid
2196,2196,112780,0,112780,Partially Paid
2197,2197,30430,0,30430,Partially Paid
2198,2198,91970,48060,43910,Paid
2199,2199,19630,15730,3900,Paid
2200,2200,33910,0,33910,Partially Paid
2201,2201,93090,57020,36070,Paid
2202,2202,87190,0,87190,Paid
2203,2203,143790,110210,33580,Paid
2204,2204,18690,0,18690,Paid
2205,2205,20520,11220,9300,Paid
2206,2206,72080,63240,8840,Partially Paid
2207,2207,102920,0,102920,Paid
2208,2208,109150,0,109150,Paid
2209,2209,33240,14050,19190,Paid
2210,2210,114080,0,114080,Paid
2211,2211,225330,184950,40380,Paid
2212,2212,42680,29490,13190,Paid
2213,2213,26620,23430,3190,Pending
2214,2214,19900,9340,10560,Partially Paid
2215,2215,47880,20940,26940,Paid
2216,2216,45740,0,45740,Paid
2217,2217,16580,6670,9910,Pending
2218,2218,144960,118340,26620,Partially Paid
2219,2219,41180,33220,7960,Partially Paid
2220,2220,45170,19970,25200,Paid
2221,2221,29530,0,29530,Partially Paid
2222,2222,22130,18460,3670,Pending
2223,2223,88460,0,88460,Paid
2224,2224,110480,59820,50660,Paid
2225,2225,72180,44310,27870,Partially Paid
2226,2226,120030,89200,30830,Paid
2227,2227,52100,43560,8540,Paid
2228,2228,16410,11870,4540,Pending
2229,2229,13910,7560,6350,Paid
2230,2230,10220,8430,1790,Pending
2231,2231,22030,18980,3050,Paid
2232,2232,386000,208350,177650,Paid
2233,2233,25610,13510,12100,Pending
2234,2234,56900,0,56900,Paid
2235,2235,26640,11900,14740,Paid
2236,2236,174070,90070,84000,Paid
2237,2237,11140,9490,1650,Paid
2238,2238,81130,0,81130,Paid
2239,2239,29490,19060,10430,Paid
2240,2240,13540,0,13540,Paid
2241,2241,57070,46600,10470,Pending
2242,2242,48190,0,48190,Paid
2243,2243,13720,9720,4000,Paid
2244,2244,52360,34150,18210,Paid
2245,2245,104520,63140,41380,Paid
2246,2246,36230,0,36230,Paid
2247,2247,24940,17690,7250,Paid
2248,2248,41030,17210,23820,Pending
2249,2249,19240,8860,10380,Paid
2250,2250,63550,0,63550,Paid
2251,2251,36200,0,36200,Paid
2252,2252,20720,0,20720,Paid
2253,2253,48010,25660,22350,Pending
2254,2254,43630,0,43630,Paid
2255,2255,71220,39730,31490,Paid
2256,2256,20770,13360,7410,Paid
2257,2257,81060,32570,48490,Paid
2258,2258,82820,52050,30770,Paid
2259,2259,15510,10260,5250,Paid
2260,2260,137230,105500,31730,Paid
2261,2261,98600,74700,23900,Paid
2262,2262,18670,0,18670,Paid
2263,2263,71840,51090,20750,Paid
2264,2264,123510,82280,41230,Paid
2265,2265,142030,64810,77220,Pending
2266,2266,45800,20800,25000,Paid
2267,2267,10600,0,10600,Paid
2268,2268,39010,18260,20750,Pending
2269,2269,24290,13670,10620,Paid
2270,2270,80200,57420,22780,Paid
2271,2271,31640,25080,6560,Paid
2272,2272,428410,0,428410,Paid
2273,2273,47050,27300,19750,Paid
2274,2274,24570,22050,2520,Partially Paid
2275,2275,20870,0,20870,Partially Paid
2276,2276,48870,28770,20100,Paid
2277,2277,27290,11970,15320,Paid
2278,2278,31820,0,31820,Paid
2279,2279,77400,56930,20470,Paid
2280,2280,7610,6370,1240,Paid
2281,2281,48140,37660,10480,Paid
2282,2282,50300,26090,24210,Partially Paid
2283,2283,88330,41100,47230,Paid
2284,2284,279800,0,279800,Paid
2285,2285,8810,4940,3870,Paid
2286,2286,68700,34960,33740,Partially Paid
2287,2287,12600,0,12600,Paid
2288,2288,66870,41320,25550,Partially Paid
2289,2289,9000,6130,2870,Paid
2290,2290,120010,61140,58870,Paid
2291,2291,128940,83800,45140,Paid
2292,2292,60910,53550,7360,Paid
2293,2293,23790,15030,8760,Paid
2294,2294,62300,38770,23530,Paid
2295,2295,191690,0,191690,Paid
2296,2296,45620,29450,16170,Paid
2297,2297,145190,118740,26450,Paid
2298,2298,28930,0,28930,Paid
2299,2299,25500,15470,10030,Paid
2300,2300,15740,9980,5760,Paid
2301,2301,121630,0,121630,Paid
2302,2302,12620,7670,4950,Paid
2303,2303,166370,0,166370,Partially Paid
2304,2304,23020,12200,10820,Paid
2305,2305,17450,13670,3780,Paid
2306,2306,24180,14970,9210,Paid
2307,2307,21380,11750,9630,Paid
2308,2308,29160,17590,11570,Pending
2309,2309,67190,0,67190,Partially Paid
2310,2310,97650,44810,52840,Paid
2311,2311,217920,0,217920,Paid
2312,2312,42170,0,42170,Pending
2313,2313,87190,57710,29480,Paid
2314,2314,69920,49670,20250,Paid
2315,2315,62020,36870,25150,Partially Paid
2316,2316,56070,44930,11140,Paid
2317,2317,38350,25110,13240,Paid
2318,2318,17610,0,17610,Paid
2319,2319,89200,65380,23820,Paid
2320,2320,68940,47790,21150,Paid
2321,2321,23550,14450,9100,Paid
2322,2322,118080,81790,36290,Paid
2323,2323,91670,46770,44900,Paid
2324,2324,36010,25660,10350,Paid
2325,2325,26850,22010,4840,Paid
2326,2326,44650,27770,16880,Paid
2327,2327,97930,79760,18170,Partially Paid
2328,2328,19900,8510,11390,Partially Paid
2329,2329,10720,6970,3750,Paid
2330,2330,92400,41640,50760,Paid
2331,2331,21370,8860,12510,Partially Paid
2332,2332,368980,274250,94730,Partially Paid
2333,2333,60650,48320,12330,Paid
2334,2334,343990,0,343990,Paid
2335,2335,103080,53450,49630,Partially Paid
2336,2336,66630,50440,16190,Pending
2337,2337,147810,103880,43930,Paid
2338,2338,21970,11580,10390,Paid
2339,2339,40210,0,40210,Paid
2340,2340,16250,14280,1970,Pending
2341,2341,67000,55670,11330,Paid
2342,2342,116950,0,116950,Paid
2343,2343,22740,0,22740,Paid
2344,2344,153140,105170,47970,Paid
2345,2345,8780,4870,3910,Paid
2346,2346,107150,77470,29680,Pending
2347,2347,41730,23680,18050,Pending
2348,2348,84380,0,84380,Paid
2349,2349,82870,51030,31840,Pending
2350,2350,24840,10580,14260,Pending
2351,2351,33240,24730,8510,Paid
2352,2352,16010,10150,5860,Paid
2353,2353,344910,155550,189360,Pending
2354,2354,46390,39050,7340,Paid
2355,2355,34840,20090,14750,Paid
2356,2356,533020,0,533020,Paid
2357,2357,129380,70460,58920,Paid
2358,2358,26290,23290,3000,Paid
2359,2359,72630,54450,18180,Pending
2360,2360,111180,0,111180,Partially Paid
2361,2361,61420,34990,26430,Partially Paid
2362,2362,27010,0,27010,Paid
2363,2363,19170,9430,9740,Paid
2364,2364,139020,57880,81140,Paid
2365,2365,24520,18010,6510,Paid
2366,2366,194380,82960,111420,Paid
2367,2367,38370,32080,6290,Paid
2368,2368,96580,46820,49760,Paid
2369,2369,94990,82970,12020,Paid
2370,2370,76020,35600,40420,Paid
2371,2371,17010,6990,10020,Paid
2372,2372,40410,22140,18270,Paid
2373,2373,24980,20040,4940,Paid
2374,2374,150530,102940,47590,Paid
2375,2375,72930,0,72930,Pending
2376,2376,46800,24430,22370,Paid
2377,2377,111890,0,111890,Paid
2378,2378,11980,5480,6500,Paid
2379,2379,61660,0,61660,Paid
2380,2380,15760,0,15760,Paid
2381,2381,46110,23630,22480,Paid
2382,2382,31950,13430,18520,Paid
2383,2383,113850,70130,43720,Paid
2384,2384,209660,108890,100770,Paid
2385,2385,308350,141890,166460,Partially Paid
2386,2386,116750,92520,24230,Paid
2387,2387,229150,176730,52420,Paid
2388,2388,88080,0,88080,Partially Paid
2389,2389,33320,15760,17560,Pending
2390,2390,23940,10670,13270,Paid
2391,2391,32280,26640,5640,Paid
2392,2392,41940,36440,5500,Paid
2393,2393,449480,212540,236940,Paid
2394,2394,6910,4900,2010,Paid
2395,2395,20560,11470,9090,Paid
2396,2396,196410,166330,30080,Pending
2397,2397,31520,0,31520,Paid
2398,2398,189130,92760,96370,Paid
2399,2399,20780,10450,10330,Paid
2400,2400,34360,22320,12040,Paid
2401,2401,42260,36500,5760,Paid
2402,2402,14690,9950,4740,Paid
2403,2403,38940,20740,18200,Paid
2404,2404,34350,0,34350,Partially Paid
2405,2405,263390,115500,147890,Paid
2406,2406,61830,0,61830,Paid
2407,2407,242510,136620,105890,Paid
2408,2408,69250,57030,12220,Paid
2409,2409,37070,22190,14880,Paid
2410,2410,30590,13100,17490,Paid
2411,2411,30840,17800,13040,Paid
2412,2412,16400,12850,3550,Pending
2413,2413,251450,123010,128440,Paid
2414,2414,143910,115570,28340,Paid
2415,2415,47170,30960,16210,Paid
2416,2416,68730,34150,34580,Paid
2417,2417,41660,0,41660,Paid
2418,2418,108010,55920,52090,Pending
2419,2419,296060,174230,121830,Partially Paid
2420,2420,27710,24180,3530,Paid
2421,2421,38510,34470,4040,Paid
2422,2422,84980,54340,30640,Paid
2423,2423,33120,0,33120,Paid
2424,2424,21850,0,21850,Paid
2425,2425,20250,10550,9700,Paid
2426,2426,24710,10490,14220,Paid
2427,2427,34870,25090,9780,Paid
2428,2428,537240,430190,107050,Paid
2429,2429,43980,0,43980,Paid
2430,2430,26190,0,26190,Paid
2431,2431,34070,16200,17870,Paid
2432,2432,25370,0,25370,Paid
2433,2433,92750,47550,45200,Partially Paid
2434,2434,32460,19760,12700,Pending
2435,2435,30100,22460,7640,Paid
2436,2436,52140,41960,10180,Paid
2437,2437,35530,0,35530,Pending
2438,2438,58630,35700,22930,Partially Paid
2439,2439,54090,0,54090,Pending
2440,2440,40120,27700,12420,Paid
2441,2441,40670,0,40670,Paid
2442,2442,8860,4780,4080,Paid
2443,2443,340170,283810,56360,Paid
2444,2444,15230,0,15230,Paid
2445,2445,27850,24450,3400,Paid
2446,2446,22340,0,22340,Paid
2447,2447,32260,27680,4580,Paid
2448,2448,22000,16360,5640,Paid
2449,2449,17540,15260,2280,Partially Paid
2450,2450,91210,0,91210,Paid
2451,2451,21550,9110,12440,Paid
2452,2452,20010,13640,6370,Pending
2453,2453,439490,0,439490,Paid
2454,2454,19850,10290,9560,Paid
2455,2455,12650,5890,6760,Paid
2456,2456,64410,0,64410,Paid
2457,2457,24630,21920,2710,Paid
2458,2458,128430,113530,14900,Pending
2459,2459,24200,0,24200,Paid
2460,2460,8030,0,8030,Paid
2461,2461,113040,88360,24680,Paid
2462,2462,24770,11540,13230,Paid
2463,2463,32880,0,32880,Paid
2464,2464,309930,240900,69030,Pending
2465,2465,22730,11770,10960,Paid
2466,2466,50900,43730,7170,Paid
2467,2467,80540,36520,44020,Partially Paid
2468,2468,69850,0,69850,Paid
2469,2469,216980,115470,101510,Partially Paid
2470,2470,36790,23440,13350,Partially Paid
2471,2471,28740,13340,15400,Partially Paid
2472,2472,121400,92030,29370,Paid
2473,2473,138810,0,138810,Paid
2474,2474,103340,0,103340,Paid
2475,2475,352070,273550,78520,Paid
2476,2476,50920,43770,7150,Paid
2477,2477,75920,0,75920,Pending
2478,2478,39010,20710,18300,Paid
2479,2479,17410,0,17410,Paid
2480,2480,15430,0,15430,Paid
2481,2481,57860,0,57860,Partially Paid
2482,2482,16860,0,16860,Paid
2483,2483,27050,22720,4330,Paid
2484,2484,27060,17380,9680,Pending
2485,2485,92590,54700,37890,Pending
2486,2486,94960,57230,37730,Pending
2487,2487,33640,27460,6180,Paid
2488,2488,70790,0,70790,Paid
2489,2489,341050,184020,157030,Paid
2490,2490,44680,28520,16160,Partially Paid
2491,2491,37760,0,37760,Partially Paid
2492,2492,34290,20910,13380,Paid
2493,2493,36370,0,36370,Paid
2494,2494,30260,24350,5910,Paid
2495,2495,95300,0,95300,Paid
2496,2496,46400,0,46400,Paid
2497,2497,29350,21110,8240,Paid
2498,2498,160850,103310,57540,Paid
2499,2499,39210,32360,6850,Paid
2500,2500,30270,25050,5220,Pending
2501,2501,139790,61900,77890,Paid
2502,2502,32420,16820,15600,Paid
2503,2503,123470,90590,32880,Paid
2504,2504,25640,10580,15060,Paid
2505,2505,149160,74310,74850,Paid
2506,2506,104960,69350,35610,Paid
2507,2507,105590,57040,48550,Paid
2508,2508,203220,109880,93340,Paid
2509,2509,148690,79250,69440,Partially Paid
2510,2510,63990,28080,35910,Paid
2511,2511,146820,87230,59590,Paid
2512,2512,31210,0,31210,Paid
2513,2513,156570,0,156570,Paid
2514,2514,69730,41490,28240,Paid
2515,2515,28200,16190,12010,Paid
2516,2516,20940,10260,10680,Paid
2517,2517,39630,0,39630,Partially Paid
2518,2518,106920,0,106920,Paid
2519,2519,20510,9520,10990,Paid
2520,2520,179040,160720,18320,Pending
2521,2521,115960,0,115960,Paid
2522,2522,47950,25590,22360,Paid
2523,2523,108470,52090,56380,Paid
2524,2524,73200,57930,15270,Paid
2525,2525,9890,6760,3130,Partially Paid
2526,2526,131140,60320,70820,Paid
2527,2527,51360,39300,12060,Paid
2528,2528,31470,28200,3270,Paid
2529,2529,110400,82400,28000,Paid
2530,2530,33990,30280,3710,Paid
2531,2531,17470,8880,8590,Partially Paid
2532,2532,70190,49640,20550,Partially Paid
2533,2533,95710,58380,37330,Paid
2534,2534,26020,18950,7070,Paid
2535,2535,180150,144710,35440,Paid
2536,2536,45990,24850,21140,Paid
2537,2537,292540,0,292540,Paid
2538,2538,18310,13750,4560,Partially Paid
2539,2539,45690,24190,21500,Paid
2540,2540,24140,19260,4880,Paid
2541,2541,12280,5890,6390,Paid
2542,2542,29020,0,29020,Pending
2543,2543,108970,0,108970,Partially Paid
2544,2544,17380,11920,5460,Paid
2545,2545,156370,0,156370,Paid
2546,2546,42660,19690,22970,Partially Paid
2547,2547,13140,11310,1830,Paid
2548,2548,49180,24880,24300,Paid
2549,2549,43050,28350,14700,Paid
2550,2550,137640,78030,59610,Paid
2551,2551,115630,60010,55620,Paid
2552,2552,394040,270440,123600,Paid
2553,2553,261070,0,261070,Paid
2554,2554,51730,23810,27920,Paid
2555,2555,15110,9490,5620,Paid
2556,2556,53940,43530,10410,Paid
2557,2557,68650,0,68650,Paid
2558,2558,42270,22680,19590,Partially Paid
2559,2559,43650,0,43650,Paid
2560,2560,34990,27410,7580,Paid
2561,2561,205720,164520,41200,Paid
2562,2562,148100,0,148100,Paid
2563,2563,30920,17500,13420,Paid
2564,2564,28370,0,28370,Pending
2565,2565,118040,50480,67560,Paid
2566,2566,97180,54840,42340,Paid
2567,2567,41150,31260,9890,Partially Paid
2568,2568,14910,0,14910,Pending
2569,2569,27600,15300,12300,Pending
2570,2570,149430,99970,49460,Paid
2571,2571,44010,20170,23840,Pending
2572,2572,15320,11380,3940,Paid
2573,2573,31770,27090,4680,Paid
2574,2574,66240,0,66240,Paid
2575,2575,57470,31260,26210,Paid
2576,2576,40660,33420,7240,Pending
2577,2577,67570,49660,17910,Paid
2578,2578,16520,10610,5910,Paid
2579,2579,58030,33370,24660,Paid
2580,2580,32770,18730,14040,Paid
2581,2581,141510,0,141510,Paid
2582,2582,180550,128200,52350,Paid
2583,2583,292180,160850,131330,Paid
2584,2584,72110,0,72110,Paid
2585,2585,9160,5320,3840,Paid
2586,2586,18730,0,18730,Paid
2587,2587,29760,20390,9370,Paid
2588,2588,33040,15720,17320,Pending
2589,2589,272930,235170,37760,Pending
2590,2590,23590,20070,3520,Paid
2591,2591,96690,54410,42280,Paid
2592,2592,39060,0,39060,Paid
2593,2593,29800,24720,5080,Paid
2594,2594,19220,8260,10960,Pending
2595,2595,21920,0,21920,Pending
2596,2596,48510,36520,11990,Paid
2597,2597,28280,23490,4790,Paid
2598,2598,292400,219960,72440,Pending
2599,2599,37720,25000,12720,Paid
2600,2600,93660,54740,38920,Paid
2601,2601,102000,79090,22910,Pending
2602,2602,56630,26020,30610,Paid
2603,2603,22200,0,22200,Paid
2604,2604,158240,0,158240,Paid
2605,2605,165290,77880,87410,Paid
2606,2606,197960,175490,22470,Paid
2607,2607,32140,0,32140,Paid
2608,2608,31030,14250,16780,Pending
2609,2609,43640,32150,11490,Paid
2610,2610,35530,27490,8040,Paid
2611,2611,32930,0,32930,Paid
2612,2612,20460,12150,8310,Paid
2613,2613,193650,116190,77460,Pending
2614,2614,236680,122470,114210,Paid
2615,2615,172030,75080,96950,Paid
2616,2616,60170,0,60170,Paid
2617,2617,32080,12860,19220,Paid
2618,2618,34530,19480,15050,Paid
2619,2619,178740,83900,94840,Pending
2620,2620,94900,0,94900,Paid
2621,2621,12830,6940,5890,Paid
2622,2622,55740,42630,13110,Paid
2623,2623,111820,66410,45410,Pending
2624,2624,87700,0,87700,Partially Paid
2625,2625,97590,60750,36840,Paid
2626,2626,30350,22490,7860,Paid
2627,2627,43720,38320,5400,Paid
2628,2628,68150,52040,16110,Paid
2629,2629,97970,43990,53980,Paid
2630,2630,29270,20090,9180,Paid
2631,2631,24940,11270,13670,Paid
2632,2632,31450,26220,5230,Partially Paid
2633,2633,56930,28800,28130,Paid
2634,2634,441220,392720,48500,Paid
2635,2635,57450,48530,8920,Paid
2636,2636,94130,0,94130,Paid
2637,2637,85330,34490,50840,Paid
2638,2638,204150,165280,38870,Paid
2639,2639,19010,10920,8090,Paid
2640,2640,33160,27280,5880,Pending
2641,2641,158040,98700,59340,Paid
2642,2642,264980,143380,121600,Paid
2643,2643,253630,183170,70460,Paid
2644,2644,118150,0,118150,Paid
2645,2645,160060,83040,77020,Partially Paid
2646,2646,151430,84100,67330,Paid
2647,2647,157020,0,157020,Paid
2648,2648,9470,8390,1080,Paid
2649,2649,5680,3340,2340,Paid
2650,2650,59980,0,59980,Partially Paid
2651,2651,14160,12130,2030,Paid
2652,2652,80520,61490,19030,Paid
2653,2653,17910,7510,10400,Paid
2654,2654,59650,29560,30090,Paid
2655,2655,39270,29410,9860,Partially Paid
2656,2656,61140,29620,31520,Paid
2657,2657,28300,0,28300,Paid
2658,2658,261200,0,261200,Paid
2659,2659,25120,19150,5970,Paid
2660,2660,22240,0,22240,Partially Paid
2661,2661,147650,77100,70550,Paid
2662,2662,187810,81190,106620,Paid
2663,2663,45570,34020,11550,Paid
2664,2664,15210,0,15210,Paid
2665,2665,110660,93820,16840,Paid
2666,2666,39440,24620,14820,Paid
2667,2667,208950,0,208950,Pending
2668,2668,51060,0,51060,Partially Paid
2669,2669,86540,0,86540,Paid
2670,2670,58730,0,58730,Paid
2671,2671,17540,0,17540,Pending
2672,2672,29500,0,29500,Paid
2673,2673,43070,19050,24020,Paid
2674,2674,59250,0,59250,Paid
2675,2675,48090,22750,25340,Paid
2676,2676,127130,100210,26920,Paid
2677,2677,43290,0,43290,Paid
2678,2678,42690,0,42690,Paid
2679,2679,55640,30350,25290,Paid
2680,2680,54910,33080,21830,Paid
2681,2681,28900,0,28900,Paid
2682,2682,19850,17640,2210,Paid
2683,2683,24990,13780,11210,Paid
2684,2684,96840,55000,41840,Paid
2685,2685,38400,0,38400,Paid
2686,2686,6740,0,6740,Paid
2687,2687,41460,21160,20300,Pending
2688,2688,23660,21200,2460,Paid
2689,2689,447530,301860,145670,Pending
2690,2690,21060,12500,8560,Paid
2691,2691,51320,36200,15120,Paid
2692,2692,97680,0,97680,Paid
2693,2693,24840,14540,10300,Partially Paid
2694,2694,71240,0,71240,Paid
2695,2695,110980,0,110980,Paid
2696,2696,40130,24300,15830,Paid
2697,2697,31720,13280,18440,Pending
2698,2698,16860,11290,5570,Paid
2699,2699,182960,117560,65400,Paid
2700,2700,65390,32120,33270,Paid
2701,2701,35790,21130,14660,Paid
2702,2702,67180,45040,22140,Paid
2703,2703,37390,31640,5750,Paid
2704,2704,188470,105400,83070,Paid
2705,2705,49490,0,49490,Paid
2706,2706,19070,0,19070,Pending
2707,2707,218010,140190,77820,Paid
2708,2708,30830,18900,11930,Pending
2709,2709,110040,60350,49690,Paid
2710,2710,87550,60890,26660,Paid
2711,2711,33700,17880,15820,Paid
2712,2712,42920,20980,21940,Pending
2713,2713,397230,164790,232440,Paid
2714,2714,13060,8350,4710,Partially Paid
2715,2715,47110,37940,9170,Paid
2716,2716,83710,71310,12400,Paid
2717,2717,7700,3570,4130,Paid
2718,2718,35880,27690,8190,Paid
2719,2719,10320,6260,4060,Paid
2720,2720,164380,143710,20670,Paid
2721,2721,28720,14160,14560,Paid
2722,2722,32630,18160,14470,Paid
2723,2723,77340,66310,11030,Paid
2724,2724,88410,65160,23250,Paid
2725,2725,29830,13450,16380,Paid
2726,2726,45580,34940,10640,Paid
2727,2727,101840,69870,31970,Paid
2728,2728,22860,0,22860,Paid
2729,2729,35480,14970,20510,Paid
2730,2730,73280,0,73280,Partially Paid
2731,2731,24380,16070,8310,Paid
2732,2732,33460,0,33460,Paid
2733,2733,25790,0,25790,Paid
2734,2734,42550,0,42550,Paid
2735,2735,172560,136630,35930,Paid
2736,2736,159110,75760,83350,Paid
2737,2737,31460,27200,4260,Pending
2738,2738,42300,0,42300,Paid
2739,2739,333880,266800,67080,Paid
2740,2740,27450,19520,7930,Paid
2741,2741,35690,31430,4260,Paid
2742,2742,36160,29350,6810,Paid
2743,2743,65080,39050,26030,Paid
2744,2744,31510,15650,15860,Pending
2745,2745,12540,0,12540,Paid
2746,2746,133400,98070,35330,Paid
2747,2747,103780,80100,23680,Paid
2748,2748,24710,0,24710,Paid
2749,2749,35270,28540,6730,Paid
2750,2750,33850,27630,6220,Pending
2751,2751,48330,35680,12650,Pending
2752,2752,25010,10080,14930,Paid
2753,2753,22090,11480,10610,Paid
2754,2754,211940,170350,41590,Paid
2755,2755,81390,73100,8290,Pending
2756,2756,31560,0,31560,Paid
2757,2757,50100,41180,8920,Partially Paid
2758,2758,13550,8050,5500,Partially Paid
2759,2759,32480,0,32480,Pending
2760,2760,45630,38910,6720,Paid
2761,2761,61180,34790,26390,Partially Paid
2762,2762,22600,12200,10400,Paid
2763,2763,105860,67500,38360,Paid
2764,2764,98370,81320,17050,Paid
2765,2765,25920,14190,11730,Pending
2766,2766,108950,64990,43960,Paid
2767,2767,10160,7360,2800,Paid
2768,2768,6020,0,6020,Paid
2769,2769,48400,35170,13230,Partially Paid
2770,2770,26630,0,26630,Paid
2771,2771,42170,34310,7860,Paid
2772,2772,30730,25090,5640,Paid
2773,2773,218790,196830,21960,Paid
2774,2774,17620,9620,8000,Pending
2775,2775,30320,13110,17210,Paid
2776,2776,27260,0,27260,Paid
2777,2777,291810,0,291810,Paid
2778,2778,103380,46660,56720,Paid
2779,2779,100770,50450,50320,Pending
2780,2780,11110,7320,3790,Paid
2781,2781,12710,6540,6170,Paid
2782,2782,83270,51310,31960,Paid
2783,2783,83350,65430,17920,Pending
2784,2784,95970,0,95970,Paid
2785,2785,57250,43910,13340,Paid
2786,2786,30860,17350,13510,Partially Paid
2787,2787,87220,74500,12720,Paid
2788,2788,370280,169650,200630,Paid
2789,2789,159300,139610,19690,Paid
2790,2790,46560,0,46560,Paid
2791,2791,26570,14890,11680,Paid
2792,2792,14130,6860,7270,Paid
2793,2793,14380,0,14380,Paid
2794,2794,24720,11390,13330,Paid
2795,2795,37860,15890,21970,Paid
2796,2796,103960,57700,46260,Paid
2797,2797,10080,4460,5620,Partially Paid
2798,2798,38200,0,38200,Paid
2799,2799,55090,45700,9390,Paid
2800,2800,84020,46320,37700,Paid
2801,2801,143700,94140,49560,Pending
2802,2802,22840,14180,8660,Paid
2803,2803,22400,19450,2950,Paid
2804,2804,58870,31070,27800,Paid
2805,2805,39950,18920,21030,Partially Paid
2806,2806,81090,44840,36250,Paid
2807,2807,85720,58270,27450,Paid
2808,2808,44510,28690,15820,Paid
2809,2809,384840,197380,187460,Paid
2810,2810,33510,26950,6560,Paid
2811,2811,23870,12820,11050,Paid
2812,2812,110720,84850,25870,Paid
2813,2813,137590,114180,23410,Paid
2814,2814,26920,16540,10380,Pending
2815,2815,33690,16700,16990,Partially Paid
2816,2816,17610,14060,3550,Paid
2817,2817,142580,81270,61310,Paid
2818,2818,50760,0,50760,Paid
2819,2819,150350,0,150350,Paid
2820,2820,17270,7100,10170,Pending
2821,2821,16120,10150,5970,Paid
2822,2822,110590,78300,32290,Partially Paid
2823,2823,164880,122960,41920,Partially Paid
2824,2824,96180,52090,44090,Paid
2825,2825,20340,16660,3680,Paid
2826,2826,29530,13680,15850,Paid
2827,2827,54930,33590,21340,Paid
2828,2828,129470,101730,27740,Paid
2829,2829,24790,17310,7480,Paid
2830,2830,175140,136160,38980,Paid
2831,2831,7450,0,7450,Paid
2832,2832,67740,48570,19170,Paid
2833,2833,66470,0,66470,Paid
2834,2834,19600,7840,11760,Paid
2835,2835,36850,29850,7000,Paid
2836,2836,19960,0,19960,Paid
2837,2837,23280,0,23280,Paid
2838,2838,329970,166910,163060,Paid
2839,2839,38490,31100,7390,Paid
2840,2840,32290,0,32290,Paid
2841,2841,315440,133910,181530,Paid
2842,2842,255330,225450,29880,Paid
2843,2843,14930,7330,7600,Pending
2844,2844,174060,109320,64740,Paid
2845,2845,26160,22560,3600,Paid
2846,2846,77470,67010,10460,Paid
2847,2847,12470,8020,4450,Paid
2848,2848,96970,79160,17810,Paid
2849,2849,120810,82190,38620,Paid
2850,2850,32550,0,32550,Partially Paid
2851,2851,16000,12430,3570,Paid
2852,2852,21240,18360,2880,Paid
2853,2853,83020,65420,17600,Paid
2854,2854,94710,64730,29980,Paid
2855,2855,38850,32660,6190,Paid
2856,2856,48170,43150,5020,Paid
2857,2857,91240,0,91240,Paid
2858,2858,47560,0,47560,Paid
2859,2859,16650,10060,6590,Paid
2860,2860,34140,27520,6620,Pending
2861,2861,32400,25240,7160,Paid
2862,2862,65760,53610,12150,Paid
2863,2863,28270,15750,12520,Paid
2864,2864,49090,42850,6240,Partially Paid
2865,2865,42830,23270,19560,Paid
2866,2866,37740,15790,21950,Paid
2867,2867,32440,0,32440,Paid
2868,2868,73760,61220,12540,Paid
2869,2869,49600,0,49600,Paid
2870,2870,29590,13210,16380,Pending
2871,2871,164600,71430,93170,Paid
2872,2872,63430,26990,36440,Paid
2873,2873,30530,0,30530,Paid
2874,2874,150500,0,150500,Paid
2875,2875,70650,40950,29700,Partially Paid
2876,2876,71260,0,71260,Paid
2877,2877,19160,10390,8770,Paid
2878,2878,99770,76290,23480,Paid
2879,2879,127790,0,127790,Partially Paid
2880,2880,44170,23260,20910,Paid
2881,2881,34460,0,34460,Partially Paid
2882,2882,107760,0,107760,Pending
2883,2883,141120,114690,26430,Paid
2884,2884,23540,0,23540,Paid
2885,2885,71190,41220,29970,Paid
2886,2886,146290,100290,46000,Paid
2887,2887,28980,19340,9640,Paid
2888,2888,21050,0,21050,Paid
2889,2889,93060,0,93060,Partially Paid
2890,2890,26750,14380,12370,Pending
2891,2891,10220,6990,3230,Paid
2892,2892,40170,0,40170,Paid
2893,2893,69000,0,69000,Paid
2894,2894,28230,0,28230,Paid
2895,2895,83440,0,83440,Pending
2896,2896,74390,36480,37910,Paid
2897,2897,18300,0,18300,Partially Paid
2898,2898,28500,11650,16850,Partially Paid
2899,2899,27010,0,27010,Paid
2900,2900,126090,98870,27220,Partially Paid
2901,2901,25050,11280,13770,Paid
2902,2902,21810,19120,2690,Paid
2903,2903,18130,8250,9880,Paid
2904,2904,20230,11290,8940,Paid
2905,2905,82490,64680,17810,Paid
2906,2906,18300,9340,8960,Paid
2907,2907,96370,48560,47810,Partially Paid
2908,2908,46140,0,46140,Paid
2909,2909,78240,0,78240,Paid
2910,2910,53460,0,53460,Pending
2911,2911,37570,27730,9840,Paid
2912,2912,14050,9950,4100,Paid
2913,2913,172270,0,172270,Partially Paid
2914,2914,17400,10410,6990,Paid
2915,2915,88210,63750,24460,Paid
2916,2916,11680,0,11680,Paid
2917,2917,94320,0,94320,Paid
2918,2918,121720,0,121720,Paid
2919,2919,8750,6200,2550,Paid
2920,2920,36280,17410,18870,Paid
2921,2921,67180,46020,21160,Paid
2922,2922,17370,15080,2290,Pending
2923,2923,8510,4830,3680,Paid
2924,2924,33100,14280,18820,Paid
2925,2925,81800,33540,48260,Pending
2926,2926,17570,0,17570,Paid
2927,2927,76680,55150,21530,Paid
2928,2928,41480,21740,19740,Paid
2929,2929,32350,17700,14650,Paid
2930,2930,104580,46320,58260,Paid
2931,2931,172170,0,172170,Paid
2932,2932,27950,14090,13860,Pending
2933,2933,44960,37860,7100,Pending
2934,2934,50420,38130,12290,Paid
2935,2935,69250,58880,10370,Paid
2936,2936,112260,52840,59420,Pending
2937,2937,20530,14370,6160,Paid
2938,2938,25980,0,25980,Paid
2939,2939,50170,25210,24960,Paid
2940,2940,7760,6150,1610,Paid
2941,2941,43130,29810,13320,Paid
2942,2942,23650,16630,7020,Paid
2943,2943,50350,29330,21020,Paid
2944,2944,185900,121110,64790,Paid
2945,2945,30290,0,30290,Paid
2946,2946,96800,80830,15970,Paid
2947,2947,26440,20210,6230,Paid
2948,2948,71410,0,71410,Paid
2949,2949,10560,0,10560,Paid
2950,2950,57160,48760,8400,Paid
2951,2951,79290,64660,14630,Paid
2952,2952,348720,238430,110290,Paid
2953,2953,224890,113980,110910,Paid
2954,2954,18930,0,18930,Paid
2955,2955,62660,40640,22020,Pending
2956,2956,17750,0,17750,Paid
2957,2957,28660,17420,11240,Pending
2958,2958,47960,41850,6110,Paid
2959,2959,36400,22230,14170,Paid
2960,2960,23580,17640,5940,Paid
2961,2961,67120,32030,35090,Paid
2962,2962,25490,17960,7530,Paid
2963,2963,144510,0,144510,Paid
2964,2964,54160,45190,8970,Paid
2965,2965,31530,0,31530,Paid
2966,2966,120170,66910,53260,Paid
2967,2967,21670,0,21670,Paid
2968,2968,414890,229560,185330,Pending
2969,2969,55210,0,55210,Paid
2970,2970,25220,12400,12820,Pending
2971,2971,8030,3510,4520,Paid
2972,2972,148700,129290,19410,Paid
2973,2973,34170,27460,6710,Paid
2974,2974,30150,18130,12020,Partially Paid
2975,2975,36600,0,36600,Paid
2976,2976,39760,21870,17890,Paid
2977,2977,135460,0,135460,Paid
2978,2978,115550,93150,22400,Paid
2979,2979,29940,16660,13280,Paid
2980,2980,409130,223900,185230,Paid
2981,2981,153730,92050,61680,Pending
2982,2982,56170,31550,24620,Paid
2983,2983,88840,48650,40190,Partially Paid
2984,2984,50890,39370,11520,Paid
2985,2985,34190,28890,5300,Paid
2986,2986,111320,66350,44970,Paid
2987,2987,14730,11740,2990,Paid
2988,2988,97540,42870,54670,Paid
2989,2989,84120,69700,14420,Paid
2990,2990,18090,7480,10610,Pending
2991,2991,38920,34570,4350,Paid
2992,2992,60120,53810,6310,Pending
2993,2993,53110,26510,26600,Partially Paid
2994,2994,325530,193320,132210,Paid
2995,2995,32400,17570,14830,Paid
2996,2996,173520,102870,70650,Paid
2997,2997,21270,17510,3760,Paid
2998,2998,36820,27830,8990,Partially Paid
2999,2999,60620,0,60620,Partially Paid
3000,3000,54570,0,54570,Partially Paid
3001,3001,69120,39110,30010,Paid
3002,3002,24000,17480,6520,Paid
3003,3003,48410,22140,26270,Paid
3004,3004,187200,162610,24590,Paid
3005,3005,20010,0,20010,Pending
3006,3006,17890,13360,4530,Paid
3007,3007,78330,0,78330,Paid
3008,3008,28730,19390,9340,Paid
3009,3009,42890,32630,10260,Paid
3010,3010,79680,0,79680,Pending
3011,3011,56620,47060,9560,Partially Paid
3012,3012,54870,42110,12760,Paid
3013,3013,139480,56290,83190,Pending
3014,3014,90730,65010,25720,Paid
3015,3015,46660,38080,8580,Paid
3016,3016,68980,46830,22150,Partially Paid
3017,3017,17000,0,17000,Paid
3018,3018,60810,48360,12450,Paid
3019,3019,248570,0,248570,Paid
3020,3020,21700,19320,2380,Paid
3021,3021,53810,39810,14000,Paid
3022,3022,71520,41720,29800,Paid
3023,3023,20410,8390,12020,Pending
3024,3024,31170,0,31170,Paid
3025,3025,29270,19940,9330,Paid
3026,3026,56560,35570,20990,Paid
3027,3027,47280,34770,12510,Paid
3028,3028,37260,19280,17980,Paid
3029,3029,23130,0,23130,Paid
3030,3030,253150,165910,87240,Paid
3031,3031,34060,26110,7950,Partially Paid
3032,3032,62550,51640,10910,Paid
3033,3033,58800,24150,34650,Pending
3034,3034,122090,0,122090,Paid
3035,3035,36960,29840,7120,Paid
3036,3036,20320,12430,7890,Pending
3037,3037,48170,40730,7440,Paid
3038,3038,77900,36500,41400,Paid
3039,3039,38740,29320,9420,Pending
3040,3040,10170,0,10170,Pending
3041,3041,23010,13270,9740,Paid
3042,3042,105490,78960,26530,Paid
3043,3043,36960,22750,14210,Paid
3044,3044,38820,25650,13170,Paid
3045,3045,19920,13880,6040,Paid
3046,3046,85620,69020,16600,Paid
3047,3047,123570,103240,20330,Paid
3048,3048,48290,21350,26940,Paid
3049,3049,51410,27730,23680,Pending
3050,3050,22160,12690,9470,Pending
3051,3051,138710,115120,23590,Paid
3052,3052,46790,21180,25610,Partially Paid
3053,3053,15010,10210,4800,Paid
3054,3054,208290,0,208290,Paid
3055,3055,35400,30230,5170,Paid
3056,3056,13380,8750,4630,Paid
3057,3057,90680,0,90680,Partially Paid
3058,3058,74700,57050,17650,Paid
3059,3059,310720,236230,74490,Paid
3060,3060,36640,25410,11230,Partially Paid
3061,3061,302280,252600,49680,Paid
3062,3062,13170,0,13170,Paid
3063,3063,230950,173190,57760,Paid
3064,3064,41040,30660,10380,Paid
3065,3065,35300,0,35300,Paid
3066,3066,40330,23800,16530,Paid
3067,3067,19160,11860,7300,Pending
3068,3068,153200,116360,36840,Paid
3069,3069,78350,0,78350,Paid
3070,3070,81870,48880,32990,Paid
3071,3071,32350,17820,14530,Paid
3072,3072,26850,0,26850,Paid
3073,3073,15530,11230,4300,Paid
3074,3074,34990,21820,13170,Paid
3075,3075,14530,6040,8490,Paid
3076,3076,79250,66630,12620,Paid
3077,3077,74140,41470,32670,Partially Paid
3078,3078,56240,23690,32550,Partially Paid
3079,3079,56720,0,56720,Paid
3080,3080,15570,0,15570,Paid
3081,3081,98900,88030,10870,Paid
3082,3082,57870,28040,29830,Paid
3083,3083,59110,0,59110,Paid
3084,3084,8520,0,8520,Paid
3085,3085,42690,17260,25430,Pending
3086,3086,77580,43770,33810,Paid
3087,3087,53880,27750,26130,Paid
3088,3088,302000,170120,131880,Paid
3089,3089,27760,14000,13760,Paid
3090,3090,18390,11690,6700,Paid
3091,3091,27820,0,27820,Paid
3092,3092,25920,15620,10300,Paid
3093,3093,141380,0,141380,Pending
3094,3094,115150,0,115150,Partially Paid
3095,3095,137550,122600,14950,Paid
3096,3096,34020,0,34020,Pending
3097,3097,84530,46050,38480,Partially Paid
3098,3098,37380,24920,12460,Paid
3099,3099,19510,11170,8340,Paid
3100,3100,148120,81450,66670,Paid
3101,3101,136510,0,136510,Partially Paid
3102,3102,7960,0,7960,Pending
3103,3103,51610,0,51610,Paid
3104,3104,28180,0,28180,Paid
3105,3105,154110,101410,52700,Paid
3106,3106,27110,21360,5750,Paid
3107,3107,11820,0,11820,Paid
3108,3108,330890,185470,145420,Paid
3109,3109,68300,55860,12440,Paid
3110,3110,35470,16010,19460,Partially Paid
3111,3111,30830,22010,8820,Paid
3112,3112,92950,43090,49860,Paid
3113,3113,34660,0,34660,Partially Paid
3114,3114,60360,46260,14100,Pending
3115,3115,7540,5250,2290,Paid
3116,3116,74830,46710,28120,Paid
3117,3117,188820,145290,43530,Paid
3118,3118,22760,0,22760,Paid
3119,3119,53450,32990,20460,Paid
3120,3120,36250,29610,6640,Partially Paid
3121,3121,18680,10900,7780,Paid
3122,3122,28020,15400,12620,Partially Paid
3123,3123,32750,16010,16740,Paid
3124,3124,20380,0,20380,Paid
3125,3125,68560,45560,23000,Paid
3126,3126,49800,23240,26560,Paid
3127,3127,27460,0,27460,Paid
3128,3128,45240,24390,20850,Paid
3129,3129,25520,0,25520,Paid
3130,3130,24070,0,24070,Paid
3131,3131,46640,23680,22960,Partially Paid
3132,3132,26970,17060,9910,Paid
3133,3133,29590,13210,16380,Paid
3134,3134,290940,153330,137610,Partially Paid
3135,3135,11700,0,11700,Paid
3136,3136,37360,0,37360,Pending
3137,3137,51110,32210,18900,Paid
3138,3138,146530,73020,73510,Paid
3139,3139,336030,250890,85140,Paid
3140,3140,35910,31350,4560,Paid
3141,3141,69880,36590,33290,Paid
3142,3142,61980,37020,24960,Paid
3143,3143,28440,13290,15150,Paid
3144,3144,60290,44280,16010,Paid
3145,3145,33640,24200,9440,Pending
3146,3146,119860,0,119860,Paid
3147,3147,132670,89530,43140,Paid
3148,3148,336570,185340,151230,Paid
3149,3149,118040,0,118040,Paid
3150,3150,19630,10890,8740,Partially Paid
3151,3151,81910,72490,9420,Paid
3152,3152,134980,58970,76010,Pending
3153,3153,20650,13340,7310,Paid
3154,3154,126260,102670,23590,Paid
3155,3155,43010,32300,10710,Paid
3156,3156,18070,15600,2470,Partially Paid
3157,3157,45490,37900,7590,Paid
3158,3158,29610,17390,12220,Paid
3159,3159,132080,114420,17660,Paid
3160,3160,10840,8830,2010,Paid
3161,3161,91580,78350,13230,Paid
3162,3162,117670,95580,22090,Pending
3163,3163,25730,22200,3530,Pending
3164,3164,28470,21200,7270,Paid
3165,3165,39050,33850,5200,Paid
3166,3166,70110,0,70110,Paid
3167,3167,79560,68250,11310,Paid
3168,3168,65250,0,65250,Paid
3169,3169,11370,6900,4470,Paid
3170,3170,16670,13120,3550,Pending
3171,3171,97670,0,97670,Pending
3172,3172,15360,9750,5610,Paid
3173,3173,107000,89840,17160,Partially Paid
3174,3174,148390,121760,26630,Paid
3175,3175,11940,0,11940,Paid
3176,3176,37530,23120,14410,Paid
3177,3177,13560,0,13560,Paid
3178,3178,193790,0,193790,Paid
3179,3179,212920,130950,81970,Paid
3180,3180,17320,14050,3270,Paid
3181,3181,404260,0,404260,Paid
3182,3182,18220,13000,5220,Partially Paid
3183,3183,36800,19280,17520,Paid
3184,3184,59920,0,59920,Pending
3185,3185,23360,15310,8050,Paid
3186,3186,113830,0,113830,Paid
3187,3187,20660,15350,5310,Pending
3188,3188,36940,21880,15060,Pending
3189,3189,10960,6990,3970,Paid
3190,3190,125640,92410,33230,Paid
3191,3191,152620,69560,83060,Paid
3192,3192,32940,14260,18680,Paid
3193,3193,242630,0,242630,Paid
3194,3194,230510,126310,104200,Paid
3195,3195,152830,0,152830,Paid
3196,3196,16990,11280,5710,Paid
3197,3197,25840,0,25840,Paid
3198,3198,37100,0,37100,Paid
3199,3199,18050,0,18050,Paid
3200,3200,84710,71720,12990,Paid
3201,3201,75770,63220,12550,Paid
3202,3202,43300,29450,13850,Paid
3203,3203,56230,43860,12370,Paid
3204,3204,36650,23170,13480,Paid
3205,3205,183300,107890,75410,Paid
3206,3206,229140,0,229140,Paid
3207,3207,93050,72300,20750,Paid
3208,3208,44530,36640,7890,Paid
3209,3209,175700,132820,42880,Paid
3210,3210,29240,0,29240,Paid
3211,3211,42840,32210,10630,Pending
3212,3212,16730,13080,3650,Paid
3213,3213,14440,0,14440,Paid
3214,3214,34620,19780,14840,Pending
3215,3215,28030,24060,3970,Paid
3216,3216,51910,22990,28920,Paid
3217,3217,65800,39630,26170,Paid
3218,3218,45520,26360,19160,Paid
3219,3219,174610,0,174610,Paid
3220,3220,4660,2880,1780,Paid
3221,3221,48750,0,48750,Partially Paid
3222,3222,57170,46990,10180,Paid
3223,3223,97820,0,97820,Paid
3224,3224,32940,25640,7300,Paid
3225,3225,25300,19180,6120,Partially Paid
3226,3226,165850,95330,70520,Paid
3227,3227,52990,45670,7320,Paid
3228,3228,27930,24830,3100,Paid
3229,3229,88630,46570,42060,Paid
3230,3230,44280,22590,21690,Paid
3231,3231,47900,0,47900,Paid
3232,3232,26540,19870,6670,Partially Paid
3233,3233,6760,4690,2070,Partially Paid
3234,3234,24510,10480,14030,Pending
3235,3235,107760,45760,62000,Paid
3236,3236,12240,5930,6310,Paid
3237,3237,36900,23030,13870,Paid
3238,3238,26020,13250,12770,Paid
3239,3239,37470,0,37470,Paid
3240,3240,251070,185630,65440,Paid
3241,3241,15820,0,15820,Paid
3242,3242,29430,23000,6430,Pending
3243,3243,33510,25200,8310,Pending
3244,3244,261430,165170,96260,Paid
3245,3245,21690,15090,6600,Paid
3246,3246,24450,12030,12420,Partially Paid
3247,3247,13740,7830,5910,Pending
3248,3248,30690,17240,13450,Paid
3249,3249,60800,46830,13970,Paid
3250,3250,31730,17370,14360,Paid
3251,3251,141510,66360,75150,Paid
3252,3252,46900,29490,17410,Paid
3253,3253,23360,14250,9110,Paid
3254,3254,36760,23830,12930,Partially Paid
3255,3255,69930,53210,16720,Paid
3256,3256,79860,38430,41430,Paid
3257,3257,41150,30680,10470,Paid
3258,3258,97000,56720,40280,Paid
3259,3259,31580,0,31580,Partially Paid
3260,3260,405840,320940,84900,Paid
3261,3261,21250,14840,6410,Paid
3262,3262,13710,0,13710,Paid
3263,3263,22750,9770,12980,Paid
3264,3264,54300,42100,12200,Paid
3265,3265,134070,83400,50670,Paid
3266,3266,26140,0,26140,Paid
3267,3267,414560,330950,83610,Partially Paid
3268,3268,46810,23080,23730,Paid
3269,3269,33770,13640,20130,Paid
3270,3270,16570,8840,7730,Pending
3271,3271,56320,0,56320,Paid
3272,3272,77840,36710,41130,Paid
3273,3273,16140,8530,7610,Paid
3274,3274,40520,34770,5750,Partially Paid
3275,3275,137460,55670,81790,Pending
3276,3276,22190,18210,3980,Paid
3277,3277,115140,0,115140,Paid
3278,3278,15230,7380,7850,Paid
3279,3279,37560,18020,19540,Paid
3280,3280,70010,54450,15560,Paid
3281,3281,286000,194530,91470,Partially Paid
3282,3282,24180,14140,10040,Paid
3283,3283,121610,56210,65400,Paid
3284,3284,156600,0,156600,Paid
3285,3285,92140,81640,10500,Paid
3286,3286,14880,7690,7190,Paid
3287,3287,89860,64680,25180,Paid
3288,3288,24010,10310,13700,Paid
3289,3289,85580,0,85580,Paid
3290,3290,37190,0,37190,Paid
3291,3291,54470,23540,30930,Paid
3292,3292,42210,0,42210,Paid
3293,3293,155400,124150,31250,Paid
3294,3294,52940,0,52940,Pending
3295,3295,43470,37030,6440,Partially Paid
3296,3296,29890,0,29890,Paid
3297,3297,140680,108150,32530,Paid
3298,3298,78600,0,78600,Partially Paid
3299,3299,18210,0,18210,Paid
3300,3300,59690,47370,12320,Paid
3301,3301,142850,63180,79670,Paid
3302,3302,150440,62320,88120,Paid
3303,3303,104100,64030,40070,Partially Paid
3304,3304,30440,21740,8700,Paid
3305,3305,6910,3540,3370,Paid
3306,3306,155000,0,155000,Paid
3307,3307,65700,26540,39160,Pending
3308,3308,50440,29240,21200,Paid
3309,3309,35600,16570,19030,Paid
3310,3310,50350,31110,19240,Paid
3311,3311,91550,0,91550,Paid
3312,3312,46320,34560,11760,Paid
3313,3313,182150,125600,56550,Paid
3314,3314,39980,26880,13100,Paid
3315,3315,40920,0,40920,Paid
3316,3316,28680,21340,7340,Pending
3317,3317,16670,9490,7180,Paid
3318,3318,93270,0,93270,Partially Paid
3319,3319,25010,0,25010,Paid
3320,3320,189330,88720,100610,Paid
3321,3321,140430,89110,51320,Paid
3322,3322,40290,35860,4430,Paid
3323,3323,119170,87270,31900,Paid
3324,3324,93360,51910,41450,Paid
3325,3325,36200,27560,8640,Paid
3326,3326,7920,6890,1030,Paid
3327,3327,204700,82790,121910,Paid
3328,3328,39300,18550,20750,Pending
3329,3329,165410,0,165410,Paid
3330,3330,443430,368820,74610,Paid
3331,3331,36740,27680,9060,Paid
3332,3332,246850,142220,104630,Paid
3333,3333,454810,190830,263980,Paid
3334,3334,141670,86770,54900,Partially Paid
3335,3335,52420,0,52420,Partially Paid
3336,3336,57590,28920,28670,Paid
3337,3337,12030,8300,3730,Paid
3338,3338,23390,12190,11200,Paid
3339,3339,58490,42440,16050,Paid
3340,3340,112010,51870,60140,Partially Paid
3341,3341,41160,26140,15020,Paid
3342,3342,124110,103470,20640,Paid
3343,3343,133060,106660,26400,Paid
3344,3344,51750,40730,11020,Paid
3345,3345,71760,30190,41570,Paid
3346,3346,24130,14340,9790,Paid
3347,3347,27300,22740,4560,Partially Paid
3348,3348,246720,132110,114610,Paid
3349,3349,29890,13050,16840,Paid
3350,3350,40080,32980,7100,Paid
3351,3351,47070,28520,18550,Paid
3352,3352,65880,58440,7440,Paid
3353,3353,8040,0,8040,Pending
3354,3354,20740,9370,11370,Paid
3355,3355,53920,0,53920,Paid
3356,3356,18740,10720,8020,Paid
3357,3357,41170,0,41170,Paid
3358,3358,100700,59810,40890,Paid
3359,3359,40330,27550,12780,Paid
3360,3360,84940,37320,47620,Paid
3361,3361,47930,0,47930,Paid
3362,3362,47530,0,47530,Paid
3363,3363,29360,17770,11590,Paid
3364,3364,23620,20280,3340,Pending
3365,3365,52580,27350,25230,Paid
3366,3366,176590,78000,98590,Paid
3367,3367,66640,31700,34940,Paid
3368,3368,79900,0,79900,Paid
3369,3369,23070,13170,9900,Pending
3370,3370,17230,8660,8570,Paid
3371,3371,220570,109440,111130,Paid
3372,3372,226040,157210,68830,Paid
3373,3373,171680,98260,73420,Paid
3374,3374,68790,36240,32550,Paid
3375,3375,11150,8680,2470,Paid
3376,3376,23440,15810,7630,Paid
3377,3377,255540,201620,53920,Partially Paid
3378,3378,23780,0,23780,Paid
3379,3379,29270,24360,4910,Pending
3380,3380,212570,170600,41970,Partially Paid
3381,3381,45080,35370,9710,Paid
3382,3382,150820,103540,47280,Paid
3383,3383,24780,17070,7710,Paid
3384,3384,19220,0,19220,Pending
3385,3385,83970,52460,31510,Paid
3386,3386,9890,5560,4330,Paid
3387,3387,122840,98280,24560,Paid
3388,3388,22120,10080,12040,Paid
3389,3389,143460,0,143460,Paid
3390,3390,26650,14620,12030,Paid
3391,3391,30720,25150,5570,Partially Paid
3392,3392,30750,18160,12590,Paid
3393,3393,33910,24890,9020,Paid
3394,3394,65980,58230,7750,Paid
3395,3395,390190,0,390190,Pending
3396,3396,58550,39880,18670,Partially Paid
3397,3397,49270,35910,13360,Paid
3398,3398,197030,91920,105110,Paid
3399,3399,33050,22540,10510,Paid
3400,3400,80230,43370,36860,Paid
3401,3401,42910,0,42910,Paid
3402,3402,125790,103570,22220,Paid
3403,3403,21050,18020,3030,Paid
3404,3404,36730,17680,19050,Paid
3405,3405,358280,163070,195210,Paid
3406,3406,41240,31930,9310,Paid
3407,3407,40580,21440,19140,Pending
3408,3408,52190,30280,21910,Paid
3409,3409,38590,0,38590,Paid
3410,3410,179490,136280,43210,Partially Paid
3411,3411,16040,10830,5210,Paid
3412,3412,123730,104230,19500,Paid
3413,3413,72060,39180,32880,Partially Paid
3414,3414,28860,16140,12720,Paid
3415,3415,36850,29900,6950,Partially Paid
3416,3416,79630,54190,25440,Pending
3417,3417,24670,19830,4840,Paid
3418,3418,50870,28740,22130,Pending
3419,3419,69940,56060,13880,Paid
3420,3420,25190,12350,12840,Paid
3421,3421,116990,77160,39830,Paid
3422,3422,109870,88780,21090,Paid
3423,3423,32880,19910,12970,Paid
3424,3424,52250,30430,21820,Paid
3425,3425,147100,91380,55720,Paid
3426,3426,15010,10060,4950,Paid
3427,3427,38090,0,38090,Paid
3428,3428,92630,50520,42110,Paid
3429,3429,143040,92190,50850,Paid
3430,3430,122250,109790,12460,Pending
3431,3431,15480,6830,8650,Paid
3432,3432,24640,11290,13350,Paid
3433,3433,224350,0,224350,Paid
3434,3434,219960,120540,99420,Paid
3435,3435,39890,18420,21470,Paid
3436,3436,27630,13760,13870,Paid
3437,3437,79860,55410,24450,Paid
3438,3438,228750,127640,101110,Pending
3439,3439,131340,0,131340,Paid
3440,3440,6960,0,6960,Paid
3441,3441,30740,0,30740,Paid
3442,3442,27310,11600,15710,Paid
3443,3443,22210,0,22210,Partially Paid
3444,3444,66140,52160,13980,Partially Paid
3445,3445,9890,7160,2730,Paid
3446,3446,75340,34330,41010,Paid
3447,3447,47850,0,47850,Paid
3448,3448,76510,45450,31060,Paid
3449,3449,19900,15040,4860,Paid
3450,3450,538830,382570,156260,Paid
3451,3451,192250,167340,24910,Paid
3452,3452,31680,28190,3490,Pending
3453,3453,135640,61210,74430,Paid
3454,3454,29720,0,29720,Partially Paid
3455,3455,120920,85680,35240,Paid
3456,3456,15050,12060,2990,Partially Paid
3457,3457,335450,295330,40120,Paid
3458,3458,92480,83190,9290,Pending
3459,3459,21220,15950,5270,Paid
3460,3460,40500,16200,24300,Pending
3461,3461,22930,19360,3570,Paid
3462,3462,33220,15330,17890,Partially Paid
3463,3463,56350,43880,12470,Paid
3464,3464,18600,0,18600,Paid
3465,3465,113850,0,113850,Paid
3466,3466,24160,19570,4590,Paid
3467,3467,51710,41210,10500,Paid
3468,3468,39370,31450,7920,Paid
3469,3469,47580,26810,20770,Paid
3470,3470,27660,0,27660,Paid
3471,3471,51210,43010,8200,Paid
3472,3472,31440,0,31440,Paid
3473,3473,26610,20310,6300,Paid
3474,3474,17000,11540,5460,Pending
3475,3475,19690,0,19690,Paid
3476,3476,77580,34890,42690,Paid
3477,3477,49890,28280,21610,Paid
3478,3478,20450,14340,6110,Pending
3479,3479,24960,19480,5480,Paid
3480,3480,308940,0,308940,Paid
3481,3481,10790,7510,3280,Paid
3482,3482,33890,18010,15880,Paid
3483,3483,30560,18130,12430,Paid
3484,3484,42250,26290,15960,Pending
3485,3485,65200,54470,10730,Partially Paid
3486,3486,57110,0,57110,Paid
3487,3487,160540,92410,68130,Pending
3488,3488,132150,78680,53470,Paid
3489,3489,76590,0,76590,Paid
3490,3490,429530,316250,113280,Paid
3491,3491,18350,0,18350,Paid
3492,3492,131480,105360,26120,Pending
3493,3493,123570,65980,57590,Paid
3494,3494,547980,436930,111050,Pending
3495,3495,45970,27210,18760,Paid
3496,3496,20720,14340,6380,Paid
3497,3497,145150,84170,60980,Paid
3498,3498,21990,9740,12250,Paid
3499,3499,39210,31730,7480,Pending
3500,3500,48170,21720,26450,Paid
3501,3501,171300,103770,67530,Paid
3502,3502,17200,12270,4930,Pending
3503,3503,46570,19880,26690,Paid
3504,3504,30530,16430,14100,Partially Paid
3505,3505,66670,0,66670,Paid
3506,3506,246840,190690,56150,Paid
3507,3507,77030,30820,46210,Paid
3508,3508,16550,7380,9170,Paid
3509,3509,78290,65050,13240,Partially Paid
3510,3510,113020,54420,58600,Paid
3511,3511,48410,27200,21210,Paid
3512,3512,26470,14600,11870,Paid
3513,3513,9300,0,9300,Paid
3514,3514,16600,12030,4570,Paid
3515,3515,56470,0,56470,Paid
3516,3516,32140,17060,15080,Paid
3517,3517,142600,0,142600,Paid
3518,3518,46130,18770,27360,Paid
3519,3519,40520,0,40520,Paid
3520,3520,69280,38850,30430,Paid
3521,3521,113600,0,113600,Paid
3522,3522,49040,41500,7540,Paid
3523,3523,13660,0,13660,Pending
3524,3524,93930,0,93930,Paid
3525,3525,66370,50240,16130,Partially Paid
3526,3526,25960,10800,15160,Partially Paid
3527,3527,60980,25260,35720,Pending
3528,3528,12300,7370,4930,Paid
3529,3529,32320,17990,14330,Paid
3530,3530,102060,76230,25830,Paid
3531,3531,25580,15330,10250,Pending
3532,3532,17080,0,17080,Paid
3533,3533,86850,73090,13760,Paid
3534,3534,52010,0,52010,Paid
3535,3535,36720,30080,6640,Pending
3536,3536,87330,77760,9570,Paid
3537,3537,21720,0,21720,Pending
3538,3538,71550,0,71550,Pending
3539,3539,11460,0,11460,Paid
3540,3540,266300,133030,133270,Paid
3541,3541,24460,10580,13880,Pending
3542,3542,29710,0,29710,Paid
3543,3543,21500,9850,11650,Paid
3544,3544,26740,21940,4800,Paid
3545,3545,68590,39850,28740,Paid
3546,3546,22860,18940,3920,Paid
3547,3547,58270,28720,29550,Paid
3548,3548,106130,67160,38970,Paid
3549,3549,38350,0,38350,Paid
3550,3550,250450,211230,39220,Partially Paid
3551,3551,17350,7850,9500,Paid
3552,3552,425380,346440,78940,Paid
3553,3553,54120,46670,7450,Pending
3554,3554,30940,13030,17910,Paid
3555,3555,78450,44350,34100,Paid
3556,3556,29500,19070,10430,Paid
3557,3557,59180,28980,30200,Paid
3558,3558,37310,25600,11710,Paid
3559,3559,35210,30130,5080,Partially Paid
3560,3560,280110,0,280110,Pending
3561,3561,12180,0,12180,Pending
3562,3562,29820,0,29820,Paid
3563,3563,39390,0,39390,Partially Paid
3564,3564,190870,98340,92530,Pending
3565,3565,63770,0,63770,Paid
3566,3566,188620,131160,57460,Paid
3567,3567,47860,28680,19180,Paid
3568,3568,21700,8970,12730,Paid
3569,3569,98110,42270,55840,Pending
3570,3570,47270,25580,21690,Paid
3571,3571,74620,36070,38550,Paid
3572,3572,22300,10410,11890,Paid
3573,3573,122150,86890,35260,Paid
3574,3574,20030,10240,9790,Paid
3575,3575,206440,155470,50970,Partially Paid
3576,3576,19380,0,19380,Paid
3577,3577,9790,4210,5580,Paid
3578,3578,49350,0,49350,Paid
3579,3579,27800,13980,13820,Paid
3580,3580,10360,7530,2830,Paid
3581,3581,43810,0,43810,Paid
3582,3582,17350,8940,8410,Paid
3583,3583,23770,0,23770,Paid
3584,3584,57950,24420,33530,Paid
3585,3585,76920,55290,21630,Paid
3586,3586,39290,21950,17340,Paid
3587,3587,25580,14250,11330,Paid
3588,3588,215870,99370,116500,Pending
3589,3589,115860,0,115860,Partially Paid
3590,3590,34290,0,34290,Paid
3591,3591,44880,32900,11980,Paid
3592,3592,50290,0,50290,Paid
3593,3593,182810,0,182810,Paid
3594,3594,30870,21480,9390,Pending
3595,3595,17590,12690,4900,Pending
3596,3596,475350,343590,131760,Paid
3597,3597,140210,115710,24500,Paid
3598,3598,48690,0,48690,Paid
3599,3599,24650,15400,9250,Paid
3600,3600,83830,52670,31160,Paid
3601,3601,157490,123450,34040,Paid
3602,3602,78860,45800,33060,Paid
3603,3603,19920,11950,7970,Partially Paid
3604,3604,25670,14210,11460,Paid
3605,3605,83170,48030,35140,Paid
3606,3606,65970,47190,18780,Paid
3607,3607,40630,36310,4320,Pending
3608,3608,17750,8420,9330,Paid
3609,3609,19390,0,19390,Paid
3610,3610,67950,0,67950,Paid
3611,3611,24110,13770,10340,Pending
3612,3612,32940,15090,17850,Paid
3613,3613,101570,0,101570,Paid
3614,3614,66550,58570,7980,Paid
3615,3615,53430,24930,28500,Paid
3616,3616,18590,0,18590,Pending
3617,3617,238230,132520,105710,Pending
3618,3618,70800,59220,11580,Paid
3619,3619,26990,0,26990,Pending
3620,3620,94210,78650,15560,Paid
3621,3621,65680,0,65680,Paid
3622,3622,78970,57410,21560,Paid
3623,3623,27100,24320,2780,Paid
3624,3624,197360,173140,24220,Partially Paid
3625,3625,99660,65700,33960,Paid
3626,3626,43620,21300,22320,Paid
3627,3627,29100,13690,15410,Paid
3628,3628,163610,75240,88370,Paid
3629,3629,32660,22930,9730,Paid
3630,3630,43550,31830,11720,Paid
3631,3631,44480,38440,6040,Paid
3632,3632,37010,19040,17970,Paid
3633,3633,33290,17680,15610,Paid
3634,3634,31550,0,31550,Partially Paid
3635,3635,107170,69680,37490,Partially Paid
3636,3636,33560,27080,6480,Paid
3637,3637,52960,0,52960,Partially Paid
3638,3638,15200,6890,8310,Paid
3639,3639,34910,15710,19200,Paid
3640,3640,190950,134780,56170,Partially Paid
3641,3641,7920,0,7920,Paid
3642,3642,39410,0,39410,Paid
3643,3643,31140,19080,12060,Paid
3644,3644,81310,45370,35940,Paid
3645,3645,24350,0,24350,Paid
3646,3646,15620,11790,3830,Paid
3647,3647,26350,0,26350,Paid
3648,3648,144200,0,144200,Paid
3649,3649,7680,0,7680,Paid
3650,3650,166360,71630,94730,Paid
3651,3651,276530,150210,126320,Paid
3652,3652,44130,38200,5930,Paid
3653,3653,26050,21170,4880,Paid
3654,3654,23910,21150,2760,Paid
3655,3655,8570,6500,2070,Paid
3656,3656,14330,0,14330,Paid
3657,3657,39140,25520,13620,Paid
3658,3658,19790,12160,7630,Paid
3659,3659,30160,22670,7490,Paid
3660,3660,91930,40740,51190,Paid
3661,3661,49930,0,49930,Paid
3662,3662,52380,0,52380,Partially Paid
3663,3663,21980,0,21980,Paid
3664,3664,6440,5140,1300,Paid
3665,3665,8650,3570,5080,Paid
3666,3666,104180,72840,31340,Partially Paid
3667,3667,33060,0,33060,Paid
3668,3668,40350,33160,7190,Paid
3669,3669,17630,10740,6890,Paid
3670,3670,119900,54440,65460,Paid
3671,3671,383090,279450,103640,Paid
3672,3672,29010,24440,4570,Paid
3673,3673,81570,36890,44680,Paid
3674,3674,121210,58780,62430,Paid
3675,3675,47810,30060,17750,Paid
3676,3676,131200,106870,24330,Partially Paid
3677,3677,21300,0,21300,Paid
3678,3678,113980,79890,34090,Paid
3679,3679,25730,0,25730,Paid
3680,3680,31990,17890,14100,Paid
3681,3681,42330,18140,24190,Paid
3682,3682,10210,4510,5700,Partially Paid
3683,3683,15440,8550,6890,Paid
3684,3684,14030,7450,6580,Paid
3685,3685,81570,0,81570,Paid
3686,3686,47890,34110,13780,Paid
3687,3687,45950,0,45950,Partially Paid
3688,3688,12760,9880,2880,Paid
3689,3689,14720,0,14720,Paid
3690,3690,65610,31980,33630,Pending
3691,3691,29990,0,29990,Paid
3692,3692,58250,32870,25380,Paid
3693,3693,69390,41470,27920,Paid
3694,3694,27670,23140,4530,Paid
3695,3695,200600,113980,86620,Pending
3696,3696,16980,14860,2120,Paid
3697,3697,17600,8600,9000,Paid
3698,3698,186170,154270,31900,Paid
3699,3699,50750,0,50750,Paid
3700,3700,467010,301690,165320,Pending
3701,3701,43730,31810,11920,Paid
3702,3702,83460,50950,32510,Paid
3703,3703,18100,15010,3090,Paid
3704,3704,38820,18710,20110,Paid
3705,3705,15050,10890,4160,Paid
3706,3706,111490,62500,48990,Paid
3707,3707,41350,20640,20710,Paid
3708,3708,23400,12730,10670,Pending
3709,3709,56900,50650,6250,Paid
3710,3710,14360,0,14360,Paid
3711,3711,99630,0,99630,Pending
3712,3712,219490,0,219490,Paid
3713,3713,24190,12940,11250,Paid
3714,3714,30620,19210,11410,Partially Paid
3715,3715,18060,8050,10010,Paid
3716,3716,25520,17590,7930,Partially Paid
3717,3717,42560,35140,7420,Paid
3718,3718,23080,20360,2720,Paid
3719,3719,39340,26070,13270,Paid
3720,3720,69690,36660,33030,Pending
3721,3721,405090,316210,88880,Partially Paid
3722,3722,7550,3490,4060,Paid
3723,3723,36250,0,36250,Paid
3724,3724,37340,0,37340,Paid
3725,3725,186000,153860,32140,Paid
3726,3726,16070,14330,1740,Paid
3727,3727,33280,27210,6070,Paid
3728,3728,38230,30310,7920,Pending
3729,3729,20480,15430,5050,Pending
3730,3730,11760,4900,6860,Partially Paid
3731,3731,396190,0,396190,Paid
3732,3732,102860,86140,16720,Paid
3733,3733,15630,11470,4160,Paid
3734,3734,94400,78300,16100,Partially Paid
3735,3735,173890,128840,45050,Paid
3736,3736,23470,9980,13490,Paid
3737,3737,48870,33050,15820,Pending
3738,3738,119390,61420,57970,Paid
3739,3739,22110,16930,5180,Partially Paid
3740,3740,95090,60080,35010,Paid
3741,3741,115160,0,115160,Pending
3742,3742,49500,29810,19690,Paid
3743,3743,34020,18230,15790,Paid
3744,3744,17330,12770,4560,Paid
3745,3745,35160,0,35160,Paid
3746,3746,91780,66270,25510,Paid
3747,3747,170410,110950,59460,Paid
3748,3748,28570,0,28570,Paid
3749,3749,9180,5960,3220,Paid
3750,3750,73310,54230,19080,Pending
3751,3751,86050,71480,14570,Pending
3752,3752,44790,25080,19710,Paid
3753,3753,207770,154530,53240,Paid
3754,3754,238170,143410,94760,Paid
3755,3755,60740,0,60740,Paid
3756,3756,29780,24560,5220,Partially Paid
3757,3757,83570,60730,22840,Paid
3758,3758,103780,86230,17550,Paid
3759,3759,307460,233510,73950,Pending
3760,3760,155830,111570,44260,Partially Paid
3761,3761,10200,7560,2640,Paid
3762,3762,155750,94750,61000,Paid
3763,3763,87730,58050,29680,Paid
3764,3764,51710,34820,16890,Paid
3765,3765,89900,39510,50390,Paid
3766,3766,62840,56200,6640,Paid
3767,3767,58700,27980,30720,Partially Paid
3768,3768,210730,0,210730,Pending
3769,3769,66020,0,66020,Paid
3770,3770,17510,11340,6170,Paid
3771,3771,351080,274480,76600,Paid
3772,3772,354240,281120,73120,Partially Paid
3773,3773,25190,10700,14490,Paid
3774,3774,31520,27060,4460,Paid
3775,3775,63680,53840,9840,Partially Paid
3776,3776,94800,51140,43660,Paid
3777,3777,9470,7300,2170,Paid
3778,3778,28370,21540,6830,Paid
3779,3779,327900,284570,43330,Paid
3780,3780,26200,13860,12340,Paid
3781,3781,205940,0,205940,Partially Paid
3782,3782,20500,0,20500,Paid
3783,3783,25230,0,25230,Paid
3784,3784,154290,115980,38310,Paid
3785,3785,149380,0,149380,Paid
3786,3786,36780,28660,8120,Paid
3787,3787,180350,161080,19270,Paid
3788,3788,39860,22720,17140,Pending
3789,3789,23490,17460,6030,Pending
3790,3790,50740,0,50740,Paid
3791,3791,85930,43920,42010,Paid
3792,3792,394970,249580,145390,Paid
3793,3793,86080,38150,47930,Paid
3794,3794,64400,53950,10450,Paid
3795,3795,21270,0,21270,Paid
3796,3796,19010,0,19010,Pending
3797,3797,284760,246100,38660,Paid
3798,3798,48050,36670,11380,Paid
3799,3799,298390,261610,36780,Paid
3800,3800,111830,91480,20350,Paid
3801,3801,16930,7490,9440,Paid
3802,3802,120820,58060,62760,Paid
3803,3803,36890,18750,18140,Paid
3804,3804,121210,104810,16400,Paid
3805,3805,31510,0,31510,Paid
3806,3806,18790,0,18790,Paid
3807,3807,42140,30420,11720,Paid
3808,3808,56580,0,56580,Paid
3809,3809,15560,13240,2320,Paid
3810,3810,39230,0,39230,Paid
3811,3811,50650,29860,20790,Paid
3812,3812,45190,29270,15920,Paid
3813,3813,79860,64830,15030,Paid
3814,3814,383420,169220,214200,Pending
3815,3815,13370,11790,1580,Paid
3816,3816,12710,6300,6410,Paid
3817,3817,19030,15980,3050,Paid
3818,3818,33560,14870,18690,Partially Paid
3819,3819,30320,23210,7110,Partially Paid
3820,3820,44640,32430,12210,Pending
3821,3821,18730,0,18730,Paid
3822,3822,47250,0,47250,Partially Paid
3823,3823,79140,66520,12620,Paid
3824,3824,30960,0,30960,Paid
3825,3825,48960,38830,10130,Paid
3826,3826,58330,34770,23560,Paid
3827,3827,46510,26780,19730,Paid
3828,3828,70860,40530,30330,Paid
3829,3829,35550,0,35550,Partially Paid
3830,3830,197040,149220,47820,Paid
3831,3831,76200,0,76200,Pending
3832,3832,21080,16920,4160,Paid
3833,3833,229720,164470,65250,Pending
3834,3834,331110,178070,153040,Paid
3835,3835,431700,0,431700,Paid
3836,3836,23560,16910,6650,Paid
3837,3837,546130,440240,105890,Paid
3838,3838,127490,0,127490,Paid
3839,3839,26750,17520,9230,Paid
3840,3840,105620,0,105620,Paid
3841,3841,159060,65860,93200,Paid
3842,3842,72560,0,72560,Paid
3843,3843,65190,27600,37590,Paid
3844,3844,146730,61660,85070,Paid
3845,3845,29370,14310,15060,Paid
3846,3846,449870,318690,131180,Pending
3847,3847,27500,0,27500,Pending
3848,3848,73730,0,73730,Paid
3849,3849,65940,34910,31030,Paid
3850,3850,29610,17420,12190,Paid
3851,3851,40010,25030,14980,Paid
3852,3852,207210,136910,70300,Paid
3853,3853,100460,0,100460,Paid
3854,3854,40310,21290,19020,Paid
3855,3855,151730,102230,49500,Partially Paid
3856,3856,45690,24530,21160,Partially Paid
3857,3857,32470,22860,9610,Paid
3858,3858,48840,40040,8800,Paid
3859,3859,16710,12710,4000,Paid
3860,3860,125770,54860,70910,Paid
3861,3861,96730,0,96730,Paid
3862,3862,26310,11150,15160,Paid
3863,3863,34750,0,34750,Partially Paid
3864,3864,106320,77460,28860,Paid
3865,3865,44720,0,44720,Paid
3866,3866,7870,6330,1540,Paid
3867,3867,66010,54700,11310,Paid
3868,3868,32670,16860,15810,Paid
3869,3869,30950,22800,8150,Paid
3870,3870,59520,0,59520,Paid
3871,3871,19600,0,19600,Paid
3872,3872,95750,0,95750,Paid
3873,3873,22260,12780,9480,Paid
3874,3874,198300,90950,107350,Paid
3875,3875,25670,20760,4910,Paid
3876,3876,13420,0,13420,Partially Paid
3877,3877,57910,45930,11980,Paid
3878,3878,109070,86280,22790,Paid
3879,3879,28850,21620,7230,Paid
3880,3880,46410,0,46410,Paid
3881,3881,117670,82510,35160,Paid
3882,3882,40260,25500,14760,Partially Paid
3883,3883,74410,50780,23630,Paid
3884,3884,71360,37570,33790,Paid
3885,3885,22470,19170,3300,Partially Paid
3886,3886,42240,0,42240,Pending
3887,3887,15170,10890,4280,Paid
3888,3888,37480,0,37480,Paid
3889,3889,43240,26660,16580,Paid
3890,3890,38820,17540,21280,Paid
3891,3891,288720,0,288720,Paid
3892,3892,51760,29410,22350,Paid
3893,3893,88870,36230,52640,Paid
3894,3894,38600,32900,5700,Paid
3895,3895,114200,86130,28070,Paid
3896,3896,34260,30820,3440,Paid
3897,3897,123250,74610,48640,Paid
3898,3898,97030,65350,31680,Paid
3899,3899,12630,5950,6680,Paid
3900,3900,120810,56040,64770,Paid
3901,3901,23510,10030,13480,Paid
3902,3902,35370,23800,11570,Paid
3903,3903,70540,62970,7570,Paid
3904,3904,49840,28240,21600,Paid
3905,3905,105800,46600,59200,Partially Paid
3906,3906,14570,7070,7500,Paid
3907,3907,58150,44090,14060,Paid
3908,3908,51360,0,51360,Partially Paid
3909,3909,88930,36370,52560,Paid
3910,3910,45840,28480,17360,Paid
3911,3911,54730,0,54730,Paid
3912,3912,143200,0,143200,Partially Paid
3913,3913,53990,42450,11540,Paid
3914,3914,15010,6400,8610,Paid
3915,3915,14890,10210,4680,Partially Paid
3916,3916,138160,0,138160,Partially Paid
3917,3917,53900,42720,11180,Paid
3918,3918,225990,112370,113620,Paid
3919,3919,16940,14570,2370,Paid
3920,3920,27300,0,27300,Paid
3921,3921,111160,94240,16920,Paid
3922,3922,37420,0,37420,Partially Paid
3923,3923,36380,14900,21480,Pending
3924,3924,53640,26960,26680,Paid
3925,3925,36380,25080,11300,Paid
3926,3926,137170,103000,34170,Paid
3927,3927,85660,59530,26130,Pending
3928,3928,72190,30210,41980,Paid
3929,3929,28680,0,28680,Partially Paid
3930,3930,94160,51840,42320,Paid
3931,3931,22670,20240,2430,Paid
3932,3932,50260,34000,16260,Paid
3933,3933,18160,11560,6600,Paid
3934,3934,15060,0,15060,Partially Paid
3935,3935,342680,141700,200980,Pending
3936,3936,5570,0,5570,Partially Paid
3937,3937,33030,16340,16690,Paid
3938,3938,232590,205460,27130,Paid
3939,3939,30150,20630,9520,Partially Paid
3940,3940,137290,0,137290,Paid
3941,3941,41670,0,41670,Paid
3942,3942,45820,21360,24460,Paid
3943,3943,485520,419030,66490,Paid
3944,3944,54840,25410,29430,Paid
3945,3945,39030,23150,15880,Paid
3946,3946,133240,66590,66650,Pending
3947,3947,30880,25380,5500,Paid
3948,3948,38100,25740,12360,Paid
3949,3949,13070,6130,6940,Paid
3950,3950,200640,111330,89310,Paid
3951,3951,20400,8570,11830,Pending
3952,3952,14950,6440,8510,Partially Paid
3953,3953,43490,33920,9570,Paid
3954,3954,40430,28810,11620,Pending
3955,3955,234200,178980,55220,Paid
3956,3956,36840,20430,16410,Paid
3957,3957,60630,43470,17160,Paid
3958,3958,46820,25790,21030,Paid
3959,3959,81280,55870,25410,Paid
3960,3960,111740,0,111740,Paid
3961,3961,49900,44580,5320,Paid
3962,3962,194530,173620,20910,Paid
3963,3963,512200,458470,53730,Paid
3964,3964,59740,43480,16260,Paid
3965,3965,79470,46000,33470,Pending
3966,3966,36220,0,36220,Paid
3967,3967,49160,0,49160,Partially Paid
3968,3968,32230,13860,18370,Paid
3969,3969,27060,15370,11690,Paid
3970,3970,35930,20730,15200,Paid
3971,3971,114620,0,114620,Paid
3972,3972,43780,0,43780,Paid
3973,3973,75570,37660,37910,Paid
3974,3974,21340,0,21340,Pending
3975,3975,35430,0,35430,Pending
3976,3976,47260,24640,22620,Partially Paid
3977,3977,42480,34660,7820,Paid
3978,3978,35160,23280,11880,Partially Paid
3979,3979,81840,48250,33590,Paid
3980,3980,45420,34430,10990,Paid
3981,3981,109690,0,109690,Paid
3982,3982,96390,60140,36250,Paid
3983,3983,168490,69600,98890,Paid
3984,3984,39680,0,39680,Paid
3985,3985,44490,0,44490,Pending
3986,3986,55950,0,55950,Paid
3987,3987,36370,0,36370,Paid
3988,3988,56240,29780,26460,Partially Paid
3989,3989,47010,28080,18930,Paid
3990,3990,32570,21610,10960,Paid
3991,3991,49630,38700,10930,Partially Paid
3992,3992,52150,35060,17090,Pending
3993,3993,452760,346740,106020,Paid
3994,3994,443570,353810,89760,Paid
3995,3995,16700,10240,6460,Paid
3996,3996,22260,11850,10410,Partially Paid
3997,3997,93690,42290,51400,Paid
3998,3998,15780,0,15780,Paid
3999,3999,14280,11620,2660,Paid
4000,4000,24510,21490,3020,Pending
4001,4001,30470,17300,13170,Paid
4002,4002,326940,161170,165770,Paid
4003,4003,109910,0,109910,Paid
4004,4004,39040,17420,21620,Paid
4005,4005,36320,19830,16490,Paid
4006,4006,49660,28030,21630,Pending
4007,4007,152580,118720,33860,Paid
4008,4008,240590,202900,37690,Paid
4009,4009,72000,0,72000,Paid
4010,4010,27290,12960,14330,Paid
4011,4011,31940,25530,6410,Partially Paid
4012,4012,123010,85980,37030,Paid
4013,4013,12680,9140,3540,Paid
4014,4014,42460,20300,22160,Paid
4015,4015,53570,0,53570,Pending
4016,4016,38770,23580,15190,Partially Paid
4017,4017,295440,184010,111430,Paid
4018,4018,77100,45530,31570,Pending
4019,4019,116680,60850,55830,Paid
4020,4020,36820,30880,5940,Paid
4021,4021,185110,149320,35790,Paid
4022,4022,134200,0,134200,Paid
4023,4023,70470,0,70470,Paid
4024,4024,16200,0,16200,Paid
4025,4025,55730,24000,31730,Paid
4026,4026,20610,0,20610,Partially Paid
4027,4027,51620,0,51620,Paid
4028,4028,98870,0,98870,Partially Paid
4029,4029,24710,15860,8850,Paid
4030,4030,43360,37670,5690,Paid
4031,4031,19210,16900,2310,Paid
4032,4032,56210,40780,15430,Paid
4033,4033,27280,0,27280,Partially Paid
4034,4034,129750,95640,34110,Paid
4035,4035,39320,22460,16860,Paid
4036,4036,34830,17770,17060,Paid
4037,4037,30580,0,30580,Paid
4038,4038,17470,9500,7970,Paid
4039,4039,25420,12640,12780,Paid
4040,4040,110790,0,110790,Paid
4041,4041,39340,27890,11450,Paid
4042,4042,60660,0,60660,Paid
4043,4043,205780,0,205780,Paid
4044,4044,54430,22810,31620,Paid
4045,4045,48430,0,48430,Paid
4046,4046,195490,100680,94810,Paid
4047,4047,33400,23400,10000,Paid
4048,4048,21670,14070,7600,Paid
4049,4049,17750,0,17750,Paid
4050,4050,100670,85590,15080,Pending
4051,4051,452710,268140,184570,Pending
4052,4052,31900,24960,6940,Paid
4053,4053,103650,60850,42800,Paid
4054,4054,392090,319750,72340,Paid
4055,4055,26980,22650,4330,Paid
4056,4056,190160,107760,82400,Pending
4057,4057,138150,116660,21490,Pending
4058,4058,60730,0,60730,Paid
4059,4059,74350,51440,22910,Paid
4060,4060,21990,9880,12110,Paid
4061,4061,33160,23480,9680,Paid
4062,4062,61090,0,61090,Paid
4063,4063,87030,68740,18290,Pending
4064,4064,153200,0,153200,Paid
4065,4065,151370,121360,30010,Paid
4066,4066,56140,46560,9580,Paid
4067,4067,37300,16830,20470,Paid
4068,4068,40840,0,40840,Pending
4069,4069,26790,17660,9130,Paid
4070,4070,53750,27750,26000,Paid
4071,4071,21720,14520,7200,Paid
4072,4072,65280,58020,7260,Paid
4073,4073,173480,94020,79460,Paid
4074,4074,57970,29260,28710,Paid
4075,4075,132050,99350,32700,Paid
4076,4076,15890,8400,7490,Paid
4077,4077,103380,57720,45660,Paid
4078,4078,90660,43830,46830,Paid
4079,4079,20700,15900,4800,Paid
4080,4080,23590,0,23590,Paid
4081,4081,30830,21670,9160,Paid
4082,4082,189380,0,189380,Paid
4083,4083,77280,66160,11120,Paid
4084,4084,10350,0,10350,Partially Paid
4085,4085,125700,98740,26960,Pending
4086,4086,177050,102240,74810,Paid
4087,4087,49250,31690,17560,Paid
4088,4088,19350,8440,10910,Paid
4089,4089,35350,0,35350,Paid
4090,4090,97990,76990,21000,Paid
4091,4091,129810,106620,23190,Paid
4092,4092,19720,14820,4900,Partially Paid
4093,4093,30040,15790,14250,Pending
4094,4094,42680,0,42680,Paid
4095,4095,152590,89980,62610,Paid
4096,4096,13480,7410,6070,Paid
4097,4097,38810,34230,4580,Paid
4098,4098,125520,72220,53300,Partially Paid
4099,4099,27030,14250,12780,Paid
4100,4100,160490,69430,91060,Paid
4101,4101,87670,36160,51510,Paid
4102,4102,25720,20030,5690,Paid
4103,4103,19730,14720,5010,Paid
4104,4104,74730,0,74730,Paid
4105,4105,40450,19690,20760,Partially Paid
4106,4106,86800,0,86800,Paid
4107,4107,206050,0,206050,Paid
4108,4108,228540,114100,114440,Paid
4109,4109,12480,0,12480,Paid
4110,4110,44430,30470,13960,Pending
4111,4111,30200,22830,7370,Pending
4112,4112,51880,39240,12640,Paid
4113,4113,58560,0,58560,Paid
4114,4114,5620,2360,3260,Paid
4115,4115,127320,96450,30870,Paid
4116,4116,47340,27730,19610,Paid
4117,4117,80710,50860,29850,Paid
4118,4118,229160,0,229160,Paid
4119,4119,43310,24410,18900,Paid
4120,4120,42450,20410,22040,Paid
4121,4121,14560,5970,8590,Pending
4122,4122,24570,10900,13670,Pending
4123,4123,283490,138840,144650,Partially Paid
4124,4124,62670,52980,9690,Paid
4125,4125,41110,33260,7850,Paid
4126,4126,26170,20880,5290,Paid
4127,4127,18420,14580,3840,Paid
4128,4128,47890,34880,13010,Pending
4129,4129,105640,81350,24290,Paid
4130,4130,46670,22910,23760,Paid
4131,4131,151970,0,151970,Paid
4132,4132,330730,252950,77780,Paid
4133,4133,83880,43350,40530,Paid
4134,4134,271150,180910,90240,Partially Paid
4135,4135,14760,9660,5100,Paid
4136,4136,85600,48950,36650,Pending
4137,4137,24280,10010,14270,Paid
4138,4138,26250,0,26250,Partially Paid
4139,4139,46860,22150,24710,Paid
4140,4140,167650,133990,33660,Paid
4141,4141,27300,18050,9250,Partially Paid
4142,4142,38090,31830,6260,Pending
4143,4143,145490,125380,20110,Paid
4144,4144,37960,16420,21540,Paid
4145,4145,20490,9300,11190,Paid
4146,4146,217810,0,217810,Paid
4147,4147,22840,0,22840,Paid
4148,4148,28970,0,28970,Paid
4149,4149,36430,31070,5360,Pending
4150,4150,10870,4570,6300,Paid
4151,4151,6110,0,6110,Paid
4152,4152,114580,83070,31510,Paid
4153,4153,263790,0,263790,Pending
4154,4154,178450,157390,21060,Paid
4155,4155,110300,56750,53550,Paid
4156,4156,63860,52480,11380,Paid
4157,4157,25610,17150,8460,Paid
4158,4158,60640,39040,21600,Paid
4159,4159,20940,9410,11530,Pending
4160,4160,39180,17160,22020,Pending
4161,4161,56090,39980,16110,Paid
4162,4162,47220,26810,20410,Paid
4163,4163,140660,119670,20990,Paid
4164,4164,32330,25990,6340,Paid
4165,4165,7020,0,7020,Paid
4166,4166,60210,0,60210,Paid
4167,4167,91760,51880,39880,Paid
4168,4168,16890,8060,8830,Pending
4169,4169,10730,0,10730,Partially Paid
4170,4170,16350,9330,7020,Paid
4171,4171,43430,31780,11650,Paid
4172,4172,91450,37240,54210,Paid
4173,4173,16140,0,16140,Paid
4174,4174,8720,4210,4510,Paid
4175,4175,33510,29850,3660,Paid
4176,4176,127960,77560,50400,Paid
4177,4177,167880,0,167880,Paid
4178,4178,15020,12110,2910,Partially Paid
4179,4179,27590,0,27590,Paid
4180,4180,191830,95980,95850,Pending
4181,4181,85410,73860,11550,Paid
4182,4182,34650,25170,9480,Paid
4183,4183,31540,24000,7540,Pending
4184,4184,79250,40830,38420,Pending
4185,4185,25720,22430,3290,Pending
4186,4186,144620,128200,16420,Paid
4187,4187,15000,9100,5900,Paid
4188,4188,49500,0,49500,Pending
4189,4189,224990,150410,74580,Paid
4190,4190,108080,77460,30620,Paid
4191,4191,46340,0,46340,Pending
4192,4192,19880,0,19880,Pending
4193,4193,116100,55460,60640,Paid
4194,4194,24570,0,24570,Paid
4195,4195,231710,150250,81460,Pending
4196,4196,65630,0,65630,Paid
4197,4197,22560,16340,6220,Pending
4198,4198,20040,13210,6830,Paid
4199,4199,58870,39650,19220,Paid
4200,4200,195640,81560,114080,Pending
4201,4201,165720,74670,91050,Paid
4202,4202,117390,91590,25800,Paid
4203,4203,31690,19640,12050,Paid
4204,4204,23390,15920,7470,Paid
4205,4205,33470,22260,11210,Paid
4206,4206,16740,7610,9130,Paid
4207,4207,37510,33490,4020,Paid
4208,4208,154900,102350,52550,Pending
4209,4209,14400,7780,6620,Paid
4210,4210,155040,112090,42950,Paid
4211,4211,25590,0,25590,Pending
4212,4212,23550,12860,10690,Paid
4213,4213,86120,72890,13230,Paid
4214,4214,58710,0,58710,Paid
4215,4215,32170,23510,8660,Partially Paid
4216,4216,388610,298490,90120,Paid
4217,4217,84170,43880,40290,Paid
4218,4218,39120,28300,10820,Paid
4219,4219,76430,66300,10130,Paid
4220,4220,23330,11410,11920,Pending
4221,4221,19940,0,19940,Paid
4222,4222,163490,84910,78580,Paid
4223,4223,34490,26380,8110,Paid
4224,4224,81770,0,81770,Paid
4225,4225,114720,0,114720,Pending
4226,4226,24810,14160,10650,Pending
4227,4227,100150,80970,19180,Paid
4228,4228,31450,27550,3900,Paid
4229,4229,96660,75330,21330,Paid
4230,4230,22560,17300,5260,Paid
4231,4231,45210,39020,6190,Paid
4232,4232,29690,15940,13750,Paid
4233,4233,22720,14900,7820,Paid
4234,4234,84760,36550,48210,Paid
4235,4235,99370,87920,11450,Paid
4236,4236,142700,0,142700,Paid
4237,4237,107950,74750,33200,Paid
4238,4238,120600,57020,63580,Partially Paid
4239,4239,90290,0,90290,Partially Paid
4240,4240,411440,0,411440,Pending
4241,4241,19520,15530,3990,Paid
4242,4242,48080,37830,10250,Paid
4243,4243,50530,39790,10740,Paid
4244,4244,127520,66040,61480,Paid
4245,4245,231260,134670,96590,Paid
4246,4246,31290,20930,10360,Pending
4247,4247,34820,18910,15910,Partially Paid
4248,4248,32540,26070,6470,Paid
4249,4249,117350,104140,13210,Paid
4250,4250,19290,13070,6220,Paid
4251,4251,301860,250430,51430,Paid
4252,4252,40740,27230,13510,Paid
4253,4253,68250,54650,13600,Paid
4254,4254,50870,0,50870,Pending
4255,4255,38270,23470,14800,Paid
4256,4256,68330,37440,30890,Paid
4257,4257,37320,24950,12370,Partially Paid
4258,4258,22170,17160,5010,Paid
4259,4259,69910,0,69910,Paid
4260,4260,19460,13100,6360,Paid
4261,4261,31300,23200,8100,Partially Paid
4262,4262,21160,12110,9050,Paid
4263,4263,43440,0,43440,Pending
4264,4264,121800,69420,52380,Paid
4265,4265,90770,50310,40460,Paid
4266,4266,24000,19620,4380,Paid
4267,4267,397250,242080,155170,Paid
4268,4268,30740,17610,13130,Paid
4269,4269,35180,29070,6110,Partially Paid
4270,4270,65800,30900,34900,Paid
4271,4271,170810,0,170810,Partially Paid
4272,4272,90750,47760,42990,Pending
4273,4273,82090,63930,18160,Paid
4274,4274,42690,22890,19800,Pending
4275,4275,139790,82140,57650,Paid
4276,4276,99850,62690,37160,Paid
4277,4277,85100,35190,49910,Paid
4278,4278,37810,34020,3790,Pending
4279,4279,171380,120590,50790,Pending
4280,4280,63680,0,63680,Paid
4281,4281,91890,0,91890,Paid
4282,4282,72870,50000,22870,Paid
4283,4283,544960,447210,97750,Paid
4284,4284,373940,0,373940,Paid
4285,4285,21390,13780,7610,Paid
4286,4286,52800,30560,22240,Partially Paid
4287,4287,57200,0,57200,Partially Paid
4288,4288,90770,77780,12990,Paid
4289,4289,77750,68300,9450,Pending
4290,4290,110550,0,110550,Pending
4291,4291,24900,15490,9410,Paid
4292,4292,147130,128010,19120,Paid
4293,4293,41700,0,41700,Paid
4294,4294,103040,0,103040,Paid
4295,4295,112420,56580,55840,Paid
4296,4296,223400,108850,114550,Paid
4297,4297,30540,17710,12830,Paid
4298,4298,13200,6300,6900,Paid
4299,4299,28200,20090,8110,Paid
4300,4300,32200,0,32200,Paid
4301,4301,158570,0,158570,Paid
4302,4302,9930,5530,4400,Paid
4303,4303,30490,14210,16280,Paid
4304,4304,14390,12330,2060,Paid
4305,4305,130430,69670,60760,Pending
4306,4306,15980,7040,8940,Pending
4307,4307,31800,0,31800,Pending
4308,4308,36810,15010,21800,Pending
4309,4309,96860,59870,36990,Paid
4310,4310,35520,14790,20730,Paid
4311,4311,28230,0,28230,Paid
4312,4312,124710,0,124710,Paid
4313,4313,49830,0,49830,Paid
4314,4314,59210,25810,33400,Partially Paid
4315,4315,26050,0,26050,Paid
4316,4316,18040,13700,4340,Paid
4317,4317,131610,105540,26070,Paid
4318,4318,90940,79510,11430,Partially Paid
4319,4319,34670,20950,13720,Paid
4320,4320,22730,14370,8360,Partially Paid
4321,4321,16230,10810,5420,Partially Paid
4322,4322,59090,26980,32110,Paid
4323,4323,37100,23600,13500,Paid
4324,4324,58950,30630,28320,Paid
4325,4325,38110,28200,9910,Paid
4326,4326,9600,0,9600,Partially Paid
4327,4327,22480,13840,8640,Pending
4328,4328,47210,0,47210,Paid
4329,4329,12690,7950,4740,Paid
4330,4330,25250,0,25250,Paid
4331,4331,15640,0,15640,Paid
4332,4332,24460,0,24460,Partially Paid
4333,4333,36920,30440,6480,Paid
4334,4334,17530,10960,6570,Paid
4335,4335,19430,13510,5920,Paid
4336,4336,24650,21300,3350,Paid
4337,4337,103750,57880,45870,Pending
4338,4338,51240,27020,24220,Paid
4339,4339,58960,52250,6710,Paid
4340,4340,39310,31140,8170,Paid
4341,4341,15930,13300,2630,Paid
4342,4342,59110,36590,22520,Paid
4343,4343,68850,0,68850,Paid
4344,4344,474410,0,474410,Paid
4345,4345,56500,50710,5790,Paid
4346,4346,31850,17040,14810,Paid
4347,4347,113680,0,113680,Paid
4348,4348,24140,18550,5590,Paid
4349,4349,47440,38720,8720,Paid
4350,4350,98190,0,98190,Paid
4351,4351,131160,74720,56440,Partially Paid
4352,4352,38070,18350,19720,Pending
4353,4353,31240,13570,17670,Paid
4354,4354,82950,0,82950,Paid
4355,4355,109440,92980,16460,Paid
4356,4356,29680,0,29680,Paid
4357,4357,52880,31260,21620,Paid
4358,4358,10710,7040,3670,Paid
4359,4359,14890,7420,7470,Pending
4360,4360,26150,20410,5740,Paid
4361,4361,23150,0,23150,Paid
4362,4362,7690,4830,2860,Paid
4363,4363,13280,11250,2030,Paid
4364,4364,101010,0,101010,Paid
4365,4365,35060,29330,5730,Pending
4366,4366,45900,0,45900,Paid
4367,4367,79250,50070,29180,Paid
4368,4368,215320,170380,44940,Paid
4369,4369,211760,116310,95450,Paid
4370,4370,32940,21940,11000,Paid
4371,4371,24870,0,24870,Paid
4372,4372,31110,14840,16270,Paid
4373,4373,31380,25280,6100,Paid
4374,4374,30270,16680,13590,Paid
4375,4375,38900,27310,11590,Pending
4376,4376,211620,105580,106040,Paid
4377,4377,49840,37340,12500,Paid
4378,4378,38550,26150,12400,Paid
4379,4379,19090,15380,3710,Paid
4380,4380,336380,162420,173960,Paid
4381,4381,94430,59960,34470,Paid
4382,4382,68980,29110,39870,Paid
4383,4383,77450,39730,37720,Paid
4384,4384,23930,16840,7090,Pending
4385,4385,286360,208360,78000,Paid
4386,4386,53420,23980,29440,Paid
4387,4387,32940,24560,8380,Paid
4388,4388,257480,216120,41360,Pending
4389,4389,118910,0,118910,Paid
4390,4390,22580,17880,4700,Paid
4391,4391,74250,0,74250,Partially Paid
4392,4392,10410,7640,2770,Pending
4393,4393,31630,0,31630,Paid
4394,4394,349200,303280,45920,Paid
4395,4395,177520,81300,96220,Paid
4396,4396,15990,14000,1990,Paid
4397,4397,27460,16400,11060,Paid
4398,4398,57470,34870,22600,Pending
4399,4399,491030,417110,73920,Paid
4400,4400,168860,144910,23950,Partially Paid
4401,4401,54150,23600,30550,Paid
4402,4402,75630,0,75630,Partially Paid
4403,4403,6630,5200,1430,Paid
4404,4404,25290,0,25290,Paid
4405,4405,62870,0,62870,Paid
4406,4406,103590,90130,13460,Partially Paid
4407,4407,53990,25150,28840,Paid
4408,4408,31060,0,31060,Pending
4409,4409,43150,0,43150,Paid
4410,4410,78670,51180,27490,Pending
4411,4411,60370,30270,30100,Pending
4412,4412,35250,27160,8090,Paid
4413,4413,62090,0,62090,Partially Paid
4414,4414,91970,65180,26790,Paid
4415,4415,65360,36860,28500,Paid
4416,4416,43010,22440,20570,Paid
4417,4417,22940,17800,5140,Paid
4418,4418,40680,0,40680,Paid
4419,4419,96000,45890,50110,Paid
4420,4420,41360,19070,22290,Paid
4421,4421,52500,35740,16760,Paid
4422,4422,38460,0,38460,Paid
4423,4423,76130,41620,34510,Paid
4424,4424,40670,0,40670,Pending
4425,4425,77440,45030,32410,Paid
4426,4426,242110,130980,111130,Paid
4427,4427,33210,28170,5040,Paid
4428,4428,390480,242370,148110,Pending
4429,4429,47840,32150,15690,Paid
4430,4430,22410,16730,5680,Pending
4431,4431,124150,94990,29160,Paid
4432,4432,66870,40900,25970,Paid
4433,4433,39170,32690,6480,Partially Paid
4434,4434,61010,42350,18660,Paid
4435,4435,28410,18790,9620,Paid
4436,4436,44970,29880,15090,Paid
4437,4437,52780,22700,30080,Paid
4438,4438,33420,17590,15830,Partially Paid
4439,4439,107110,0,107110,Paid
4440,4440,96240,46160,50080,Paid
4441,4441,12920,0,12920,Paid
4442,4442,39240,0,39240,Paid
4443,4443,87620,52170,35450,Paid
4444,4444,523270,409520,113750,Paid
4445,4445,81870,55800,26070,Paid
4446,4446,16880,13680,3200,Paid
4447,4447,10950,9020,1930,Pending
4448,4448,60080,40180,19900,Paid
4449,4449,78400,0,78400,Paid
4450,4450,538990,474540,64450,Paid
4451,4451,36840,18820,18020,Partially Paid
4452,4452,41100,30000,11100,Paid
4453,4453,306460,0,306460,Paid
4454,4454,116320,0,116320,Paid
4455,4455,134590,0,134590,Paid
4456,4456,38940,21890,17050,Partially Paid
4457,4457,17090,9800,7290,Paid
4458,4458,73350,34240,39110,Paid
4459,4459,33460,18480,14980,Pending
4460,4460,31110,17090,14020,Paid
4461,4461,49780,33640,16140,Paid
4462,4462,47170,22080,25090,Paid
4463,4463,41950,36290,5660,Pending
4464,4464,36380,19020,17360,Partially Paid
4465,4465,113190,74600,38590,Pending
4466,4466,214890,125340,89550,Paid
4467,4467,58250,23560,34690,Paid
4468,4468,75390,67510,7880,Paid
4469,4469,14870,9750,5120,Paid
4470,4470,22940,18220,4720,Paid
4471,4471,19420,12400,7020,Paid
4472,4472,35320,27940,7380,Paid
4473,4473,29490,20110,9380,Paid
4474,4474,21860,0,21860,Paid
4475,4475,42050,25750,16300,Paid
4476,4476,40490,30740,9750,Paid
4477,4477,19890,16200,3690,Paid
4478,4478,167610,0,167610,Partially Paid
4479,4479,29610,17580,12030,Paid
4480,4480,22140,19570,2570,Paid
4481,4481,8050,0,8050,Paid
4482,4482,103820,67060,36760,Paid
4483,4483,90030,0,90030,Paid
4484,4484,83260,56170,27090,Paid
4485,4485,360910,144780,216130,Partially Paid
4486,4486,131450,68150,63300,Paid
4487,4487,35400,27280,8120,Paid
4488,4488,44780,26760,18020,Paid
4489,4489,69310,37610,31700,Pending
4490,4490,165030,146870,18160,Paid
4491,4491,140140,59270,80870,Paid
4492,4492,205280,106940,98340,Paid
4493,4493,112290,80930,31360,Pending
4494,4494,121270,86030,35240,Paid
4495,4495,6270,2890,3380,Partially Paid
4496,4496,31710,0,31710,Pending
4497,4497,90680,0,90680,Paid
4498,4498,447830,0,447830,Paid
4499,4499,96750,74960,21790,Paid
4500,4500,68210,48050,20160,Paid
4501,4501,90450,81060,9390,Paid
4502,4502,46690,0,46690,Paid
4503,4503,54710,32320,22390,Partially Paid
4504,4504,40700,0,40700,Paid
4505,4505,121210,95260,25950,Paid
4506,4506,23430,12930,10500,Paid
4507,4507,33860,16860,17000,Paid
4508,4508,61900,0,61900,Partially Paid
4509,4509,78780,54740,24040,Paid
4510,4510,19650,14120,5530,Paid
4511,4511,25030,0,25030,Pending
4512,4512,82030,71210,10820,Pending
4513,4513,20630,15170,5460,Paid
4514,4514,13010,11230,1780,Paid
4515,4515,14320,11690,2630,Paid
4516,4516,115140,60990,54150,Paid
4517,4517,122730,82640,40090,Paid
4518,4518,92130,74940,17190,Paid
4519,4519,28930,16450,12480,Paid
4520,4520,23580,16630,6950,Paid
4521,4521,192820,152150,40670,Paid
4522,4522,86120,56030,30090,Paid
4523,4523,21440,16470,4970,Paid
4524,4524,56120,38140,17980,Paid
4525,4525,133400,103940,29460,Paid
4526,4526,43360,19700,23660,Paid
4527,4527,63090,0,63090,Paid
4528,4528,25020,10610,14410,Paid
4529,4529,27240,0,27240,Partially Paid
4530,4530,43390,32240,11150,Paid
4531,4531,63740,0,63740,Paid
4532,4532,48810,39400,9410,Partially Paid
4533,4533,21170,14500,6670,Paid
4534,4534,31090,26060,5030,Pending
4535,4535,30420,12900,17520,Paid
4536,4536,31990,22870,9120,Pending
4537,4537,34130,15980,18150,Pending
4538,4538,35540,15220,20320,Partially Paid
4539,4539,201080,111750,89330,Paid
4540,4540,26570,19380,7190,Paid
4541,4541,75420,60950,14470,Paid
4542,4542,22940,16190,6750,Paid
4543,4543,157430,100560,56870,Paid
4544,4544,69060,37050,32010,Paid
4545,4545,282020,193090,88930,Paid
4546,4546,32390,23050,9340,Paid
4547,4547,13840,6070,7770,Paid
4548,4548,213060,187610,25450,Paid
4549,4549,95990,58770,37220,Paid
4550,4550,445230,326850,118380,Paid
4551,4551,121660,0,121660,Pending
4552,4552,65280,0,65280,Paid
4553,4553,31700,0,31700,Paid
4554,4554,15170,10500,4670,Partially Paid
4555,4555,44100,28850,15250,Paid
4556,4556,79450,45660,33790,Paid
4557,4557,132320,61060,71260,Paid
4558,4558,92380,0,92380,Paid
4559,4559,33140,27810,5330,Paid
4560,4560,24790,0,24790,Paid
4561,4561,35010,18860,16150,Paid
4562,4562,346700,0,346700,Pending
4563,4563,33270,0,33270,Partially Paid
4564,4564,34540,0,34540,Paid
4565,4565,225840,0,225840,Paid
4566,4566,337160,0,337160,Paid
4567,4567,38340,34190,4150,Paid
4568,4568,22160,14620,7540,Paid
4569,4569,80890,64370,16520,Paid
4570,4570,50280,43410,6870,Partially Paid
4571,4571,14410,0,14410,Paid
4572,4572,106360,0,106360,Paid
4573,4573,22110,0,22110,Paid
4574,4574,285820,208140,77680,Paid
4575,4575,6820,4230,2590,Paid
4576,4576,94680,40540,54140,Paid
4577,4577,38490,0,38490,Paid
4578,4578,147430,120050,27380,Paid
4579,4579,53920,27020,26900,Paid
4580,4580,82680,64030,18650,Paid
4581,4581,231100,102230,128870,Paid
4582,4582,73340,47190,26150,Pending
4583,4583,485830,245960,239870,Paid
4584,4584,54980,44200,10780,Paid
4585,4585,95560,75310,20250,Paid
4586,4586,480140,320260,159880,Pending
4587,4587,41800,22670,19130,Paid
4588,4588,8990,0,8990,Paid
4589,4589,73520,49210,24310,Paid
4590,4590,16430,0,16430,Paid
4591,4591,74950,49440,25510,Partially Paid
4592,4592,79360,34040,45320,Paid
4593,4593,15320,10920,4400,Paid
4594,4594,14260,10250,4010,Partially Paid
4595,4595,51370,0,51370,Paid
4596,4596,17350,0,17350,Paid
4597,4597,83730,47760,35970,Paid
4598,4598,81770,0,81770,Paid
4599,4599,38850,24190,14660,Paid
4600,4600,20030,12450,7580,Paid
4601,4601,40000,16070,23930,Paid
4602,4602,15350,11160,4190,Paid
4603,4603,44500,0,44500,Paid
4604,4604,44070,0,44070,Paid
4605,4605,265890,0,265890,Paid
4606,4606,31440,19910,11530,Pending
4607,4607,68030,45810,22220,Partially Paid
4608,4608,28460,24990,3470,Paid
4609,4609,180000,96830,83170,Pending
4610,4610,77370,0,77370,Paid
4611,4611,116120,0,116120,Paid
4612,4612,13140,5750,7390,Paid
4613,4613,23670,20680,2990,Pending
4614,4614,13950,5590,8360,Paid
4615,4615,26930,0,26930,Paid
4616,4616,78590,0,78590,Paid
4617,4617,24500,0,24500,Paid
4618,4618,51450,35380,16070,Paid
4619,4619,77180,60580,16600,Paid
4620,4620,88250,0,88250,Paid
4621,4621,49660,22950,26710,Paid
4622,4622,55530,45050,10480,Paid
4623,4623,176480,133870,42610,Pending
4624,4624,200740,90900,109840,Paid
4625,4625,131380,89270,42110,Paid
4626,4626,38340,26530,11810,Paid
4627,4627,63270,43660,19610,Paid
4628,4628,23320,11840,11480,Paid
4629,4629,126680,52430,74250,Paid
4630,4630,134170,73810,60360,Paid
4631,4631,51310,33210,18100,Paid
4632,4632,58620,28980,29640,Paid
4633,4633,8540,4630,3910,Paid
4634,4634,269830,222810,47020,Pending
4635,4635,21040,14570,6470,Paid
4636,4636,122010,105310,16700,Paid
4637,4637,32270,27850,4420,Paid
4638,4638,37490,0,37490,Paid
4639,4639,72590,49880,22710,Paid
4640,4640,38880,31240,7640,Paid
4641,4641,130170,0,130170,Partially Paid
4642,4642,84900,55710,29190,Paid
4643,4643,192330,126570,65760,Paid
4644,4644,10520,6910,3610,Paid
4645,4645,59730,33300,26430,Paid
4646,4646,40210,33140,7070,Pending
4647,4647,142340,101840,40500,Paid
4648,4648,11030,0,11030,Partially Paid
4649,4649,44530,32840,11690,Paid
4650,4650,49950,40890,9060,Paid
4651,4651,90910,70110,20800,Paid
4652,4652,201000,130080,70920,Paid
4653,4653,135430,101090,34340,Pending
4654,4654,33620,28790,4830,Paid
4655,4655,153440,68000,85440,Paid
4656,4656,173220,133960,39260,Partially Paid
4657,4657,47320,25660,21660,Paid
4658,4658,123440,68920,54520,Paid
4659,4659,50160,32240,17920,Paid
4660,4660,100030,61930,38100,Paid
4661,4661,33380,13690,19690,Pending
4662,4662,20510,13000,7510,Paid
4663,4663,105000,65230,39770,Paid
4664,4664,90940,40890,50050,Paid
4665,4665,328110,197750,130360,Partially Paid
4666,4666,49750,22540,27210,Paid
4667,4667,33390,15650,17740,Paid
4668,4668,13620,6480,7140,Paid
4669,4669,19550,12100,7450,Partially Paid
4670,4670,312600,234500,78100,Paid
4671,4671,206730,126670,80060,Paid
4672,4672,47060,28090,18970,Paid
4673,4673,127020,0,127020,Paid
4674,4674,32440,21760,10680,Paid
4675,4675,28960,0,28960,Paid
4676,4676,292240,147070,145170,Partially Paid
4677,4677,55550,48860,6690,Paid
4678,4678,17370,15230,2140,Pending
4679,4679,84220,50400,33820,Paid
4680,4680,9790,6610,3180,Pending
4681,4681,8980,4510,4470,Paid
4682,4682,39850,21640,18210,Pending
4683,4683,32660,22880,9780,Pending
4684,4684,353830,222820,131010,Pending
4685,4685,76290,0,76290,Paid
4686,4686,102220,53160,49060,Paid
4687,4687,211710,118030,93680,Paid
4688,4688,69200,37440,31760,Paid
4689,4689,94290,60390,33900,Paid
4690,4690,152660,98500,54160,Pending
4691,4691,38960,17280,21680,Paid
4692,4692,110000,0,110000,Paid
4693,4693,34600,0,34600,Paid
4694,4694,188730,153270,35460,Paid
4695,4695,62150,0,62150,Pending
4696,4696,16660,10340,6320,Paid
4697,4697,78030,66480,11550,Paid
4698,4698,134560,86890,47670,Paid
4699,4699,185950,93910,92040,Paid
4700,4700,98670,40020,58650,Paid
4701,4701,51670,21010,30660,Pending
4702,4702,272750,206150,66600,Paid
4703,4703,71060,49580,21480,Paid
4704,4704,6630,3570,3060,Paid
4705,4705,34840,28530,6310,Paid
4706,4706,31340,21810,9530,Paid
4707,4707,38520,0,38520,Partially Paid
4708,4708,156580,113100,43480,Paid
4709,4709,313870,132930,180940,Paid
4710,4710,104370,60450,43920,Paid
4711,4711,27210,22760,4450,Paid
4712,4712,81790,48340,33450,Paid
4713,4713,92760,80040,12720,Paid
4714,4714,31190,15170,16020,Partially Paid
4715,4715,92040,81550,10490,Paid
4716,4716,11310,8150,3160,Paid
4717,4717,32600,0,32600,Paid
4718,4718,36370,25470,10900,Paid
4719,4719,55960,39250,16710,Paid
4720,4720,31190,17560,13630,Paid
4721,4721,30720,24070,6650,Paid
4722,4722,129910,52050,77860,Paid
4723,4723,32580,14190,18390,Pending
4724,4724,80380,56400,23980,Paid
4725,4725,112690,99790,12900,Paid
4726,4726,19430,0,19430,Paid
4727,4727,21510,12570,8940,Paid
4728,4728,134200,0,134200,Pending
4729,4729,120060,0,120060,Paid
4730,4730,25110,21670,3440,Paid
4731,4731,23290,10040,13250,Paid
4732,4732,31970,13770,18200,Partially Paid
4733,4733,20140,11590,8550,Paid
4734,4734,69230,61530,7700,Paid
4735,4735,13540,0,13540,Paid
4736,4736,38990,32860,6130,Paid
4737,4737,14070,10480,3590,Paid
4738,4738,10470,8330,2140,Paid
4739,4739,80950,50470,30480,Pending
4740,4740,113650,88580,25070,Paid
4741,4741,47730,42860,4870,Paid
4742,4742,156650,106650,50000,Paid
4743,4743,35330,25600,9730,Paid
4744,4744,101330,53000,48330,Paid
4745,4745,34590,30720,3870,Pending
4746,4746,101370,0,101370,Partially Paid
4747,4747,58040,49280,8760,Paid
4748,4748,131640,88740,42900,Paid
4749,4749,141670,0,141670,Paid
4750,4750,21580,0,21580,Paid
4751,4751,34570,17960,16610,Paid
4752,4752,21720,16480,5240,Paid
4753,4753,32140,0,32140,Partially Paid
4754,4754,80190,44570,35620,Paid
4755,4755,60650,0,60650,Paid
4756,4756,168780,90190,78590,Paid
4757,4757,105100,0,105100,Paid
4758,4758,349490,196890,152600,Pending
4759,4759,427970,0,427970,Paid
4760,4760,68030,30010,38020,Pending
4761,4761,87340,37080,50260,Paid
4762,4762,88760,0,88760,Pending
4763,4763,73880,64440,9440,Paid
4764,4764,15580,0,15580,Paid
4765,4765,48700,33940,14760,Paid
4766,4766,17790,10870,6920,Pending
4767,4767,83230,35330,47900,Paid
4768,4768,39070,22090,16980,Paid
4769,4769,27450,0,27450,Paid
4770,4770,96890,63250,33640,Paid
4771,4771,38700,31910,6790,Pending
4772,4772,36270,31350,4920,Partially Paid
4773,4773,95940,73210,22730,Paid
4774,4774,96790,45410,51380,Paid
4775,4775,344870,197330,147540,Paid
4776,4776,34190,13830,20360,Paid
4777,4777,51550,0,51550,Paid
4778,4778,178220,98770,79450,Paid
4779,4779,165720,0,165720,Paid
4780,4780,30830,12900,17930,Paid
4781,4781,19490,10260,9230,Paid
4782,4782,13360,0,13360,Paid
4783,4783,130190,73760,56430,Paid
4784,4784,89290,0,89290,Paid
4785,4785,358760,0,358760,Pending
4786,4786,50030,0,50030,Paid
4787,4787,6960,0,6960,Paid
4788,4788,20870,10860,10010,Paid
4789,4789,235710,164340,71370,Paid
4790,4790,42820,33920,8900,Partially Paid
4791,4791,41140,0,41140,Paid
4792,4792,110960,0,110960,Paid
4793,4793,71850,0,71850,Pending
4794,4794,137970,64190,73780,Paid
4795,4795,43990,30150,13840,Paid
4796,4796,110710,78050,32660,Paid
4797,4797,190950,0,190950,Paid
4798,4798,45740,28190,17550,Paid
4799,4799,23770,16430,7340,Paid
4800,4800,48270,19740,28530,Paid
4801,4801,116230,59790,56440,Paid
4802,4802,17530,11200,6330,Paid
4803,4803,101070,42940,58130,Paid
4804,4804,38660,31310,7350,Paid
4805,4805,69370,0,69370,Paid
4806,4806,15770,0,15770,Paid
4807,4807,27640,0,27640,Paid
4808,4808,11820,0,11820,Paid
4809,4809,29320,0,29320,Paid
4810,4810,232730,167700,65030,Paid
4811,4811,110270,58330,51940,Paid
4812,4812,141090,77610,63480,Pending
4813,4813,31910,17960,13950,Paid
4814,4814,215190,0,215190,Pending
4815,4815,43350,25560,17790,Paid
4816,4816,55350,0,55350,Paid
4817,4817,29620,19320,10300,Partially Paid
4818,4818,44080,0,44080,Paid
4819,4819,35250,0,35250,Paid
4820,4820,57870,0,57870,Pending
4821,4821,227770,0,227770,Paid
4822,4822,140570,78980,61590,Paid
4823,4823,34460,28860,5600,Paid
4824,4824,10980,0,10980,Paid
4825,4825,53220,46940,6280,Paid
4826,4826,55060,0,55060,Paid
4827,4827,48540,31130,17410,Paid
4828,4828,33450,0,33450,Partially Paid
4829,4829,42270,35180,7090,Paid
4830,4830,238890,194190,44700,Paid
4831,4831,16100,7890,8210,Pending
4832,4832,96200,0,96200,Pending
4833,4833,102080,0,102080,Paid
4834,4834,210740,136380,74360,Paid
4835,4835,90650,0,90650,Paid
4836,4836,63870,34670,29200,Paid
4837,4837,54360,46390,7970,Pending
4838,4838,14090,9940,4150,Paid
4839,4839,22320,10890,11430,Paid
4840,4840,45740,0,45740,Partially Paid
4841,4841,60400,25390,35010,Paid
4842,4842,24790,0,24790,Paid
4843,4843,11500,6160,5340,Paid
4844,4844,70000,57020,12980,Paid
4845,4845,21500,0,21500,Paid
4846,4846,36790,0,36790,Paid
4847,4847,168190,90110,78080,Pending
4848,4848,53010,0,53010,Paid
4849,4849,87750,42900,44850,Paid
4850,4850,9230,8220,1010,Pending
4851,4851,82230,45310,36920,Paid
4852,4852,111430,54290,57140,Paid
4853,4853,39780,31550,8230,Pending
4854,4854,42740,20430,22310,Partially Paid
4855,4855,11870,6390,5480,Paid
4856,4856,14980,13360,1620,Paid
4857,4857,42760,19660,23100,Paid
4858,4858,57570,30380,27190,Paid
4859,4859,43410,20730,22680,Pending
4860,4860,53250,37750,15500,Paid
4861,4861,39600,20530,19070,Paid
4862,4862,11760,0,11760,Paid
4863,4863,92040,39030,53010,Paid
4864,4864,26270,13840,12430,Paid
4865,4865,49040,29700,19340,Paid
4866,4866,286690,0,286690,Paid
4867,4867,28900,12520,16380,Paid
4868,4868,31370,19820,11550,Paid
4869,4869,30510,22290,8220,Pending
4870,4870,35330,26850,8480,Paid
4871,4871,64520,50150,14370,Partially Paid
4872,4872,23050,0,23050,Paid
4873,4873,20460,0,20460,Paid
4874,4874,57570,28820,28750,Paid
4875,4875,84140,50540,33600,Paid
4876,4876,38470,0,38470,Paid
4877,4877,33590,23780,9810,Paid
4878,4878,137450,0,137450,Paid
4879,4879,40740,36450,4290,Partially Paid
4880,4880,42140,20430,21710,Paid
4881,4881,68310,33730,34580,Pending
4882,4882,44870,35600,9270,Paid
4883,4883,252690,107870,144820,Paid
4884,4884,135220,97370,37850,Paid
4885,4885,41010,35670,5340,Paid
4886,4886,27190,20100,7090,Partially Paid
4887,4887,41730,33790,7940,Paid
4888,4888,87080,59860,27220,Paid
4889,4889,19410,0,19410,Paid
4890,4890,27750,11470,16280,Paid
4891,4891,48510,35180,13330,Paid
4892,4892,33090,0,33090,Paid
4893,4893,74010,39670,34340,Paid
4894,4894,7790,6550,1240,Paid
4895,4895,61590,54960,6630,Paid
4896,4896,20340,0,20340,Paid
4897,4897,230550,183630,46920,Partially Paid
4898,4898,56390,31870,24520,Paid
4899,4899,277770,0,277770,Paid
4900,4900,4470,2810,1660,Paid
4901,4901,49700,38080,11620,Paid
4902,4902,78890,42870,36020,Pending
4903,4903,59380,0,59380,Paid
4904,4904,116480,101190,15290,Paid
4905,4905,360880,228470,132410,Paid
4906,4906,60880,43150,17730,Paid
4907,4907,22130,16460,5670,Paid
4908,4908,25040,19430,5610,Paid
4909,4909,20520,0,20520,Paid
4910,4910,16360,8610,7750,Partially Paid
4911,4911,33930,0,33930,Paid
4912,4912,120810,100140,20670,Paid
4913,4913,96240,59180,37060,Paid
4914,4914,6890,3330,3560,Paid
4915,4915,54470,33880,20590,Paid
4916,4916,167210,0,167210,Paid
4917,4917,16340,8990,7350,Paid
4918,4918,242220,106860,135360,Pending
4919,4919,212380,0,212380,Paid
4920,4920,23960,19440,4520,Paid
4921,4921,31610,27500,4110,Paid
4922,4922,199580,82330,117250,Paid
4923,4923,101150,65010,36140,Partially Paid
4924,4924,434800,205850,228950,Pending
4925,4925,23760,0,23760,Paid
4926,4926,37610,19240,18370,Paid
4927,4927,169720,132430,37290,Paid
4928,4928,98870,72770,26100,Paid
4929,4929,7830,6690,1140,Paid
4930,4930,38780,31640,7140,Paid
4931,4931,192920,88760,104160,Paid
4932,4932,273180,171800,101380,Pending
4933,4933,285990,0,285990,Paid
4934,4934,40740,28530,12210,Paid
4935,4935,59460,24240,35220,Paid
4936,4936,23380,10410,12970,Paid
4937,4937,46490,0,46490,Paid
4938,4938,130050,0,130050,Paid
4939,4939,193650,158210,35440,Paid
4940,4940,38310,0,38310,Paid
4941,4941,17310,12620,4690,Paid
4942,4942,19980,8380,11600,Paid
4943,4943,23750,20460,3290,Paid
4944,4944,81380,52600,28780,Paid
4945,4945,29680,25410,4270,Paid
4946,4946,84830,67990,16840,Paid
4947,4947,26460,0,26460,Paid
4948,4948,25690,11160,14530,Paid
4949,4949,97710,40800,56910,Paid
4950,4950,98870,61560,37310,Paid
4951,4951,35650,0,35650,Paid
4952,4952,34050,0,34050,Pending
4953,4953,38730,17700,21030,Partially Paid
4954,4954,59870,51490,8380,Paid
4955,4955,144500,109690,34810,Paid
4956,4956,46570,41370,5200,Paid
4957,4957,34460,19060,15400,Paid
4958,4958,44600,21330,23270,Paid
4959,4959,473990,0,473990,Paid
4960,4960,134500,105390,29110,Paid
4961,4961,12790,9400,3390,Paid
4962,4962,60200,29820,30380,Paid
4963,4963,29070,20620,8450,Paid
4964,4964,74690,0,74690,Pending
4965,4965,54200,36850,17350,Pending
4966,4966,23800,21070,2730,Paid
4967,4967,36680,0,36680,Pending
4968,4968,21830,0,21830,Paid
4969,4969,24190,15420,8770,Paid
4970,4970,54770,34540,20230,Paid
4971,4971,82890,37620,45270,Paid
4972,4972,95930,80830,15100,Paid
4973,4973,48210,24360,23850,Paid
4974,4974,52560,32240,20320,Paid
4975,4975,106450,62010,44440,Paid
4976,4976,28930,25950,2980,Partially Paid
4977,4977,100020,88430,11590,Partially Paid
4978,4978,51940,0,51940,Paid
4979,4979,30170,13710,16460,Paid
4980,4980,70990,35920,35070,Paid
4981,4981,90500,65400,25100,Paid
4982,4982,398470,0,398470,Paid
4983,4983,23850,11210,12640,Paid
4984,4984,155580,0,155580,Paid
4985,4985,17630,10340,7290,Pending
4986,4986,29460,12450,17010,Paid
4987,4987,152610,87570,65040,Paid
4988,4988,11970,8150,3820,Paid
4989,4989,28020,19390,8630,Paid
4990,4990,51090,0,51090,Paid
4991,4991,10190,0,10190,Paid
4992,4992,102930,65050,37880,Partially Paid
4993,4993,28640,14900,13740,Paid
4994,4994,48900,26240,22660,Paid
4995,4995,16810,0,16810,Paid
4996,4996,21880,11140,10740,Paid
4997,4997,27340,11930,15410,Paid
4998,4998,94170,55710,38460,Paid
4999,4999,33690,0,33690,Partially Paid
5000,5000,21700,0,21700,Paid
5001,5001,34180,17670,16510,Pending
5002,5002,40210,17900,22310,Partially Paid
5003,5003,81780,54930,26850,Partially Paid
5004,5004,25020,0,25020,Paid
5005,5005,37690,0,37690,Paid
5006,5006,252910,0,252910,Paid
5007,5007,23810,15130,8680,Paid
5008,5008,45810,38620,7190,Paid
5009,5009,17640,7760,9880,Paid
5010,5010,55760,29390,26370,Pending
5011,5011,37650,33820,3830,Paid
5012,5012,30850,0,30850,Partially Paid
5013,5013,33120,21310,11810,Paid
5014,5014,24300,0,24300,Paid
5015,5015,17020,10280,6740,Partially Paid
5016,5016,44910,34900,10010,Partially Paid
5017,5017,113900,75500,38400,Paid
5018,5018,172790,144930,27860,Paid
5019,5019,42240,20870,21370,Paid
5020,5020,52770,45300,7470,Paid
5021,5021,127230,61870,65360,Paid
5022,5022,79930,0,79930,Pending
5023,5023,113090,0,113090,Paid
5024,5024,53030,25040,27990,Paid
5025,5025,72100,41730,30370,Paid
5026,5026,27990,23890,4100,Paid
5027,5027,69870,30410,39460,Paid
5028,5028,10380,0,10380,Paid
5029,5029,310120,224800,85320,Paid
5030,5030,96490,0,96490,Paid
5031,5031,33420,25220,8200,Pending
5032,5032,16350,0,16350,Paid
5033,5033,113850,0,113850,Paid
5034,5034,40730,0,40730,Paid
5035,5035,24000,17470,6530,Paid
5036,5036,35470,28850,6620,Partially Paid
5037,5037,54670,30340,24330,Partially Paid
5038,5038,101420,0,101420,Paid
5039,5039,38270,18280,19990,Paid
5040,5040,42210,22810,19400,Paid
5041,5041,167400,0,167400,Paid
5042,5042,22480,17820,4660,Paid
5043,5043,101320,75680,25640,Paid
5044,5044,91710,40340,51370,Paid
5045,5045,87240,43630,43610,Paid
5046,5046,28450,12980,15470,Paid
5047,5047,160600,113630,46970,Paid
5048,5048,10590,6200,4390,Paid
5049,5049,23580,0,23580,Paid
5050,5050,129160,0,129160,Paid
5051,5051,18720,0,18720,Paid
5052,5052,152830,88230,64600,Paid
5053,5053,11720,7140,4580,Paid
5054,5054,14950,12180,2770,Pending
5055,5055,63410,50060,13350,Paid
5056,5056,118700,55240,63460,Paid
5057,5057,73350,0,73350,Paid
5058,5058,128590,78610,49980,Pending
5059,5059,105830,0,105830,Paid
5060,5060,38310,17030,21280,Paid
5061,5061,35500,0,35500,Paid
5062,5062,228490,0,228490,Paid
5063,5063,118320,50880,67440,Paid
5064,5064,21160,10480,10680,Paid
5065,5065,34890,0,34890,Pending
5066,5066,52810,25890,26920,Pending
5067,5067,90860,60420,30440,Paid
5068,5068,77170,0,77170,Paid
5069,5069,124770,51240,73530,Paid
5070,5070,145750,73790,71960,Partially Paid
5071,5071,155370,65010,90360,Pending
5072,5072,227880,203950,23930,Paid
5073,5073,97100,52800,44300,Paid
5074,5074,41210,23410,17800,Paid
5075,5075,66830,48450,18380,Pending
5076,5076,14240,9940,4300,Paid
5077,5077,91410,69150,22260,Pending
5078,5078,82490,38960,43530,Partially Paid
5079,5079,34320,16450,17870,Pending
5080,5080,374410,166120,208290,Paid
5081,5081,37490,0,37490,Paid
5082,5082,157290,0,157290,Paid
5083,5083,93090,47630,45460,Paid
5084,5084,12840,0,12840,Paid
5085,5085,28420,17070,11350,Pending
5086,5086,118760,73020,45740,Partially Paid
5087,5087,113750,74020,39730,Paid
5088,5088,78440,66570,11870,Paid
5089,5089,152850,0,152850,Paid
5090,5090,20100,9360,10740,Partially Paid
5091,5091,174900,77130,97770,Paid
5092,5092,101990,0,101990,Paid
5093,5093,57610,0,57610,Paid
5094,5094,112320,49070,63250,Paid
5095,5095,95440,77430,18010,Pending
5096,5096,25130,13110,12020,Partially Paid
5097,5097,30850,26450,4400,Paid
5098,5098,50720,33340,17380,Paid
5099,5099,35890,15700,20190,Paid
5100,5100,22300,0,22300,Paid
5101,5101,12760,10830,1930,Paid
5102,5102,37070,23290,13780,Paid
5103,5103,34950,0,34950,Partially Paid
5104,5104,53890,38630,15260,Partially Paid
5105,5105,22640,11410,11230,Paid
5106,5106,23390,18760,4630,Paid
5107,5107,37400,21630,15770,Pending
5108,5108,129700,64510,65190,Paid
5109,5109,25220,17890,7330,Paid
5110,5110,22550,11840,10710,Paid
5111,5111,19130,13970,5160,Paid
5112,5112,138370,0,138370,Paid
5113,5113,201440,170990,30450,Paid
5114,5114,36960,27110,9850,Paid
5115,5115,188310,150490,37820,Paid
5116,5116,18220,10410,7810,Paid
5117,5117,9700,0,9700,Paid
5118,5118,33070,27310,5760,Paid
5119,5119,121470,64380,57090,Paid
5120,5120,141230,57380,83850,Paid
5121,5121,509340,0,509340,Pending
5122,5122,19130,14090,5040,Paid
5123,5123,17340,7510,9830,Paid
5124,5124,10330,5350,4980,Paid
5125,5125,57250,32350,24900,Paid
5126,5126,183000,87580,95420,Pending
5127,5127,77270,0,77270,Partially Paid
5128,5128,20760,15650,5110,Paid
5129,5129,97440,0,97440,Paid
5130,5130,27930,0,27930,Paid
5131,5131,58030,49350,8680,Paid
5132,5132,27050,12280,14770,Paid
5133,5133,129680,71720,57960,Paid
5134,5134,90170,0,90170,Paid
5135,5135,29980,17500,12480,Partially Paid
5136,5136,88150,41810,46340,Pending
5137,5137,58510,34540,23970,Paid
5138,5138,19800,12990,6810,Paid
5139,5139,255240,0,255240,Pending
5140,5140,39630,0,39630,Paid
5141,5141,11800,0,11800,Paid
5142,5142,31830,27560,4270,Paid
5143,5143,34730,24920,9810,Paid
5144,5144,15220,0,15220,Paid
5145,5145,23390,14300,9090,Paid
5146,5146,11240,0,11240,Paid
5147,5147,52020,0,52020,Partially Paid
5148,5148,58870,49390,9480,Paid
5149,5149,268090,0,268090,Paid
5150,5150,111590,85640,25950,Paid
5151,5151,55010,38550,16460,Paid
5152,5152,54720,24470,30250,Paid
5153,5153,220370,104670,115700,Paid
5154,5154,136270,118260,18010,Pending
5155,5155,41150,18050,23100,Paid
5156,5156,31400,13070,18330,Paid
5157,5157,55310,44220,11090,Paid
5158,5158,42800,17620,25180,Paid
5159,5159,92020,57660,34360,Paid
5160,5160,24770,10100,14670,Paid
5161,5161,167050,140280,26770,Pending
5162,5162,162730,70650,92080,Partially Paid
5163,5163,26590,19300,7290,Paid
5164,5164,23170,16600,6570,Paid
5165,5165,18360,0,18360,Paid
5166,5166,27410,14930,12480,Paid
5167,5167,42450,17600,24850,Paid
5168,5168,13780,12260,1520,Paid
5169,5169,17210,11280,5930,Paid
5170,5170,49360,40560,8800,Partially Paid
5171,5171,135970,80530,55440,Pending
5172,5172,513220,0,513220,Paid
5173,5173,155010,97910,57100,Paid
5174,5174,315150,149060,166090,Paid
5175,5175,146170,80310,65860,Paid
5176,5176,7510,6130,1380,Pending
5177,5177,17150,0,17150,Paid
5178,5178,28960,15400,13560,Paid
5179,5179,36410,17420,18990,Paid
5180,5180,358360,204620,153740,Paid
5181,5181,62370,45590,16780,Paid
5182,5182,28180,23430,4750,Paid
5183,5183,55390,0,55390,Paid
5184,5184,56380,0,56380,Pending
5185,5185,117160,48960,68200,Paid
5186,5186,43860,0,43860,Paid
5187,5187,27350,0,27350,Partially Paid
5188,5188,51900,39760,12140,Paid
5189,5189,20450,0,20450,Paid
5190,5190,27720,15380,12340,Paid
5191,5191,26120,17210,8910,Paid
5192,5192,20570,17250,3320,Pending
5193,5193,150340,96120,54220,Paid
5194,5194,84000,68150,15850,Pending
5195,5195,121020,99030,21990,Paid
5196,5196,50100,32200,17900,Paid
5197,5197,111610,0,111610,Paid
5198,5198,104060,60820,43240,Paid
5199,5199,20490,16860,3630,Partially Paid
5200,5200,167170,90770,76400,Paid
5201,5201,7310,6220,1090,Pending
5202,5202,17280,8060,9220,Paid
5203,5203,23040,15890,7150,Pending
5204,5204,117760,0,117760,Paid
5205,5205,45520,37050,8470,Paid
5206,5206,29600,0,29600,Pending
5207,5207,39780,31160,8620,Paid
5208,5208,153450,89430,64020,Paid
5209,5209,35560,0,35560,Paid
5210,5210,311660,0,311660,Pending
5211,5211,25020,14200,10820,Partially Paid
5212,5212,31700,25380,6320,Paid
5213,5213,26580,0,26580,Partially Paid
5214,5214,32060,22890,9170,Paid
5215,5215,163320,123780,39540,Paid
5216,5216,38640,33970,4670,Paid
5217,5217,26300,0,26300,Paid
5218,5218,21120,0,21120,Partially Paid
5219,5219,39250,23420,15830,Paid
5220,5220,134010,0,134010,Paid
5221,5221,25790,0,25790,Paid
5222,5222,16550,0,16550,Paid
5223,5223,16980,0,16980,Paid
5224,5224,32650,0,32650,Partially Paid
5225,5225,105590,48400,57190,Pending
5226,5226,134130,116370,17760,Paid
5227,5227,28550,19710,8840,Paid
5228,5228,11030,5120,5910,Paid
5229,5229,54090,47240,6850,Paid
5230,5230,126330,0,126330,Pending
5231,5231,15650,12700,2950,Pending
5232,5232,43650,0,43650,Paid
5233,5233,324620,229850,94770,Paid
5234,5234,25470,12220,13250,Paid
5235,5235,20730,12470,8260,Paid
5236,5236,23230,0,23230,Paid
5237,5237,29030,12450,16580,Pending
5238,5238,17710,14730,2980,Paid
5239,5239,8550,7660,890,Pending
5240,5240,234910,122680,112230,Paid
5241,5241,34130,21570,12560,Partially Paid
5242,5242,132810,0,132810,Partially Paid
5243,5243,94370,70700,23670,Paid
5244,5244,49370,36290,13080,Paid
5245,5245,45030,39320,5710,Paid
5246,5246,35960,29770,6190,Paid
5247,5247,8310,7450,860,Paid
5248,5248,57070,46690,10380,Paid
5249,5249,94800,79010,15790,Paid
5250,5250,22350,0,22350,Paid
5251,5251,20370,17490,2880,Paid
5252,5252,71020,0,71020,Paid
5253,5253,75050,0,75050,Paid
5254,5254,81100,0,81100,Paid
5255,5255,32620,25500,7120,Paid
5256,5256,15490,0,15490,Paid
5257,5257,35710,15330,20380,Paid
5258,5258,116970,82370,34600,Paid
5259,5259,317240,164290,152950,Paid
5260,5260,17840,7940,9900,Partially Paid
5261,5261,14700,0,14700,Paid
5262,5262,24280,16390,7890,Paid
5263,5263,7480,6550,930,Paid
5264,5264,18740,0,18740,Partially Paid
5265,5265,94790,77490,17300,Paid
5266,5266,40380,32700,7680,Paid
5267,5267,31300,24690,6610,Paid
5268,5268,42070,36560,5510,Paid
5269,5269,132490,0,132490,Paid
5270,5270,170580,0,170580,Paid
5271,5271,32520,16040,16480,Paid
5272,5272,173830,0,173830,Paid
5273,5273,20420,17800,2620,Pending
5274,5274,247090,116210,130880,Paid
5275,5275,106710,49930,56780,Paid
5276,5276,19900,14010,5890,Paid
5277,5277,62410,27330,35080,Partially Paid
5278,5278,146260,0,146260,Partially Paid
5279,5279,36960,16310,20650,Paid
5280,5280,265590,0,265590,Paid
5281,5281,56300,0,56300,Pending
5282,5282,46620,36160,10460,Paid
5283,5283,89530,45350,44180,Paid
5284,5284,17670,7760,9910,Paid
5285,5285,23610,9570,14040,Pending
5286,5286,73350,0,73350,Partially Paid
5287,5287,47490,0,47490,Paid
5288,5288,92430,41180,51250,Paid
5289,5289,132490,62380,70110,Paid
5290,5290,65370,0,65370,Paid
5291,5291,51020,22530,28490,Paid
5292,5292,49340,43310,6030,Paid
5293,5293,143920,83100,60820,Paid
5294,5294,40430,19100,21330,Pending
5295,5295,68370,44510,23860,Paid
5296,5296,14280,9000,5280,Paid
5297,5297,103630,78280,25350,Paid
5298,5298,212350,119460,92890,Partially Paid
5299,5299,53760,37080,16680,Paid
5300,5300,37070,0,37070,Paid
5301,5301,49290,35270,14020,Partially Paid
5302,5302,208100,102740,105360,Partially Paid
5303,5303,47770,20660,27110,Pending
5304,5304,22930,14010,8920,Paid
5305,5305,21300,0,21300,Pending
5306,5306,22510,15970,6540,Paid
5307,5307,43690,33940,9750,Pending
5308,5308,39490,17890,21600,Paid
5309,5309,115690,0,115690,Paid
5310,5310,103700,0,103700,Paid
5311,5311,21370,0,21370,Paid
5312,5312,38490,34280,4210,Paid
5313,5313,98460,0,98460,Paid
5314,5314,364720,263810,100910,Paid
5315,5315,96360,67340,29020,Paid
5316,5316,45210,0,45210,Paid
5317,5317,167310,72280,95030,Paid
5318,5318,37270,32710,4560,Paid
5319,5319,17410,0,17410,Partially Paid
5320,5320,47950,26740,21210,Paid
5321,5321,142290,124560,17730,Pending
5322,5322,25150,0,25150,Paid
5323,5323,68160,29630,38530,Paid
5324,5324,120980,60890,60090,Paid
5325,5325,90210,73180,17030,Paid
5326,5326,80470,63750,16720,Paid
5327,5327,83570,52410,31160,Paid
5328,5328,46130,34580,11550,Paid
5329,5329,266150,130090,136060,Paid
5330,5330,12540,5640,6900,Paid
5331,5331,30210,0,30210,Paid
5332,5332,563620,365410,198210,Paid
5333,5333,200830,0,200830,Paid
5334,5334,79660,56620,23040,Paid
5335,5335,225470,119810,105660,Pending
5336,5336,49240,26510,22730,Paid
5337,5337,265780,216660,49120,Paid
5338,5338,67460,0,67460,Paid
5339,5339,31750,18030,13720,Paid
5340,5340,81670,43790,37880,Paid
5341,5341,44230,24840,19390,Paid
5342,5342,27490,19310,8180,Pending
5343,5343,82920,65010,17910,Paid
5344,5344,39970,0,39970,Paid
5345,5345,210750,135790,74960,Paid
5346,5346,139970,101840,38130,Paid
5347,5347,94340,0,94340,Paid
5348,5348,47590,27350,20240,Paid
5349,5349,61770,47260,14510,Pending
5350,5350,116220,58890,57330,Pending
5351,5351,20230,9750,10480,Partially Paid
5352,5352,127700,84750,42950,Paid
5353,5353,118090,70040,48050,Paid
5354,5354,103030,55710,47320,Pending
5355,5355,378800,327570,51230,Paid
5356,5356,119370,0,119370,Partially Paid
5357,5357,9360,0,9360,Paid
5358,5358,192430,150120,42310,Partially Paid
5359,5359,21630,0,21630,Paid
5360,5360,40640,17170,23470,Pending
5361,5361,18200,0,18200,Paid
5362,5362,116350,101550,14800,Paid
5363,5363,30190,16490,13700,Paid
5364,5364,11100,7280,3820,Paid
5365,5365,52500,31540,20960,Partially Paid
5366,5366,16370,11410,4960,Paid
5367,5367,92010,0,92010,Paid
5368,5368,74780,66240,8540,Paid
5369,5369,117350,104150,13200,Paid
5370,5370,73850,39840,34010,Paid
5371,5371,18260,11830,6430,Paid
5372,5372,37180,28510,8670,Paid
5373,5373,27500,12090,15410,Pending
5374,5374,24280,0,24280,Paid
5375,5375,15240,0,15240,Pending
5376,5376,39190,20810,18380,Pending
5377,5377,16260,9480,6780,Paid
5378,5378,21400,13570,7830,Paid
5379,5379,22970,0,22970,Paid
5380,5380,44810,26400,18410,Paid
5381,5381,41230,33580,7650,Partially Paid
5382,5382,25670,18820,6850,Partially Paid
5383,5383,406630,310470,96160,Partially Paid
5384,5384,29060,25430,3630,Paid
5385,5385,22080,12840,9240,Paid
5386,5386,66760,31320,35440,Paid
5387,5387,21440,16130,5310,Paid
5388,5388,366790,181500,185290,Paid
5389,5389,14780,0,14780,Partially Paid
5390,5390,23340,12260,11080,Paid
5391,5391,26380,18830,7550,Paid
5392,5392,335770,137560,198210,Paid
5393,5393,50460,31720,18740,Partially Paid
5394,5394,11650,9260,2390,Paid
5395,5395,47890,36210,11680,Paid
5396,5396,156580,128360,28220,Paid
5397,5397,42170,35920,6250,Paid
5398,5398,258720,0,258720,Paid
5399,5399,17000,9240,7760,Paid
5400,5400,31920,0,31920,Paid
5401,5401,20120,11350,8770,Paid
5402,5402,67430,41930,25500,Paid
5403,5403,17820,0,17820,Pending
5404,5404,102480,59970,42510,Paid
5405,5405,30390,12650,17740,Paid
5406,5406,31470,21290,10180,Paid
5407,5407,25510,14910,10600,Paid
5408,5408,48380,0,48380,Paid
5409,5409,53270,0,53270,Paid
5410,5410,24730,20350,4380,Paid
5411,5411,33040,26510,6530,Paid
5412,5412,59930,26920,33010,Paid
5413,5413,44040,34120,9920,Paid
5414,5414,35540,24750,10790,Paid
5415,5415,45030,25220,19810,Partially Paid
5416,5416,300580,163590,136990,Pending
5417,5417,15230,7320,7910,Partially Paid
5418,5418,119810,90190,29620,Paid
5419,5419,114960,50970,63990,Paid
5420,5420,14850,8140,6710,Paid
5421,5421,36700,28960,7740,Paid
5422,5422,21910,0,21910,Paid
5423,5423,21420,11720,9700,Paid
5424,5424,149770,82490,67280,Paid
5425,5425,28890,13460,15430,Partially Paid
5426,5426,22240,19630,2610,Paid
5427,5427,94270,64760,29510,Pending
5428,5428,27880,0,27880,Paid
5429,5429,69180,57960,11220,Paid
5430,5430,19220,10180,9040,Paid
5431,5431,17860,0,17860,Paid
5432,5432,18600,0,18600,Pending
5433,5433,198120,0,198120,Paid
5434,5434,184800,152300,32500,Partially Paid
5435,5435,39050,16890,22160,Paid
5436,5436,34320,16450,17870,Paid
5437,5437,104930,0,104930,Pending
5438,5438,158200,106570,51630,Paid
5439,5439,47370,0,47370,Paid
5440,5440,18550,14630,3920,Paid
5441,5441,52930,44500,8430,Paid
5442,5442,46250,0,46250,Paid
5443,5443,21030,14420,6610,Paid
5444,5444,24360,13190,11170,Pending
5445,5445,46340,25840,20500,Paid
5446,5446,70510,61680,8830,Paid
5447,5447,187680,90350,97330,Paid
5448,5448,33440,26960,6480,Paid
5449,5449,200660,0,200660,Paid
5450,5450,36560,28500,8060,Paid
5451,5451,14140,9280,4860,Partially Paid
5452,5452,6640,3440,3200,Paid
5453,5453,23550,9470,14080,Pending
5454,5454,13150,9430,3720,Paid
5455,5455,25530,14310,11220,Paid
5456,5456,65540,27340,38200,Paid
5457,5457,19280,9460,9820,Partially Paid
5458,5458,49770,0,49770,Paid
5459,5459,122640,98740,23900,Pending
5460,5460,26420,14040,12380,Partially Paid
5461,5461,16460,10830,5630,Paid
5462,5462,36280,21150,15130,Paid
5463,5463,49410,43920,5490,Paid
5464,5464,8420,4620,3800,Paid
5465,5465,41390,24570,16820,Pending
5466,5466,36660,23020,13640,Paid
5467,5467,24430,18050,6380,Paid
5468,5468,43240,34290,8950,Paid
5469,5469,26910,0,26910,Paid
5470,5470,43820,0,43820,Paid
5471,5471,92130,55220,36910,Paid
5472,5472,236690,183230,53460,Paid
5473,5473,104600,0,104600,Paid
5474,5474,26420,14350,12070,Paid
5475,5475,83580,0,83580,Paid
5476,5476,8730,7400,1330,Pending
5477,5477,20690,8740,11950,Paid
5478,5478,99770,85720,14050,Paid
5479,5479,23520,0,23520,Paid
5480,5480,74610,0,74610,Paid
5481,5481,30440,18200,12240,Paid
5482,5482,28170,22540,5630,Paid
5483,5483,104670,60430,44240,Paid
5484,5484,142880,101570,41310,Paid
5485,5485,89020,42030,46990,Paid
5486,5486,26720,0,26720,Paid
5487,5487,220730,119830,100900,Paid
5488,5488,146430,124860,21570,Paid
5489,5489,90540,0,90540,Paid
5490,5490,30390,18360,12030,Paid
5491,5491,15280,0,15280,Pending
5492,5492,17670,9500,8170,Paid
5493,5493,17260,10340,6920,Paid
5494,5494,40250,19980,20270,Paid
5495,5495,32820,18040,14780,Paid
5496,5496,27070,21120,5950,Partially Paid
5497,5497,154610,128230,26380,Paid
5498,5498,137150,58790,78360,Paid
5499,5499,76720,61040,15680,Paid
5500,5500,37010,19720,17290,Paid
5501,5501,21940,10860,11080,Paid
5502,5502,121050,0,121050,Paid
5503,5503,31940,23490,8450,Paid
5504,5504,14530,12320,2210,Paid
5505,5505,150690,0,150690,Paid
5506,5506,17720,12490,5230,Pending
5507,5507,45180,34010,11170,Paid
5508,5508,50060,33490,16570,Paid
5509,5509,123880,87950,35930,Paid
5510,5510,119520,71970,47550,Paid
5511,5511,62050,40650,21400,Paid
5512,5512,115420,73230,42190,Paid
5513,5513,66000,42330,23670,Paid
5514,5514,46760,39650,7110,Paid
5515,5515,26040,0,26040,Partially Paid
5516,5516,337060,0,337060,Pending
5517,5517,186040,103860,82180,Paid
5518,5518,67950,28680,39270,Paid
5519,5519,24670,18560,6110,Paid
5520,5520,23420,11610,11810,Partially Paid
5521,5521,175880,93240,82640,Partially Paid
5522,5522,24890,0,24890,Paid
5523,5523,56880,24030,32850,Paid
5524,5524,22980,19780,3200,Paid
5525,5525,47800,0,47800,Pending
5526,5526,66280,53980,12300,Paid
5527,5527,121430,105170,16260,Paid
5528,5528,24710,0,24710,Paid
5529,5529,43400,0,43400,Pending
5530,5530,63110,44330,18780,Paid
5531,5531,40110,31270,8840,Pending
5532,5532,63140,40870,22270,Paid
5533,5533,14340,9530,4810,Paid
5534,5534,28060,14210,13850,Paid
5535,5535,28950,22030,6920,Paid
5536,5536,40320,21510,18810,Pending
5537,5537,40850,26300,14550,Pending
5538,5538,66300,0,66300,Paid
5539,5539,49050,37030,12020,Pending
5540,5540,8450,3980,4470,Paid
5541,5541,230390,110850,119540,Paid
5542,5542,42530,25440,17090,Paid
5543,5543,17080,11160,5920,Paid
5544,5544,28500,0,28500,Paid
5545,5545,166190,118170,48020,Paid
5546,5546,82450,47700,34750,Paid
5547,5547,111630,0,111630,Paid
5548,5548,19340,7990,11350,Partially Paid
5549,5549,15650,6520,9130,Paid
5550,5550,127190,103870,23320,Paid
5551,5551,268930,156910,112020,Paid
5552,5552,28740,0,28740,Pending
5553,5553,33460,0,33460,Paid
5554,5554,37500,31300,6200,Paid
5555,5555,116400,84430,31970,Paid
5556,5556,43530,29370,14160,Partially Paid
5557,5557,26220,11180,15040,Paid
5558,5558,149870,69950,79920,Paid
5559,5559,105220,58090,47130,Partially Paid
5560,5560,44190,38600,5590,Paid
5561,5561,75980,32900,43080,Paid
5562,5562,88160,0,88160,Partially Paid
5563,5563,44570,24390,20180,Partially Paid
5564,5564,149500,79450,70050,Paid
5565,5565,9280,7820,1460,Paid
5566,5566,6370,3580,2790,Paid
5567,5567,70850,0,70850,Paid
5568,5568,152360,99400,52960,Paid
5569,5569,18640,0,18640,Paid
5570,5570,48910,41140,7770,Pending
5571,5571,62410,46800,15610,Paid
5572,5572,53370,42370,11000,Paid
5573,5573,33910,19950,13960,Paid
5574,5574,37460,0,37460,Partially Paid
5575,5575,57790,0,57790,Paid
5576,5576,91720,0,91720,Paid
5577,5577,30070,21490,8580,Paid
5578,5578,20220,8290,11930,Paid
5579,5579,30570,14880,15690,Paid
5580,5580,113570,72110,41460,Paid
5581,5581,81880,44960,36920,Paid
5582,5582,15440,9010,6430,Paid
5583,5583,352190,0,352190,Paid
5584,5584,72970,50900,22070,Paid
5585,5585,25550,10620,14930,Paid
5586,5586,144850,0,144850,Paid
5587,5587,41830,18860,22970,Paid
5588,5588,109240,63090,46150,Paid
5589,5589,5480,0,5480,Paid
5590,5590,24590,0,24590,Paid
5591,5591,47320,0,47320,Paid
5592,5592,35640,15640,20000,Paid
5593,5593,34470,0,34470,Paid
5594,5594,20880,18200,2680,Pending
5595,5595,17180,7890,9290,Paid
5596,5596,876600,713000,163600,Partially Paid
5597,5597,128140,94840,33300,Partially Paid
5598,5598,107670,0,107670,Paid
5599,5599,80110,68320,11790,Paid
5600,5600,32360,0,32360,Paid
5601,5601,65070,40740,24330,Pending
5602,5602,33730,0,33730,Paid
5603,5603,16430,11460,4970,Partially Paid
5604,5604,40550,0,40550,Paid
5605,5605,164770,144520,20250,Paid
5606,5606,124120,52720,71400,Paid
5607,5607,75300,38170,37130,Partially Paid
5608,5608,64920,39510,25410,Paid
5609,5609,166420,0,166420,Paid
5610,5610,120470,99630,20840,Paid
5611,5611,82150,0,82150,Paid
5612,5612,62560,42370,20190,Pending
5613,5613,117920,84250,33670,Paid
5614,5614,53240,0,53240,Pending
5615,5615,22790,19290,3500,Paid
5616,5616,21470,0,21470,Paid
5617,5617,25620,0,25620,Paid
5618,5618,34430,0,34430,Paid
5619,5619,246960,134500,112460,Paid
5620,5620,33460,29750,3710,Paid
5621,5621,42560,0,42560,Pending
5622,5622,111520,0,111520,Paid
5623,5623,129060,0,129060,Partially Paid
5624,5624,33090,20150,12940,Paid
5625,5625,22380,16460,5920,Paid
5626,5626,112680,90360,22320,Paid
5627,5627,29890,18310,11580,Paid
5628,5628,16630,6990,9640,Paid
5629,5629,98570,67100,31470,Paid
5630,5630,87940,0,87940,Pending
5631,5631,31350,27600,3750,Paid
5632,5632,47740,33860,13880,Paid
5633,5633,76080,37480,38600,Paid
5634,5634,123360,0,123360,Paid
5635,5635,115150,67790,47360,Paid
5636,5636,28420,11660,16760,Paid
5637,5637,328270,0,328270,Paid
5638,5638,58680,39050,19630,Paid
5639,5639,33210,27310,5900,Paid
5640,5640,150840,65350,85490,Paid
5641,5641,49250,24710,24540,Pending
5642,5642,11040,8560,2480,Pending
5643,5643,430780,349900,80880,Pending
5644,5644,11750,4810,6940,Pending
5645,5645,18210,8050,10160,Paid
5646,5646,279190,0,279190,Paid
5647,5647,59210,0,59210,Paid
5648,5648,73060,31300,41760,Partially Paid
5649,5649,50780,39380,11400,Paid
5650,5650,42290,0,42290,Paid
5651,5651,28900,0,28900,Paid
5652,5652,28480,17400,11080,Paid
5653,5653,117770,76220,41550,Paid
5654,5654,26660,16810,9850,Paid
5655,5655,91260,53840,37420,Paid
5656,5656,95080,83130,11950,Paid
5657,5657,10510,5460,5050,Pending
5658,5658,38790,34650,4140,Paid
5659,5659,79020,63700,15320,Paid
5660,5660,31500,25260,6240,Paid
5661,5661,173950,155930,18020,Paid
5662,5662,146780,0,146780,Paid
5663,5663,176020,122980,53040,Paid
5664,5664,31030,0,31030,Paid
5665,5665,70460,43880,26580,Pending
5666,5666,54760,33350,21410,Paid
5667,5667,24810,10880,13930,Paid
5668,5668,418730,0,418730,Paid
5669,5669,86620,74320,12300,Paid
5670,5670,15490,13720,1770,Paid
5671,5671,21010,12830,8180,Paid
5672,5672,303870,222750,81120,Partially Paid
5673,5673,195200,0,195200,Pending
5674,5674,19540,15660,3880,Paid
5675,5675,20840,12690,8150,Paid
5676,5676,16160,11610,4550,Paid
5677,5677,32790,26740,6050,Paid
5678,5678,18970,0,18970,Pending
5679,5679,107900,0,107900,Paid
5680,5680,23030,20160,2870,Paid
5681,5681,131220,70190,61030,Paid
5682,5682,26980,19440,7540,Paid
5683,5683,64900,43570,21330,Paid
5684,5684,42220,0,42220,Paid
5685,5685,41030,34420,6610,Partially Paid
5686,5686,5750,3200,2550,Paid
5687,5687,8300,3360,4940,Paid
5688,5688,113300,69990,43310,Paid
5689,5689,14920,9850,5070,Paid
5690,5690,493010,252200,240810,Paid
5691,5691,31740,0,31740,Paid
5692,5692,24970,18850,6120,Paid
5693,5693,28750,18930,9820,Paid
5694,5694,49230,38050,11180,Paid
5695,5695,435970,277040,158930,Paid
5696,5696,28280,0,28280,Paid
5697,5697,19740,13670,6070,Paid
5698,5698,116070,0,116070,Partially Paid
5699,5699,103420,77070,26350,Paid
5700,5700,19700,0,19700,Paid
5701,5701,25660,14690,10970,Paid
5702,5702,68890,39890,29000,Paid
5703,5703,24560,0,24560,Pending
5704,5704,75100,58710,16390,Paid
5705,5705,93490,81960,11530,Paid
5706,5706,33800,0,33800,Partially Paid
5707,5707,241960,115750,126210,Paid
5708,5708,181170,149520,31650,Paid
5709,5709,153980,96600,57380,Paid
5710,5710,148380,77780,70600,Paid
5711,5711,32020,22200,9820,Pending
5712,5712,231900,0,231900,Paid
5713,5713,26020,10830,15190,Paid
5714,5714,61760,0,61760,Paid
5715,5715,46570,36840,9730,Paid
5716,5716,26790,23690,3100,Paid
5717,5717,66780,0,66780,Paid
5718,5718,23100,17590,5510,Paid
5719,5719,52050,0,52050,Pending
5720,5720,10230,0,10230,Pending
5721,5721,12970,0,12970,Pending
5722,5722,54920,47130,7790,Paid
5723,5723,27950,14560,13390,Paid
5724,5724,36200,0,36200,Pending
5725,5725,25060,12220,12840,Paid
5726,5726,145460,0,145460,Pending
5727,5727,28070,17780,10290,Paid
5728,5728,13770,0,13770,Pending
5729,5729,121790,98350,23440,Paid
5730,5730,111680,66000,45680,Paid
5731,5731,34330,18850,15480,Paid
5732,5732,10230,0,10230,Paid
5733,5733,70020,54180,15840,Pending
5734,5734,56440,41840,14600,Paid
5735,5735,32230,13280,18950,Paid
5736,5736,45600,26320,19280,Paid
5737,5737,20680,11940,8740,Paid
5738,5738,31320,0,31320,Paid
5739,5739,33670,26970,6700,Paid
5740,5740,39800,30520,9280,Pending
5741,5741,97730,43880,53850,Paid
5742,5742,163940,82460,81480,Paid
5743,5743,321140,283530,37610,Pending
5744,5744,16470,0,16470,Paid
5745,5745,46380,18780,27600,Partially Paid
5746,5746,25100,0,25100,Paid
5747,5747,115680,72030,43650,Paid
5748,5748,52510,25380,27130,Paid
5749,5749,191490,96890,94600,Paid
5750,5750,46160,39870,6290,Paid
5751,5751,76980,0,76980,Paid
5752,5752,32690,20420,12270,Pending
5753,5753,122330,75540,46790,Pending
5754,5754,46680,29430,17250,Partially Paid
5755,5755,319280,156480,162800,Paid
5756,5756,221600,132150,89450,Paid
5757,5757,96750,63320,33430,Paid
5758,5758,21040,9830,11210,Partially Paid
5759,5759,121960,84280,37680,Paid
5760,5760,72930,45160,27770,Paid
5761,5761,56520,40040,16480,Paid
5762,5762,157560,141780,15780,Paid
5763,5763,110490,0,110490,Paid
5764,5764,56010,0,56010,Paid
5765,5765,20030,11310,8720,Paid
5766,5766,9200,0,9200,Partially Paid
5767,5767,14960,10280,4680,Paid
5768,5768,6310,3700,2610,Paid
5769,5769,30110,21400,8710,Paid
5770,5770,49320,0,49320,Paid
5771,5771,70790,0,70790,Paid
5772,5772,59140,47880,11260,Paid
5773,5773,27060,16950,10110,Paid
5774,5774,205730,115730,90000,Paid
5775,5775,77110,66530,10580,Paid
5776,5776,49190,0,49190,Paid
5777,5777,95400,0,95400,Paid
5778,5778,22260,0,22260,Pending
5779,5779,207920,177340,30580,Pending
5780,5780,22160,9500,12660,Paid
5781,5781,58130,31120,27010,Pending
5782,5782,20720,11420,9300,Paid
5783,5783,31260,0,31260,Paid
5784,5784,111040,56060,54980,Paid
5785,5785,36060,26590,9470,Paid
5786,5786,79210,0,79210,Paid
5787,5787,65410,48490,16920,Paid
5788,5788,93780,48490,45290,Paid
5789,5789,21820,0,21820,Paid
5790,5790,30250,22410,7840,Paid
5791,5791,55620,0,55620,Paid
5792,5792,63330,49310,14020,Paid
5793,5793,151000,64280,86720,Paid
5794,5794,69360,0,69360,Paid
5795,5795,40460,0,40460,Paid
5796,5796,37410,23630,13780,Paid
5797,5797,22280,12980,9300,Partially Paid
5798,5798,56020,29520,26500,Paid
5799,5799,81270,66740,14530,Paid
5800,5800,23620,0,23620,Paid
5801,5801,229090,124290,104800,Partially Paid
5802,5802,41510,23950,17560,Paid
5803,5803,37700,22400,15300,Pending
5804,5804,23530,18490,5040,Paid
5805,5805,312030,260220,51810,Partially Paid
5806,5806,51550,32760,18790,Paid
5807,5807,19890,9910,9980,Paid
5808,5808,50420,45350,5070,Paid
5809,5809,125970,61620,64350,Partially Paid
5810,5810,45660,32500,13160,Paid
5811,5811,107150,77010,30140,Paid
5812,5812,92910,55550,37360,Paid
5813,5813,150010,72360,77650,Paid
5814,5814,207850,104040,103810,Paid
5815,5815,21790,12970,8820,Paid
5816,5816,131170,86040,45130,Paid
5817,5817,19270,8350,10920,Paid
5818,5818,6850,3340,3510,Paid
5819,5819,75260,50720,24540,Paid
5820,5820,22670,16410,6260,Pending
5821,5821,43350,0,43350,Partially Paid
5822,5822,36030,0,36030,Paid
5823,5823,73650,32770,40880,Paid
5824,5824,125090,52520,72570,Paid
5825,5825,14630,0,14630,Paid
5826,5826,188700,98780,89920,Paid
5827,5827,50170,0,50170,Pending
5828,5828,91010,0,91010,Paid
5829,5829,24630,21410,3220,Paid
5830,5830,22590,0,22590,Paid
5831,5831,31950,0,31950,Paid
5832,5832,20940,12400,8540,Partially Paid
5833,5833,31130,0,31130,Paid
5834,5834,9820,6980,2840,Paid
5835,5835,34030,21310,12720,Pending
5836,5836,62000,49350,12650,Paid
5837,5837,9820,0,9820,Pending
5838,5838,98990,0,98990,Paid
5839,5839,143760,106590,37170,Paid
5840,5840,24880,0,24880,Paid
5841,5841,24280,14860,9420,Paid
5842,5842,47360,28930,18430,Paid
5843,5843,21580,19070,2510,Paid
5844,5844,68390,48660,19730,Paid
5845,5845,61290,47070,14220,Paid
5846,5846,49710,43400,6310,Paid
5847,5847,12620,0,12620,Paid
5848,5848,277360,0,277360,Partially Paid
5849,5849,7840,6340,1500,Partially Paid
5850,5850,56330,49660,6670,Paid
5851,5851,107380,93220,14160,Pending
5852,5852,108910,0,108910,Paid
5853,5853,33590,19120,14470,Partially Paid
5854,5854,50230,24560,25670,Paid
5855,5855,206680,144670,62010,Paid
5856,5856,86710,64940,21770,Paid
5857,5857,124830,0,124830,Paid
5858,5858,68010,55800,12210,Pending
5859,5859,76890,0,76890,Partially Paid
5860,5860,44690,0,44690,Pending
5861,5861,283920,0,283920,Paid
5862,5862,62950,0,62950,Pending
5863,5863,31790,0,31790,Pending
5864,5864,49790,42830,6960,Paid
5865,5865,95060,0,95060,Paid
5866,5866,21830,10360,11470,Paid
5867,5867,28860,0,28860,Paid
5868,5868,57490,35300,22190,Paid
5869,5869,32930,0,32930,Paid
5870,5870,311810,255810,56000,Paid
5871,5871,111920,82040,29880,Paid
5872,5872,37050,24690,12360,Paid
5873,5873,296890,209850,87040,Paid
5874,5874,72680,0,72680,Paid
5875,5875,17760,8250,9510,Paid
5876,5876,19830,12880,6950,Paid
5877,5877,105910,84900,21010,Paid
5878,5878,19550,8190,11360,Paid
5879,5879,33090,18770,14320,Paid
5880,5880,40310,33660,6650,Paid
5881,5881,22160,14300,7860,Paid
5882,5882,19800,12970,6830,Paid
5883,5883,4370,3090,1280,Paid
5884,5884,13490,6750,6740,Paid
5885,5885,31370,18060,13310,Paid
5886,5886,153880,123430,30450,Paid
5887,5887,133800,74920,58880,Paid
5888,5888,88020,57410,30610,Paid
5889,5889,133450,103060,30390,Paid
5890,5890,30920,0,30920,Paid
5891,5891,35830,30200,5630,Paid
5892,5892,36750,15600,21150,Paid
5893,5893,192070,103990,88080,Paid
5894,5894,195790,133350,62440,Paid
5895,5895,97640,48820,48820,Paid
5896,5896,118310,80230,38080,Partially Paid
5897,5897,35200,0,35200,Paid
5898,5898,135880,60870,75010,Paid
5899,5899,26780,17760,9020,Paid
5900,5900,28660,21990,6670,Pending
5901,5901,50540,29310,21230,Paid
5902,5902,16330,7040,9290,Paid
5903,5903,32960,28380,4580,Paid
5904,5904,96160,55340,40820,Paid
5905,5905,16560,10640,5920,Paid
5906,5906,105580,43950,61630,Partially Paid
5907,5907,160600,0,160600,Paid
5908,5908,13290,9550,3740,Paid
5909,5909,85360,54700,30660,Paid
5910,5910,44260,26180,18080,Pending
5911,5911,174570,149450,25120,Paid
5912,5912,157640,106340,51300,Paid
5913,5913,21910,0,21910,Paid
5914,5914,15300,12790,2510,Paid
5915,5915,25400,14620,10780,Pending
5916,5916,29570,17970,11600,Pending
5917,5917,36450,0,36450,Paid
5918,5918,27510,0,27510,Paid
5919,5919,27010,23950,3060,Paid
5920,5920,24330,0,24330,Paid
5921,5921,15840,0,15840,Paid
5922,5922,53530,0,53530,Paid
5923,5923,122170,77740,44430,Paid
5924,5924,27770,0,27770,Paid
5925,5925,51590,29780,21810,Paid
5926,5926,30630,0,30630,Paid
5927,5927,36410,26700,9710,Paid
5928,5928,27430,12580,14850,Paid
5929,5929,29520,0,29520,Pending
5930,5930,9280,6220,3060,Paid
5931,5931,54440,0,54440,Paid
5932,5932,41980,21280,20700,Paid
5933,5933,39500,33450,6050,Paid
5934,5934,33070,26480,6590,Paid
5935,5935,122850,90980,31870,Paid
5936,5936,37830,19570,18260,Partially Paid
5937,5937,59860,53610,6250,Paid
5938,5938,469100,271740,197360,Paid
5939,5939,101820,0,101820,Paid
5940,5940,35330,22750,12580,Paid
5941,5941,51570,39650,11920,Paid
5942,5942,13560,9910,3650,Pending
5943,5943,144090,98960,45130,Paid
5944,5944,17670,0,17670,Paid
5945,5945,18760,7920,10840,Partially Paid
5946,5946,41780,21910,19870,Pending
5947,5947,22790,17060,5730,Paid
5948,5948,50390,24320,26070,Pending
5949,5949,108240,92920,15320,Paid
5950,5950,82400,0,82400,Paid
5951,5951,23340,18510,4830,Paid
5952,5952,31510,0,31510,Paid
5953,5953,46130,34470,11660,Paid
5954,5954,7110,4130,2980,Paid
5955,5955,29930,0,29930,Paid
5956,5956,393080,0,393080,Paid
5957,5957,244830,183860,60970,Paid
5958,5958,5810,0,5810,Partially Paid
5959,5959,153260,0,153260,Paid
5960,5960,51790,46250,5540,Paid
5961,5961,294810,230130,64680,Paid
5962,5962,151560,132600,18960,Paid
5963,5963,78910,0,78910,Paid
5964,5964,97320,54830,42490,Paid
5965,5965,45840,18730,27110,Paid
5966,5966,25340,0,25340,Paid
5967,5967,80060,0,80060,Partially Paid
5968,5968,13130,0,13130,Paid
5969,5969,260420,125460,134960,Paid
5970,5970,67150,42270,24880,Paid
5971,5971,121940,52290,69650,Paid
5972,5972,41070,0,41070,Paid
5973,5973,85320,39410,45910,Paid
5974,5974,83100,53470,29630,Paid
5975,5975,7410,6060,1350,Paid
5976,5976,12610,10710,1900,Paid
5977,5977,19650,12390,7260,Paid
5978,5978,16480,7480,9000,Paid
5979,5979,33920,0,33920,Paid
5980,5980,195380,165970,29410,Paid
5981,5981,58710,44830,13880,Paid
5982,5982,61960,51820,10140,Paid
5983,5983,7150,0,7150,Paid
5984,5984,194670,0,194670,Paid
5985,5985,63980,54980,9000,Paid
5986,5986,109070,0,109070,Paid
5987,5987,107040,84460,22580,Paid
5988,5988,38200,0,38200,Paid
5989,5989,81960,56980,24980,Paid
5990,5990,46610,19150,27460,Paid
5991,5991,28510,15270,13240,Paid
5992,5992,74560,31120,43440,Paid
5993,5993,52470,0,52470,Paid
5994,5994,19160,0,19160,Pending
5995,5995,38280,26720,11560,Paid
5996,5996,32090,24000,8090,Paid
5997,5997,21790,15920,5870,Partially Paid
5998,5998,145060,0,145060,Pending
5999,5999,63840,50250,13590,Paid
6000,6000,29620,12720,16900,Paid
6001,6001,72610,61990,10620,Paid
6002,6002,30280,17200,13080,Pending
6003,6003,56420,0,56420,Paid
6004,6004,33510,29880,3630,Paid
6005,6005,93050,43290,49760,Paid
6006,6006,127860,65820,62040,Paid
6007,6007,39020,0,39020,Paid
6008,6008,44970,0,44970,Paid
6009,6009,26200,15960,10240,Paid
6010,6010,109030,56740,52290,Paid
6011,6011,42080,22310,19770,Paid
6012,6012,103310,86870,16440,Pending
6013,6013,56060,0,56060,Pending
6014,6014,199660,125460,74200,Paid
6015,6015,110800,0,110800,Paid
6016,6016,156430,0,156430,Paid
6017,6017,82780,0,82780,Paid
6018,6018,7820,6970,850,Paid
6019,6019,296230,0,296230,Paid
6020,6020,34610,14030,20580,Paid
6021,6021,54830,42110,12720,Partially Paid
6022,6022,64360,40440,23920,Paid
6023,6023,33000,0,33000,Paid
6024,6024,295610,0,295610,Paid
6025,6025,228690,141170,87520,Paid
6026,6026,20120,8560,11560,Paid
6027,6027,329760,221090,108670,Paid
6028,6028,259320,188900,70420,Paid
6029,6029,65730,58230,7500,Paid
6030,6030,22730,18260,4470,Paid
6031,6031,58530,48710,9820,Paid
6032,6032,38100,16800,21300,Partially Paid
6033,6033,15910,0,15910,Paid
6034,6034,176430,84620,91810,Paid
6035,6035,19340,0,19340,Paid
6036,6036,81170,0,81170,Partially Paid
6037,6037,84030,0,84030,Paid
6038,6038,24270,19590,4680,Paid
6039,6039,148210,102210,46000,Paid
6040,6040,65820,53330,12490,Pending
6041,6041,17730,14100,3630,Partially Paid
6042,6042,66880,44180,22700,Partially Paid
6043,6043,172140,107460,64680,Paid
6044,6044,16730,10490,6240,Pending
6045,6045,33190,0,33190,Paid
6046,6046,25500,18160,7340,Paid
6047,6047,102220,43480,58740,Paid
6048,6048,62130,37600,24530,Paid
6049,6049,10260,7320,2940,Pending
6050,6050,90460,72410,18050,Paid
6051,6051,123510,92890,30620,Partially Paid
6052,6052,16290,8810,7480,Paid
6053,6053,135590,56570,79020,Partially Paid
6054,6054,49560,25110,24450,Paid
6055,6055,35530,0,35530,Paid
6056,6056,33770,0,33770,Paid
6057,6057,103060,90240,12820,Pending
6058,6058,44440,31470,12970,Paid
6059,6059,19940,12550,7390,Partially Paid
6060,6060,78280,0,78280,Pending
6061,6061,6590,5640,950,Partially Paid
6062,6062,345170,209380,135790,Paid
6063,6063,70070,38080,31990,Paid
6064,6064,151710,75630,76080,Paid
6065,6065,80180,38000,42180,Pending
6066,6066,19250,15780,3470,Paid
6067,6067,137740,120550,17190,Pending
6068,6068,33860,27860,6000,Partially Paid
6069,6069,62740,52080,10660,Paid
6070,6070,70570,40360,30210,Paid
6071,6071,21650,0,21650,Paid
6072,6072,48860,35110,13750,Paid
6073,6073,92880,68790,24090,Partially Paid
6074,6074,153730,122090,31640,Paid
6075,6075,108780,85680,23100,Paid
6076,6076,44640,22440,22200,Partially Paid
6077,6077,46780,20510,26270,Paid
6078,6078,133830,84500,49330,Paid
6079,6079,143470,0,143470,Pending
6080,6080,11980,8950,3030,Paid
6081,6081,21610,18670,2940,Paid
6082,6082,152440,106670,45770,Pending
6083,6083,161080,68570,92510,Paid
6084,6084,102750,75530,27220,Paid
6085,6085,20500,15800,4700,Paid
6086,6086,126530,64710,61820,Partially Paid
6087,6087,26340,22910,3430,Paid
6088,6088,22480,0,22480,Paid
6089,6089,90170,0,90170,Pending
6090,6090,368740,149940,218800,Paid
6091,6091,146480,120890,25590,Paid
6092,6092,83060,57070,25990,Paid
6093,6093,24870,0,24870,Paid
6094,6094,121590,0,121590,Partially Paid
6095,6095,43080,26030,17050,Paid
6096,6096,79660,0,79660,Paid
6097,6097,22530,18980,3550,Paid
6098,6098,18010,0,18010,Paid
6099,6099,133300,107160,26140,Paid
6100,6100,37630,0,37630,Paid
6101,6101,226050,142010,84040,Paid
6102,6102,28690,22220,6470,Paid
6103,6103,24810,21530,3280,Paid
6104,6104,65230,45630,19600,Paid
6105,6105,53140,37550,15590,Paid
6106,6106,47100,38260,8840,Paid
6107,6107,16190,0,16190,Paid
6108,6108,31870,19000,12870,Paid
6109,6109,381540,0,381540,Paid
6110,6110,67650,0,67650,Partially Paid
6111,6111,37600,0,37600,Partially Paid
6112,6112,17320,12080,5240,Paid
6113,6113,27370,11330,16040,Paid
6114,6114,37070,0,37070,Paid
6115,6115,20110,11410,8700,Paid
6116,6116,8170,4510,3660,Paid
6117,6117,16880,10720,6160,Paid
6118,6118,48820,39880,8940,Paid
6119,6119,166370,70960,95410,Paid
6120,6120,542420,0,542420,Paid
6121,6121,58380,48630,9750,Paid
6122,6122,44510,23370,21140,Paid
6123,6123,27350,17280,10070,Paid
6124,6124,18480,16120,2360,Paid
6125,6125,124170,103770,20400,Paid
6126,6126,91800,44440,47360,Paid
6127,6127,76970,58370,18600,Partially Paid
6128,6128,10510,7080,3430,Pending
6129,6129,114640,0,114640,Paid
6130,6130,109530,0,109530,Paid
6131,6131,17810,7700,10110,Paid
6132,6132,173280,125420,47860,Paid
6133,6133,84340,0,84340,Paid
6134,6134,114800,100540,14260,Paid
6135,6135,110010,73830,36180,Pending
6136,6136,100870,53200,47670,Pending
6137,6137,35090,27740,7350,Paid
6138,6138,59600,28960,30640,Paid
6139,6139,66200,42730,23470,Paid
6140,6140,163940,98540,65400,Paid
6141,6141,7160,0,7160,Paid
6142,6142,25800,20420,5380,Paid
6143,6143,19080,13050,6030,Paid
6144,6144,56500,46160,10340,Pending
6145,6145,23160,19140,4020,Paid
6146,6146,99930,50160,49770,Paid
6147,6147,45550,0,45550,Paid
6148,6148,49170,26160,23010,Paid
6149,6149,38060,33440,4620,Partially Paid
6150,6150,104750,0,104750,Paid
6151,6151,29310,17590,11720,Paid
6152,6152,50110,33630,16480,Paid
6153,6153,125510,0,125510,Pending
6154,6154,177730,0,177730,Paid
6155,6155,158860,68400,90460,Paid
6156,6156,117090,97990,19100,Paid
6157,6157,46710,31340,15370,Paid
6158,6158,76090,50590,25500,Paid
6159,6159,66030,0,66030,Paid
6160,6160,22720,13540,9180,Paid
6161,6161,70610,39730,30880,Paid
6162,6162,18890,0,18890,Partially Paid
6163,6163,34760,0,34760,Paid
6164,6164,65840,37710,28130,Pending
6165,6165,33200,0,33200,Paid
6166,6166,86020,69230,16790,Paid
6167,6167,42210,23500,18710,Paid
6168,6168,61620,54620,7000,Partially Paid
6169,6169,36950,0,36950,Pending
6170,6170,33830,21330,12500,Pending
6171,6171,153290,90190,63100,Paid
6172,6172,95310,0,95310,Paid
6173,6173,27640,18540,9100,Paid
6174,6174,96550,0,96550,Paid
6175,6175,24710,18840,5870,Pending
6176,6176,156440,65210,91230,Paid
6177,6177,25650,21890,3760,Paid
6178,6178,53950,41000,12950,Paid
6179,6179,9380,8150,1230,Pending
6180,6180,14990,6550,8440,Paid
6181,6181,26870,16940,9930,Pending
6182,6182,37250,19420,17830,Paid
6183,6183,56330,35650,20680,Paid
6184,6184,40520,30790,9730,Paid
6185,6185,33090,0,33090,Paid
6186,6186,125380,0,125380,Paid
6187,6187,19830,11610,8220,Paid
6188,6188,56730,40590,16140,Paid
6189,6189,22710,14010,8700,Paid
6190,6190,37440,25340,12100,Paid
6191,6191,177700,79960,97740,Pending
6192,6192,26560,14860,11700,Paid
6193,6193,44220,0,44220,Paid
6194,6194,36990,18020,18970,Paid
6195,6195,32650,0,32650,Paid
6196,6196,30030,23460,6570,Pending
6197,6197,43470,0,43470,Partially Paid
6198,6198,10220,8590,1630,Paid
6199,6199,56970,26900,30070,Pending
6200,6200,93010,68540,24470,Paid
6201,6201,23840,16750,7090,Pending
6202,6202,35460,0,35460,Partially Paid
6203,6203,490450,245400,245050,Paid
6204,6204,30400,25180,5220,Paid
6205,6205,222970,143480,79490,Paid
6206,6206,9770,6940,2830,Paid
6207,6207,34990,28090,6900,Paid
6208,6208,32240,24350,7890,Paid
6209,6209,25780,20430,5350,Paid
6210,6210,29170,15040,14130,Partially Paid
6211,6211,123280,84050,39230,Paid
6212,6212,77270,0,77270,Paid
6213,6213,13390,11010,2380,Paid
6214,6214,17260,9200,8060,Pending
6215,6215,47420,40980,6440,Paid
6216,6216,133580,103780,29800,Paid
6217,6217,50710,21900,28810,Pending
6218,6218,19110,10560,8550,Paid
6219,6219,35660,0,35660,Pending
6220,6220,37220,0,37220,Paid
6221,6221,36430,14830,21600,Paid
6222,6222,261330,0,261330,Partially Paid
6223,6223,76060,40470,35590,Paid
6224,6224,114130,81030,33100,Paid
6225,6225,24430,17420,7010,Partially Paid
6226,6226,200030,125910,74120,Paid
6227,6227,72320,52800,19520,Paid
6228,6228,14990,11130,3860,Paid
6229,6229,14890,8890,6000,Paid
6230,6230,45920,37340,8580,Paid
6231,6231,69530,33190,36340,Partially Paid
6232,6232,158390,112510,45880,Paid
6233,6233,69560,56210,13350,Paid
6234,6234,21550,10070,11480,Paid
6235,6235,19180,0,19180,Paid
6236,6236,58360,24410,33950,Paid
6237,6237,40620,0,40620,Paid
6238,6238,129340,96950,32390,Paid
6239,6239,36740,32240,4500,Paid
6240,6240,16910,12430,4480,Pending
6241,6241,178180,109840,68340,Paid
6242,6242,36840,32530,4310,Paid
6243,6243,48720,0,48720,Pending
6244,6244,25060,16180,8880,Paid
6245,6245,49860,0,49860,Pending
6246,6246,540900,330670,210230,Paid
6247,6247,5980,0,5980,Partially Paid
6248,6248,41570,36490,5080,Paid
6249,6249,66810,53990,12820,Paid
6250,6250,124580,105660,18920,Partially Paid
6251,6251,50230,27400,22830,Paid
6252,6252,241010,0,241010,Paid
6253,6253,62460,25350,37110,Paid
6254,6254,68300,0,68300,Paid
6255,6255,279730,139500,140230,Pending
6256,6256,19350,0,19350,Paid
6257,6257,50330,32770,17560,Paid
6258,6258,25560,18060,7500,Paid
6259,6259,88480,0,88480,Paid
6260,6260,294470,0,294470,Pending
6261,6261,48310,28480,19830,Paid
6262,6262,22570,0,22570,Paid
6263,6263,19470,12020,7450,Partially Paid
6264,6264,108770,93490,15280,Paid
6265,6265,31700,27160,4540,Paid
6266,6266,28130,21560,6570,Pending
6267,6267,17560,0,17560,Paid
6268,6268,94030,0,94030,Pending
6269,6269,225800,125880,99920,Pending
6270,6270,57000,0,57000,Pending
6271,6271,32350,21480,10870,Paid
6272,6272,69280,42100,27180,Paid
6273,6273,46650,27900,18750,Paid
6274,6274,55230,44670,10560,Paid
6275,6275,41790,18900,22890,Paid
6276,6276,68370,40670,27700,Paid
6277,6277,34170,0,34170,Partially Paid
6278,6278,54920,31620,23300,Paid
6279,6279,510790,209790,301000,Paid
6280,6280,293970,153850,140120,Paid
6281,6281,57630,43990,13640,Pending
6282,6282,262440,106660,155780,Paid
6283,6283,22040,14300,7740,Paid
6284,6284,56960,25020,31940,Paid
6285,6285,58010,32080,25930,Pending
6286,6286,52400,27270,25130,Paid
6287,6287,138330,110810,27520,Paid
6288,6288,85140,0,85140,Pending
6289,6289,14210,6880,7330,Paid
6290,6290,37250,0,37250,Paid
6291,6291,20720,16060,4660,Paid
6292,6292,93650,59860,33790,Paid
6293,6293,182020,90590,91430,Paid
6294,6294,195830,132090,63740,Partially Paid
6295,6295,37920,32000,5920,Paid
6296,6296,18990,12900,6090,Paid
6297,6297,146870,0,146870,Paid
6298,6298,57640,28520,29120,Paid
6299,6299,29590,0,29590,Paid
6300,6300,7790,3420,4370,Paid
6301,6301,18160,10960,7200,Paid
6302,6302,17690,0,17690,Partially Paid
6303,6303,15690,13500,2190,Pending
6304,6304,71990,0,71990,Paid
6305,6305,35310,25320,9990,Paid
6306,6306,202660,153960,48700,Paid
6307,6307,103010,61200,41810,Paid
6308,6308,19840,10790,9050,Paid
6309,6309,47040,28660,18380,Paid
6310,6310,40310,19280,21030,Paid
6311,6311,105210,75700,29510,Paid
6312,6312,33470,0,33470,Paid
6313,6313,83790,0,83790,Paid
6314,6314,46070,34270,11800,Paid
6315,6315,28230,0,28230,Paid
6316,6316,93110,0,93110,Paid
6317,6317,300750,187770,112980,Pending
6318,6318,30510,18130,12380,Paid
6319,6319,84930,74450,10480,Paid
6320,6320,235120,113180,121940,Paid
6321,6321,47780,32430,15350,Pending
6322,6322,178670,115240,63430,Paid
6323,6323,89290,0,89290,Pending
6324,6324,55450,0,55450,Paid
6325,6325,89490,59760,29730,Paid
6326,6326,197330,134670,62660,Pending
6327,6327,69070,0,69070,Paid
6328,6328,166090,128790,37300,Paid
6329,6329,311590,279600,31990,Partially Paid
6330,6330,7840,6220,1620,Paid
6331,6331,21580,15570,6010,Paid
6332,6332,31860,23300,8560,Pending
6333,6333,8440,4490,3950,Partially Paid
6334,6334,307390,212750,94640,Paid
6335,6335,334720,284160,50560,Paid
6336,6336,53860,24930,28930,Paid
6337,6337,36300,17720,18580,Pending
6338,6338,54740,0,54740,Paid
6339,6339,30230,18900,11330,Partially Paid
6340,6340,36860,19470,17390,Partially Paid
6341,6341,507080,0,507080,Paid
6342,6342,26370,0,26370,Paid
6343,6343,37110,16820,20290,Paid
6344,6344,107650,71640,36010,Paid
6345,6345,261560,0,261560,Paid
6346,6346,158500,0,158500,Paid
6347,6347,65510,0,65510,Paid
6348,6348,223810,194420,29390,Paid
6349,6349,23760,14050,9710,Partially Paid
6350,6350,46020,33080,12940,Pending
6351,6351,28300,0,28300,Paid
6352,6352,101690,47120,54570,Paid
6353,6353,53570,25900,27670,Paid
6354,6354,433570,196570,237000,Paid
6355,6355,189860,135940,53920,Paid
6356,6356,133400,91670,41730,Paid
6357,6357,306360,169560,136800,Paid
6358,6358,11650,6120,5530,Paid
6359,6359,103030,0,103030,Paid
6360,6360,46030,27030,19000,Paid
6361,6361,19090,15340,3750,Paid
6362,6362,37970,31540,6430,Paid
6363,6363,58680,0,58680,Paid
6364,6364,115780,0,115780,Pending
6365,6365,12930,8930,4000,Paid
6366,6366,9210,7330,1880,Paid
6367,6367,56380,48190,8190,Paid
6368,6368,27030,20580,6450,Paid
6369,6369,69100,0,69100,Paid
6370,6370,39330,17840,21490,Paid
6371,6371,59260,51570,7690,Pending
6372,6372,130380,78540,51840,Paid
6373,6373,15670,0,15670,Pending
6374,6374,542290,473760,68530,Paid
6375,6375,144910,74420,70490,Paid
6376,6376,80310,45260,35050,Paid
6377,6377,37090,22360,14730,Paid
6378,6378,17410,13100,4310,Pending
6379,6379,133320,62390,70930,Paid
6380,6380,156800,132810,23990,Partially Paid
6381,6381,79860,45780,34080,Paid
6382,6382,70980,47990,22990,Paid
6383,6383,55810,38880,16930,Paid
6384,6384,29580,0,29580,Paid
6385,6385,20400,16020,4380,Paid
6386,6386,23580,10740,12840,Paid
6387,6387,18990,11720,7270,Paid
6388,6388,23820,14070,9750,Paid
6389,6389,15650,10780,4870,Paid
6390,6390,65600,39610,25990,Paid
6391,6391,35600,23560,12040,Paid
6392,6392,22090,14610,7480,Paid
6393,6393,95260,84890,10370,Paid
6394,6394,127530,0,127530,Paid
6395,6395,9560,0,9560,Paid
6396,6396,20650,14320,6330,Partially Paid
6397,6397,30620,17700,12920,Paid
6398,6398,274210,206670,67540,Paid
6399,6399,47250,0,47250,Partially Paid
6400,6400,18440,0,18440,Paid
6401,6401,27980,12260,15720,Paid
6402,6402,32550,19400,13150,Paid
6403,6403,27860,24680,3180,Paid
6404,6404,174040,153460,20580,Paid
6405,6405,92010,0,92010,Paid
6406,6406,11610,5250,6360,Partially Paid
6407,6407,36800,0,36800,Paid
6408,6408,18620,11040,7580,Pending
6409,6409,76080,58370,17710,Paid
6410,6410,11060,7120,3940,Pending
6411,6411,7440,5780,1660,Paid
6412,6412,80280,66400,13880,Paid
6413,6413,34050,24300,9750,Paid
6414,6414,116860,0,116860,Paid
6415,6415,52290,33200,19090,Paid
6416,6416,20150,0,20150,Paid
6417,6417,38440,19070,19370,Paid
6418,6418,32600,15000,17600,Paid
6419,6419,11220,9560,1660,Paid
6420,6420,119480,57590,61890,Paid
6421,6421,35290,0,35290,Paid
6422,6422,63480,35250,28230,Paid
6423,6423,21960,9230,12730,Paid
6424,6424,159740,116190,43550,Paid
6425,6425,24960,0,24960,Partially Paid
6426,6426,56260,35810,20450,Paid
6427,6427,37330,26460,10870,Paid
6428,6428,124710,106800,17910,Paid
6429,6429,88340,0,88340,Paid
6430,6430,65780,51210,14570,Paid
6431,6431,152130,100800,51330,Paid
6432,6432,15260,7650,7610,Partially Paid
6433,6433,116000,87590,28410,Paid
6434,6434,36370,20010,16360,Pending
6435,6435,42250,19900,22350,Paid
6436,6436,453150,306580,146570,Paid
6437,6437,51210,34030,17180,Partially Paid
6438,6438,40710,24170,16540,Pending
6439,6439,103630,0,103630,Paid
6440,6440,41360,0,41360,Paid
6441,6441,153790,0,153790,Paid
6442,6442,11680,10050,1630,Pending
6443,6443,39460,0,39460,Paid
6444,6444,125230,85200,40030,Paid
6445,6445,133810,66660,67150,Pending
6446,6446,32860,21180,11680,Paid
6447,6447,14180,0,14180,Paid
6448,6448,134370,0,134370,Paid
6449,6449,67040,0,67040,Paid
6450,6450,34950,25350,9600,Paid
6451,6451,86130,0,86130,Paid
6452,6452,87150,66950,20200,Paid
6453,6453,83860,56820,27040,Paid
6454,6454,116580,0,116580,Partially Paid
6455,6455,80240,0,80240,Paid
6456,6456,138990,114720,24270,Paid
6457,6457,48880,33870,15010,Paid
6458,6458,124210,82810,41400,Pending
6459,6459,45580,19220,26360,Paid
6460,6460,20710,9840,10870,Paid
6461,6461,35670,20020,15650,Paid
6462,6462,101580,73960,27620,Partially Paid
6463,6463,34190,0,34190,Paid
6464,6464,97630,0,97630,Partially Paid
6465,6465,121400,0,121400,Paid
6466,6466,17340,0,17340,Paid
6467,6467,29330,19960,9370,Paid
6468,6468,26010,0,26010,Paid
6469,6469,51810,25810,26000,Paid
6470,6470,40960,0,40960,Paid
6471,6471,84710,0,84710,Paid
6472,6472,57210,26830,30380,Paid
6473,6473,107200,46300,60900,Paid
6474,6474,24580,10230,14350,Paid
6475,6475,14700,0,14700,Paid
6476,6476,12620,9990,2630,Paid
6477,6477,81760,38690,43070,Paid
6478,6478,48170,20420,27750,Paid
6479,6479,35560,0,35560,Paid
6480,6480,55050,0,55050,Paid
6481,6481,187540,151440,36100,Paid
6482,6482,145100,98420,46680,Paid
6483,6483,6020,0,6020,Paid
6484,6484,212660,146380,66280,Paid
6485,6485,35210,21980,13230,Paid
6486,6486,36050,22800,13250,Paid
6487,6487,73590,42480,31110,Partially Paid
6488,6488,110120,90360,19760,Paid
6489,6489,40780,0,40780,Paid
6490,6490,34820,16660,18160,Paid
6491,6491,107840,77640,30200,Paid
6492,6492,171070,86270,84800,Paid
6493,6493,31910,16150,15760,Paid
6494,6494,99650,0,99650,Paid
6495,6495,54180,38570,15610,Paid
6496,6496,30730,25070,5660,Paid
6497,6497,12880,9230,3650,Partially Paid
6498,6498,52360,40290,12070,Paid
6499,6499,167030,108110,58920,Pending
6500,6500,106940,53680,53260,Paid
6501,6501,49270,19810,29460,Paid
6502,6502,181330,127480,53850,Paid
6503,6503,36600,28360,8240,Paid
6504,6504,131770,87120,44650,Paid
6505,6505,58210,38720,19490,Paid
6506,6506,66920,0,66920,Paid
6507,6507,192620,138590,54030,Paid
6508,6508,32220,17250,14970,Paid
6509,6509,16540,0,16540,Paid
6510,6510,175580,126050,49530,Paid
6511,6511,88190,0,88190,Paid
6512,6512,20670,10700,9970,Partially Paid
6513,6513,44710,0,44710,Paid
6514,6514,50000,0,50000,Paid
6515,6515,16210,10510,5700,Paid
6516,6516,101420,0,101420,Paid
6517,6517,115890,49280,66610,Paid
6518,6518,78660,36610,42050,Paid
6519,6519,91260,57790,33470,Paid
6520,6520,88580,70470,18110,Paid
6521,6521,95030,51100,43930,Paid
6522,6522,95920,69770,26150,Paid
6523,6523,58200,23280,34920,Paid
6524,6524,47540,0,47540,Pending
6525,6525,65310,0,65310,Paid
6526,6526,87310,55820,31490,Paid
6527,6527,62750,27660,35090,Paid
6528,6528,49440,27530,21910,Paid
6529,6529,32500,15280,17220,Paid
6530,6530,30570,14340,16230,Paid
6531,6531,177330,0,177330,Partially Paid
6532,6532,19300,16650,2650,Paid
6533,6533,71630,50520,21110,Pending
6534,6534,66300,0,66300,Paid
6535,6535,82400,0,82400,Paid
6536,6536,26130,11280,14850,Paid
6537,6537,46920,0,46920,Pending
6538,6538,96760,0,96760,Pending
6539,6539,50800,0,50800,Paid
6540,6540,207510,91510,116000,Pending
6541,6541,254020,0,254020,Paid
6542,6542,46320,0,46320,Paid
6543,6543,15020,0,15020,Pending
6544,6544,23610,16560,7050,Partially Paid
6545,6545,43480,19470,24010,Paid
6546,6546,26950,0,26950,Paid
6547,6547,32710,24570,8140,Paid
6548,6548,37670,17460,20210,Pending
6549,6549,30420,26430,3990,Pending
6550,6550,15150,11270,3880,Paid
6551,6551,16480,14760,1720,Pending
6552,6552,129560,52180,77380,Partially Paid
6553,6553,37190,18680,18510,Paid
6554,6554,20880,16870,4010,Pending
6555,6555,60650,33910,26740,Paid
6556,6556,26520,13200,13320,Paid
6557,6557,47070,0,47070,Paid
6558,6558,28440,13260,15180,Paid
6559,6559,174470,0,174470,Paid
6560,6560,12020,6780,5240,Paid
6561,6561,39150,33540,5610,Paid
6562,6562,74740,64550,10190,Paid
6563,6563,82460,47570,34890,Pending
6564,6564,18360,13170,5190,Paid
6565,6565,51270,37570,13700,Paid
6566,6566,76490,53350,23140,Paid
6567,6567,40660,28900,11760,Paid
6568,6568,446220,267260,178960,Paid
6569,6569,63670,57270,6400,Paid
6570,6570,178790,73260,105530,Paid
6571,6571,62360,34530,27830,Partially Paid
6572,6572,13600,0,13600,Paid
6573,6573,41510,29130,12380,Paid
6574,6574,110330,89070,21260,Paid
6575,6575,22470,15530,6940,Paid
6576,6576,26420,11030,15390,Paid
6577,6577,44290,19830,24460,Partially Paid
6578,6578,89420,74450,14970,Paid
6579,6579,21080,9990,11090,Pending
6580,6580,134080,105960,28120,Paid
6581,6581,46350,0,46350,Paid
6582,6582,49920,40100,9820,Paid
6583,6583,26740,21450,5290,Paid
6584,6584,74160,0,74160,Paid
6585,6585,103920,88870,15050,Paid
6586,6586,102860,0,102860,Paid
6587,6587,135640,0,135640,Partially Paid
6588,6588,42100,0,42100,Paid
6589,6589,362310,0,362310,Paid
6590,6590,89930,46620,43310,Partially Paid
6591,6591,97700,45210,52490,Paid
6592,6592,429740,0,429740,Paid
6593,6593,52900,35820,17080,Paid
6594,6594,13570,5750,7820,Paid
6595,6595,14120,10360,3760,Paid
6596,6596,38810,25880,12930,Pending
6597,6597,124710,0,124710,Paid
6598,6598,93590,43750,49840,Pending
6599,6599,83480,0,83480,Partially Paid
6600,6600,35200,17930,17270,Paid
6601,6601,24870,14090,10780,Pending
6602,6602,53280,32660,20620,Pending
6603,6603,137490,63250,74240,Paid
6604,6604,7600,0,7600,Paid
6605,6605,144700,63330,81370,Paid
6606,6606,23100,12690,10410,Paid
6607,6607,36510,16340,20170,Paid
6608,6608,50180,38770,11410,Paid
6609,6609,61470,50080,11390,Paid
6610,6610,58100,0,58100,Pending
6611,6611,8230,3840,4390,Paid
6612,6612,36350,17870,18480,Paid
6613,6613,92730,45990,46740,Pending
6614,6614,140150,94080,46070,Paid
6615,6615,42710,31970,10740,Paid
6616,6616,185820,144000,41820,Pending
6617,6617,175370,137110,38260,Paid
6618,6618,24570,13770,10800,Paid
6619,6619,67820,47170,20650,Paid
6620,6620,41550,35860,5690,Paid
6621,6621,21070,11070,10000,Partially Paid
6622,6622,78300,39850,38450,Pending
6623,6623,28510,20320,8190,Paid
6624,6624,18360,8330,10030,Paid
6625,6625,32040,26810,5230,Paid
6626,6626,113160,57720,55440,Partially Paid
6627,6627,22620,18950,3670,Paid
6628,6628,77450,54200,23250,Pending
6629,6629,49390,21220,28170,Paid
6630,6630,22340,0,22340,Paid
6631,6631,18330,0,18330,Paid
6632,6632,112340,56750,55590,Paid
6633,6633,64310,38190,26120,Paid
6634,6634,75490,53490,22000,Paid
6635,6635,34410,27460,6950,Paid
6636,6636,46640,38870,7770,Paid
6637,6637,14240,0,14240,Paid
6638,6638,31460,13310,18150,Pending
6639,6639,17480,7530,9950,Paid
6640,6640,104090,71830,32260,Pending
6641,6641,167650,0,167650,Paid
6642,6642,17700,7980,9720,Paid
6643,6643,77520,65000,12520,Paid
6644,6644,36810,0,36810,Paid
6645,6645,24930,14400,10530,Paid
6646,6646,24120,12740,11380,Partially Paid
6647,6647,116490,75990,40500,Paid
6648,6648,194530,0,194530,Paid
6649,6649,41290,25740,15550,Paid
6650,6650,27970,0,27970,Paid
6651,6651,142360,73190,69170,Paid
6652,6652,86020,52800,33220,Paid
6653,6653,45040,21070,23970,Paid
6654,6654,47940,0,47940,Paid
6655,6655,146720,104530,42190,Paid
6656,6656,36390,32570,3820,Paid
6657,6657,120860,106810,14050,Paid
6658,6658,33410,0,33410,Paid
6659,6659,54580,28830,25750,Paid
6660,6660,74140,46090,28050,Paid
6661,6661,237840,212340,25500,Paid
6662,6662,24690,0,24690,Pending
6663,6663,52100,46260,5840,Partially Paid
6664,6664,262850,0,262850,Paid
6665,6665,19540,16060,3480,Paid
6666,6666,18820,14890,3930,Pending
6667,6667,29360,22200,7160,Paid
6668,6668,58150,42190,15960,Paid
6669,6669,48220,38140,10080,Partially Paid
6670,6670,28420,18170,10250,Paid
6671,6671,69480,32290,37190,Pending
6672,6672,94310,71250,23060,Paid
6673,6673,31400,24500,6900,Paid
6674,6674,135350,101370,33980,Paid
6675,6675,34460,21230,13230,Paid
6676,6676,137100,0,137100,Partially Paid
6677,6677,42070,22130,19940,Paid
6678,6678,36090,16390,19700,Paid
6679,6679,118910,89270,29640,Paid
6680,6680,9630,7500,2130,Paid
6681,6681,115500,74910,40590,Paid
6682,6682,190330,90210,100120,Paid
6683,6683,55760,47160,8600,Paid
6684,6684,50800,23990,26810,Paid
6685,6685,393600,305730,87870,Pending
6686,6686,82410,54230,28180,Paid
6687,6687,14300,6670,7630,Paid
6688,6688,37810,32870,4940,Partially Paid
6689,6689,25970,0,25970,Paid
6690,6690,59510,42400,17110,Paid
6691,6691,119940,0,119940,Paid
6692,6692,241960,0,241960,Paid
6693,6693,95090,57870,37220,Paid
6694,6694,26460,13240,13220,Paid
6695,6695,228710,0,228710,Paid
6696,6696,153180,116910,36270,Paid
6697,6697,20950,0,20950,Paid
6698,6698,109960,0,109960,Pending
6699,6699,38430,33820,4610,Paid
6700,6700,275170,190610,84560,Paid
6701,6701,15610,12420,3190,Partially Paid
6702,6702,124390,111290,13100,Paid
6703,6703,248500,161370,87130,Paid
6704,6704,60440,25560,34880,Paid
6705,6705,35200,19760,15440,Paid
6706,6706,41770,23840,17930,Paid
6707,6707,219350,0,219350,Paid
6708,6708,59580,42730,16850,Paid
6709,6709,29720,0,29720,Paid
6710,6710,49850,35410,14440,Paid
6711,6711,107200,66410,40790,Paid
6712,6712,34670,0,34670,Paid
6713,6713,45560,0,45560,Paid
6714,6714,29760,15610,14150,Paid
6715,6715,61020,48590,12430,Paid
6716,6716,45570,39630,5940,Paid
6717,6717,19600,8830,10770,Paid
6718,6718,84010,0,84010,Paid
6719,6719,32760,15620,17140,Pending
6720,6720,94990,84400,10590,Paid
6721,6721,20650,8540,12110,Paid
6722,6722,86290,42250,44040,Paid
6723,6723,50110,21730,28380,Partially Paid
6724,6724,45670,0,45670,Paid
6725,6725,26010,22250,3760,Paid
6726,6726,49980,43560,6420,Pending
6727,6727,221850,181600,40250,Paid
6728,6728,120180,73880,46300,Pending
6729,6729,26980,13170,13810,Paid
6730,6730,53880,27640,26240,Paid
6731,6731,6540,4100,2440,Paid
6732,6732,31220,23650,7570,Partially Paid
6733,6733,19930,0,19930,Paid
6734,6734,16190,9960,6230,Paid
6735,6735,115670,59840,55830,Paid
6736,6736,119890,65130,54760,Paid
6737,6737,67940,0,67940,Partially Paid
6738,6738,81190,69710,11480,Partially Paid
6739,6739,206460,178550,27910,Paid
6740,6740,29420,22370,7050,Paid
6741,6741,121590,67120,54470,Paid
6742,6742,30440,21750,8690,Paid
6743,6743,30840,19410,11430,Paid
6744,6744,72920,0,72920,Pending
6745,6745,23400,0,23400,Paid
6746,6746,8420,6030,2390,Paid
6747,6747,612270,0,612270,Paid
6748,6748,250760,194340,56420,Paid
6749,6749,55850,0,55850,Paid
6750,6750,118750,0,118750,Paid
6751,6751,77720,34570,43150,Paid
6752,6752,36590,31390,5200,Paid
6753,6753,96590,72060,24530,Paid
6754,6754,10290,6480,3810,Pending
6755,6755,24210,9980,14230,Paid
6756,6756,41360,19830,21530,Partially Paid
6757,6757,51700,39030,12670,Pending
6758,6758,65310,0,65310,Paid
6759,6759,36620,15840,20780,Paid
6760,6760,342740,242260,100480,Paid
6761,6761,58630,40140,18490,Paid
6762,6762,342600,263420,79180,Paid
6763,6763,59530,0,59530,Pending
6764,6764,120470,107420,13050,Paid
6765,6765,100050,88410,11640,Paid
6766,6766,42230,30130,12100,Paid
6767,6767,28950,22080,6870,Paid
6768,6768,46260,22090,24170,Paid
6769,6769,25110,20310,4800,Paid
6770,6770,39390,27820,11570,Paid
6771,6771,14700,10210,4490,Paid
6772,6772,36980,16070,20910,Paid
6773,6773,8600,0,8600,Paid
6774,6774,139800,70400,69400,Paid
6775,6775,66030,33460,32570,Paid
6776,6776,100610,67130,33480,Paid
6777,6777,25230,20130,5100,Paid
6778,6778,19300,11460,7840,Paid
6779,6779,135850,94180,41670,Paid
6780,6780,113190,62470,50720,Partially Paid
6781,6781,122700,87000,35700,Paid
6782,6782,42780,22170,20610,Paid
6783,6783,55310,47790,7520,Paid
6784,6784,34970,0,34970,Paid
6785,6785,66560,0,66560,Paid
6786,6786,31990,19130,12860,Paid
6787,6787,313370,269230,44140,Paid
6788,6788,73530,0,73530,Pending
6789,6789,143080,100390,42690,Paid
6790,6790,57000,0,57000,Paid
6791,6791,18080,15900,2180,Paid
6792,6792,111770,45120,66650,Paid
6793,6793,140530,114240,26290,Paid
6794,6794,124590,50440,74150,Paid
6795,6795,9930,7950,1980,Partially Paid
6796,6796,50220,21220,29000,Paid
6797,6797,12700,0,12700,Paid
6798,6798,66270,0,66270,Pending
6799,6799,64800,41370,23430,Paid
6800,6800,41640,24410,17230,Paid
6801,6801,66170,50330,15840,Partially Paid
6802,6802,37950,33320,4630,Partially Paid
6803,6803,38100,0,38100,Paid
6804,6804,39710,17220,22490,Paid
6805,6805,88900,0,88900,Paid
6806,6806,305160,172840,132320,Paid
6807,6807,111080,86880,24200,Paid
6808,6808,35330,0,35330,Pending
6809,6809,38060,0,38060,Paid
6810,6810,55910,30480,25430,Paid
6811,6811,109660,0,109660,Paid
6812,6812,34450,19850,14600,Paid
6813,6813,18560,0,18560,Paid
6814,6814,185320,116650,68670,Pending
6815,6815,299890,122680,177210,Paid
6816,6816,218560,87660,130900,Paid
6817,6817,52560,43430,9130,Paid
6818,6818,12040,8620,3420,Paid
6819,6819,24740,0,24740,Paid
6820,6820,444490,225980,218510,Partially Paid
6821,6821,10270,8150,2120,Pending
6822,6822,24460,21560,2900,Paid
6823,6823,7890,6920,970,Paid
6824,6824,26670,14450,12220,Paid
6825,6825,46620,0,46620,Paid
6826,6826,282480,211590,70890,Paid
6827,6827,37900,25840,12060,Partially Paid
6828,6828,25510,10480,15030,Partially Paid
6829,6829,19530,16540,2990,Paid
6830,6830,36250,0,36250,Paid
6831,6831,36000,14580,21420,Pending
6832,6832,130080,0,130080,Paid
6833,6833,19600,8850,10750,Paid
6834,6834,131690,94320,37370,Paid
6835,6835,40430,34600,5830,Paid
6836,6836,122510,83710,38800,Paid
6837,6837,310670,137010,173660,Paid
6838,6838,54810,49080,5730,Paid
6839,6839,175510,92130,83380,Paid
6840,6840,40230,32860,7370,Paid
6841,6841,51080,31530,19550,Pending
6842,6842,124290,75300,48990,Paid
6843,6843,90880,79530,11350,Paid
6844,6844,65100,0,65100,Paid
6845,6845,20210,0,20210,Pending
6846,6846,39770,16090,23680,Paid
6847,6847,6560,3610,2950,Pending
6848,6848,26950,23590,3360,Paid
6849,6849,70990,41430,29560,Paid
6850,6850,63170,30620,32550,Paid
6851,6851,47630,38850,8780,Paid
6852,6852,60390,34850,25540,Pending
6853,6853,310050,234290,75760,Partially Paid
6854,6854,39710,16360,23350,Paid
6855,6855,73660,0,73660,Paid
6856,6856,481930,419680,62250,Paid
6857,6857,69990,50160,19830,Paid
6858,6858,24160,16650,7510,Paid
6859,6859,32460,22160,10300,Paid
6860,6860,145230,0,145230,Paid
6861,6861,32770,0,32770,Paid
6862,6862,66320,0,66320,Partially Paid
6863,6863,21330,18410,2920,Paid
6864,6864,53880,0,53880,Paid
6865,6865,107180,44820,62360,Paid
6866,6866,26530,0,26530,Paid
6867,6867,72930,0,72930,Pending
6868,6868,208280,157040,51240,Partially Paid
6869,6869,33110,22800,10310,Paid
6870,6870,14460,6270,8190,Paid
6871,6871,5460,0,5460,Paid
6872,6872,220480,166080,54400,Paid
6873,6873,210640,92910,117730,Paid
6874,6874,286660,0,286660,Pending
6875,6875,130460,82380,48080,Paid
6876,6876,306260,0,306260,Paid
6877,6877,15780,11930,3850,Pending
6878,6878,86430,0,86430,Paid
6879,6879,37010,16300,20710,Paid
6880,6880,151280,82690,68590,Paid
6881,6881,12400,8460,3940,Paid
6882,6882,52210,41890,10320,Pending
6883,6883,60230,0,60230,Partially Paid
6884,6884,46940,0,46940,Paid
6885,6885,50520,20380,30140,Paid
6886,6886,49030,39890,9140,Paid
6887,6887,190770,84700,106070,Paid
6888,6888,19830,14240,5590,Paid
6889,6889,19200,0,19200,Paid
6890,6890,30130,25530,4600,Pending
6891,6891,42770,0,42770,Partially Paid
6892,6892,10840,0,10840,Paid
6893,6893,46170,0,46170,Paid
6894,6894,38820,34360,4460,Partially Paid
6895,6895,69070,0,69070,Paid
6896,6896,293660,249810,43850,Paid
6897,6897,13970,8020,5950,Pending
6898,6898,32960,26680,6280,Pending
6899,6899,116490,88760,27730,Partially Paid
6900,6900,46150,35580,10570,Paid
6901,6901,81330,48610,32720,Paid
6902,6902,224500,145580,78920,Paid
6903,6903,114320,0,114320,Pending
6904,6904,71300,38660,32640,Partially Paid
6905,6905,24060,9850,14210,Paid
6906,6906,21140,0,21140,Paid
6907,6907,35460,0,35460,Paid
6908,6908,22870,10890,11980,Paid
6909,6909,151260,92600,58660,Paid
6910,6910,41820,30820,11000,Paid
6911,6911,42150,27660,14490,Pending
6912,6912,35630,15120,20510,Paid
6913,6913,178000,145200,32800,Paid
6914,6914,84350,0,84350,Paid
6915,6915,52220,0,52220,Partially Paid
6916,6916,275100,195080,80020,Paid
6917,6917,145240,91040,54200,Paid
6918,6918,112820,77880,34940,Paid
6919,6919,6400,3510,2890,Paid
6920,6920,40680,35100,5580,Paid
6921,6921,286450,160860,125590,Paid
6922,6922,129770,0,129770,Paid
6923,6923,45850,0,45850,Paid
6924,6924,20480,15170,5310,Paid
6925,6925,407350,336060,71290,Paid
6926,6926,164510,119840,44670,Paid
6927,6927,48220,0,48220,Paid
6928,6928,55190,33160,22030,Paid
6929,6929,243750,210360,33390,Paid
6930,6930,17050,0,17050,Paid
6931,6931,76230,66750,9480,Paid
6932,6932,85000,37250,47750,Paid
6933,6933,132420,0,132420,Pending
6934,6934,17230,8060,9170,Paid
6935,6935,22970,17730,5240,Paid
6936,6936,33390,0,33390,Paid
6937,6937,13040,9960,3080,Paid
6938,6938,67150,0,67150,Paid
6939,6939,48120,27290,20830,Paid
6940,6940,61590,0,61590,Paid
6941,6941,40280,33720,6560,Paid
6942,6942,60150,31440,28710,Paid
6943,6943,68690,0,68690,Paid
6944,6944,45940,19120,26820,Paid
6945,6945,184760,155950,28810,Pending
6946,6946,32830,15350,17480,Paid
6947,6947,69170,57540,11630,Paid
6948,6948,28470,11610,16860,Paid
6949,6949,29060,16820,12240,Paid
6950,6950,57970,0,57970,Paid
6951,6951,22680,17030,5650,Paid
6952,6952,106910,67010,39900,Paid
6953,6953,75750,49070,26680,Paid
6954,6954,123310,0,123310,Paid
6955,6955,91210,41710,49500,Partially Paid
6956,6956,123300,0,123300,Paid
6957,6957,217950,89540,128410,Paid
6958,6958,29040,15960,13080,Paid
6959,6959,100410,79370,21040,Partially Paid
6960,6960,21020,16400,4620,Paid
6961,6961,15550,0,15550,Partially Paid
6962,6962,40520,33890,6630,Paid
6963,6963,121910,0,121910,Partially Paid
6964,6964,78950,55720,23230,Pending
6965,6965,65530,0,65530,Paid
6966,6966,41750,29940,11810,Paid
6967,6967,121440,0,121440,Paid
6968,6968,55620,34520,21100,Paid
6969,6969,38380,0,38380,Paid
6970,6970,157530,0,157530,Pending
6971,6971,385600,158300,227300,Paid
6972,6972,63420,51570,11850,Paid
6973,6973,199390,93050,106340,Paid
6974,6974,22080,10230,11850,Paid
6975,6975,24710,20520,4190,Paid
6976,6976,42700,0,42700,Paid
6977,6977,40890,28620,12270,Partially Paid
6978,6978,92680,40090,52590,Paid
6979,6979,33360,15010,18350,Pending
6980,6980,25740,11420,14320,Paid
6981,6981,122410,62340,60070,Paid
6982,6982,34390,17730,16660,Paid
6983,6983,33760,0,33760,Paid
6984,6984,121610,92470,29140,Paid
6985,6985,284160,132840,151320,Paid
6986,6986,18540,0,18540,Paid
6987,6987,51170,42870,8300,Paid
6988,6988,21100,8630,12470,Paid
6989,6989,21290,16810,4480,Paid
6990,6990,36100,32120,3980,Paid
6991,6991,52090,0,52090,Paid
6992,6992,18750,14540,4210,Paid
6993,6993,56020,0,56020,Paid
6994,6994,77560,47200,30360,Paid
6995,6995,208260,126070,82190,Paid
6996,6996,55340,35190,20150,Paid
6997,6997,13360,8300,5060,Paid
6998,6998,22170,0,22170,Paid
6999,6999,48230,0,48230,Paid
7000,7000,157100,0,157100,Paid
7001,7001,21580,16620,4960,Partially Paid
7002,7002,307530,150170,157360,Paid
7003,7003,42570,0,42570,Paid
7004,7004,59510,0,59510,Partially Paid
7005,7005,58350,50200,8150,Pending
7006,7006,26500,0,26500,Paid
7007,7007,7460,3250,4210,Paid
7008,7008,47890,30160,17730,Partially Paid
7009,7009,89690,66770,22920,Paid
7010,7010,18140,11860,6280,Paid
7011,7011,62540,33490,29050,Paid
7012,7012,16900,7170,9730,Partially Paid
7013,7013,30330,23360,6970,Paid
7014,7014,31190,22260,8930,Paid
7015,7015,130260,66730,63530,Paid
7016,7016,37000,23440,13560,Pending
7017,7017,82770,33560,49210,Paid
7018,7018,49290,40980,8310,Paid
7019,7019,159330,135850,23480,Paid
7020,7020,35630,0,35630,Paid
7021,7021,34050,16870,17180,Paid
7022,7022,52370,43170,9200,Paid
7023,7023,45430,19190,26240,Paid
7024,7024,6810,4990,1820,Paid
7025,7025,6410,4510,1900,Paid
7026,7026,22420,16240,6180,Paid
7027,7027,116090,102290,13800,Paid
7028,7028,73790,62920,10870,Paid
7029,7029,49070,40590,8480,Paid
7030,7030,56620,45180,11440,Paid
7031,7031,17120,0,17120,Paid
7032,7032,310880,0,310880,Paid
7033,7033,78210,69090,9120,Paid
7034,7034,270840,220210,50630,Paid
7035,7035,26860,13090,13770,Partially Paid
7036,7036,27410,18690,8720,Paid
7037,7037,76450,33190,43260,Paid
7038,7038,69140,52220,16920,Paid
7039,7039,171370,122360,49010,Partially Paid
7040,7040,46130,19330,26800,Partially Paid
7041,7041,14860,10440,4420,Paid
7042,7042,23390,15380,8010,Paid
7043,7043,19020,0,19020,Paid
7044,7044,43190,29980,13210,Partially Paid
7045,7045,58930,0,58930,Paid
7046,7046,49150,0,49150,Paid
7047,7047,76230,0,76230,Paid
7048,7048,42050,25940,16110,Paid
7049,7049,23180,0,23180,Paid
7050,7050,22930,13480,9450,Paid
7051,7051,80880,52650,28230,Paid
7052,7052,71080,60400,10680,Paid
7053,7053,195350,0,195350,Paid
7054,7054,424130,203090,221040,Pending
7055,7055,23390,16530,6860,Paid
7056,7056,12700,6210,6490,Paid
7057,7057,116780,54320,62460,Paid
7058,7058,26970,18830,8140,Paid
7059,7059,20390,15810,4580,Partially Paid
7060,7060,143330,0,143330,Paid
7061,7061,36440,19890,16550,Pending
7062,7062,24620,15070,9550,Paid
7063,7063,49950,0,49950,Paid
7064,7064,37820,23960,13860,Paid
7065,7065,14910,11060,3850,Paid
7066,7066,16540,14070,2470,Paid
7067,7067,216610,192560,24050,Partially Paid
7068,7068,41580,27440,14140,Partially Paid
7069,7069,12690,8020,4670,Paid
7070,7070,88350,75810,12540,Paid
7071,7071,206300,115730,90570,Paid
7072,7072,51320,0,51320,Paid
7073,7073,31660,0,31660,Paid
7074,7074,351080,196660,154420,Paid
7075,7075,99970,56620,43350,Paid
7076,7076,14370,0,14370,Paid
7077,7077,112960,96570,16390,Paid
7078,7078,75700,0,75700,Pending
7079,7079,41020,0,41020,Partially Paid
7080,7080,156200,124170,32030,Partially Paid
7081,7081,39980,23090,16890,Paid
7082,7082,69080,43840,25240,Pending
7083,7083,163370,106170,57200,Paid
7084,7084,82720,41010,41710,Paid
7085,7085,46700,32560,14140,Paid
7086,7086,30990,24610,6380,Paid
7087,7087,61530,0,61530,Paid
7088,7088,37970,26260,11710,Paid
7089,7089,30180,23110,7070,Partially Paid
7090,7090,35680,28330,7350,Paid
7091,7091,96130,0,96130,Pending
7092,7092,8720,7480,1240,Paid
7093,7093,26220,13240,12980,Paid
7094,7094,19730,7910,11820,Paid
7095,7095,80310,61560,18750,Paid
7096,7096,51350,0,51350,Paid
7097,7097,31480,20360,11120,Paid
7098,7098,10420,5820,4600,Paid
7099,7099,20680,14680,6000,Paid
7100,7100,125440,0,125440,Paid
7101,7101,22120,0,22120,Paid
7102,7102,15580,11850,3730,Paid
7103,7103,86420,54410,32010,Paid
7104,7104,47570,0,47570,Paid
7105,7105,35030,24470,10560,Pending
7106,7106,35200,0,35200,Paid
7107,7107,148240,102150,46090,Paid
7108,7108,46090,23560,22530,Paid
7109,7109,82890,62120,20770,Paid
7110,7110,45920,28600,17320,Paid
7111,7111,47800,29900,17900,Paid
7112,7112,39780,33040,6740,Paid
7113,7113,34050,21570,12480,Pending
7114,7114,135200,58070,77130,Pending
7115,7115,23430,17160,6270,Paid
7116,7116,37110,29570,7540,Pending
7117,7117,12330,9220,3110,Paid
7118,7118,89660,0,89660,Paid
7119,7119,55850,38920,16930,Partially Paid
7120,7120,78140,62650,15490,Paid
7121,7121,294330,0,294330,Paid
7122,7122,40250,22960,17290,Paid
7123,7123,282970,245220,37750,Partially Paid
7124,7124,54380,35010,19370,Paid
7125,7125,17590,12870,4720,Paid
7126,7126,53920,26260,27660,Paid
7127,7127,41980,0,41980,Paid
7128,7128,165580,75060,90520,Paid
7129,7129,39100,0,39100,Paid
7130,7130,48340,30490,17850,Paid
7131,7131,125540,86820,38720,Paid
7132,7132,30700,0,30700,Pending
7133,7133,105140,66970,38170,Paid
7134,7134,130290,96960,33330,Paid
7135,7135,405990,257790,148200,Paid
7136,7136,44020,24780,19240,Paid
7137,7137,46310,19050,27260,Paid
7138,7138,15030,8240,6790,Paid
7139,7139,115580,0,115580,Paid
7140,7140,33070,27420,5650,Paid
7141,7141,14930,0,14930,Paid
7142,7142,38700,33810,4890,Paid
7143,7143,96140,39030,57110,Paid
7144,7144,17500,13900,3600,Paid
7145,7145,121010,0,121010,Paid
7146,7146,22910,18570,4340,Pending
7147,7147,23230,0,23230,Paid
7148,7148,127670,66130,61540,Paid
7149,7149,230780,0,230780,Paid
7150,7150,34720,0,34720,Paid
7151,7151,31750,25350,6400,Partially Paid
7152,7152,106750,72830,33920,Paid
7153,7153,35040,27370,7670,Paid
7154,7154,33470,19360,14110,Partially Paid
7155,7155,25820,0,25820,Paid
7156,7156,32240,20740,11500,Paid
7157,7157,109940,91580,18360,Paid
7158,7158,97140,0,97140,Paid
7159,7159,63070,41660,21410,Partially Paid
7160,7160,38810,0,38810,Paid
7161,7161,56970,37950,19020,Paid
7162,7162,30970,18310,12660,Pending
7163,7163,80150,50640,29510,Partially Paid
7164,7164,45010,23790,21220,Paid
7165,7165,29740,22490,7250,Paid
7166,7166,7850,0,7850,Pending
7167,7167,60190,38850,21340,Paid
7168,7168,23190,19920,3270,Paid
7169,7169,32520,0,32520,Paid
7170,7170,23220,14930,8290,Pending
7171,7171,52370,36530,15840,Paid
7172,7172,12760,9920,2840,Paid
7173,7173,59910,0,59910,Paid
7174,7174,30530,14980,15550,Partially Paid
7175,7175,53120,28380,24740,Partially Paid
7176,7176,14740,10420,4320,Paid
7177,7177,172790,0,172790,Paid
7178,7178,22760,0,22760,Paid
7179,7179,214100,103050,111050,Paid
7180,7180,40820,20840,19980,Paid
7181,7181,41020,33730,7290,Paid
7182,7182,334890,0,334890,Paid
7183,7183,179950,0,179950,Paid
7184,7184,23130,0,23130,Paid
7185,7185,106010,73860,32150,Partially Paid
7186,7186,32390,16210,16180,Paid
7187,7187,16780,7810,8970,Paid
7188,7188,35350,27380,7970,Paid
7189,7189,52690,0,52690,Paid
7190,7190,89090,69230,19860,Paid
7191,7191,57930,38400,19530,Pending
7192,7192,112040,98110,13930,Paid
7193,7193,28450,23640,4810,Paid
7194,7194,20760,9400,11360,Paid
7195,7195,15760,8830,6930,Paid
7196,7196,351900,0,351900,Paid
7197,7197,29750,20810,8940,Paid
7198,7198,267540,0,267540,Paid
7199,7199,81710,49580,32130,Paid
7200,7200,13030,5840,7190,Partially Paid
7201,7201,6330,4390,1940,Paid
7202,7202,18480,8140,10340,Paid
7203,7203,20750,10360,10390,Pending
7204,7204,159400,131670,27730,Pending
7205,7205,20900,0,20900,Paid
7206,7206,252920,0,252920,Paid
7207,7207,16840,0,16840,Paid
7208,7208,66120,50900,15220,Paid
7209,7209,16560,8030,8530,Pending
7210,7210,46770,0,46770,Paid
7211,7211,164960,0,164960,Paid
7212,7212,147630,0,147630,Paid
7213,7213,326590,195480,131110,Paid
7214,7214,115040,0,115040,Paid
7215,7215,99610,55820,43790,Paid
7216,7216,29370,20370,9000,Paid
7217,7217,79940,45470,34470,Paid
7218,7218,95420,40730,54690,Partially Paid
7219,7219,19300,10690,8610,Partially Paid
7220,7220,8650,6330,2320,Paid
7221,7221,57100,35390,21710,Paid
7222,7222,35000,0,35000,Paid
7223,7223,137740,0,137740,Paid
7224,7224,118800,49130,69670,Paid
7225,7225,46730,22770,23960,Paid
7226,7226,196380,150960,45420,Paid
7227,7227,14130,9510,4620,Paid
7228,7228,31910,19160,12750,Paid
7229,7229,239660,199500,40160,Paid
7230,7230,184460,0,184460,Paid
7231,7231,41240,0,41240,Paid
7232,7232,75500,0,75500,Paid
7233,7233,167640,121880,45760,Paid
7234,7234,87490,65340,22150,Paid
7235,7235,39720,22930,16790,Paid
7236,7236,52040,0,52040,Pending
7237,7237,79670,58960,20710,Pending
7238,7238,38680,31430,7250,Paid
7239,7239,94440,43430,51010,Partially Paid
7240,7240,54110,48280,5830,Paid
7241,7241,61610,42980,18630,Pending
7242,7242,54740,47170,7570,Pending
7243,7243,56820,0,56820,Paid
7244,7244,28880,20690,8190,Paid
7245,7245,29860,0,29860,Paid
7246,7246,63600,28420,35180,Paid
7247,7247,76180,0,76180,Partially Paid
7248,7248,26070,11570,14500,Paid
7249,7249,479770,422160,57610,Paid
7250,7250,37920,0,37920,Paid
7251,7251,39140,30180,8960,Paid
7252,7252,12920,5210,7710,Paid
7253,7253,285790,131370,154420,Pending
7254,7254,22280,17640,4640,Paid
7255,7255,17380,10110,7270,Paid
7256,7256,34220,28900,5320,Partially Paid
7257,7257,204730,149840,54890,Pending
7258,7258,24250,0,24250,Paid
7259,7259,16590,0,16590,Paid
7260,7260,41100,29640,11460,Paid
7261,7261,80130,0,80130,Partially Paid
7262,7262,173670,94550,79120,Paid
7263,7263,109630,80800,28830,Paid
7264,7264,219890,160760,59130,Paid
7265,7265,25310,10670,14640,Paid
7266,7266,31180,20710,10470,Paid
7267,7267,49080,39470,9610,Partially Paid
7268,7268,21900,17910,3990,Paid
7269,7269,61710,0,61710,Paid
7270,7270,102240,79820,22420,Paid
7271,7271,26330,0,26330,Paid
7272,7272,88400,72950,15450,Partially Paid
7273,7273,65730,42040,23690,Paid
7274,7274,84800,35900,48900,Partially Paid
7275,7275,105390,0,105390,Paid
7276,7276,47370,0,47370,Paid
7277,7277,33200,24180,9020,Paid
7278,7278,50220,21080,29140,Paid
7279,7279,9720,0,9720,Paid
7280,7280,121650,72420,49230,Paid
7281,7281,13150,6230,6920,Paid
7282,7282,32700,19500,13200,Paid
7283,7283,54310,0,54310,Paid
7284,7284,22120,0,22120,Paid
7285,7285,20800,13800,7000,Partially Paid
7286,7286,41200,24120,17080,Partially Paid
7287,7287,31090,26170,4920,Paid
7288,7288,48970,28500,20470,Paid
7289,7289,56430,35820,20610,Paid
7290,7290,114930,81900,33030,Paid
7291,7291,27300,16890,10410,Paid
7292,7292,108180,66910,41270,Paid
7293,7293,40710,0,40710,Partially Paid
7294,7294,28900,24210,4690,Partially Paid
7295,7295,20550,11600,8950,Paid
7296,7296,176770,146420,30350,Paid
7297,7297,118040,86560,31480,Paid
7298,7298,67450,46520,20930,Paid
7299,7299,32470,20140,12330,Paid
7300,7300,21070,18580,2490,Partially Paid
7301,7301,78240,52320,25920,Paid
7302,7302,71930,41280,30650,Paid
7303,7303,64860,55120,9740,Paid
7304,7304,30230,25480,4750,Paid
7305,7305,120530,94510,26020,Paid
7306,7306,31500,21070,10430,Paid
7307,7307,39380,18320,21060,Paid
7308,7308,63990,0,63990,Partially Paid
7309,7309,55540,0,55540,Paid
7310,7310,30630,0,30630,Paid
7311,7311,38510,21010,17500,Partially Paid
7312,7312,36970,18040,18930,Partially Paid
7313,7313,66570,52460,14110,Paid
7314,7314,138220,113820,24400,Paid
7315,7315,15740,12120,3620,Paid
7316,7316,160180,66560,93620,Paid
7317,7317,151070,117520,33550,Paid
7318,7318,30230,23260,6970,Paid
7319,7319,51750,41190,10560,Paid
7320,7320,49400,0,49400,Partially Paid
7321,7321,27710,21950,5760,Paid
7322,7322,116380,62550,53830,Partially Paid
7323,7323,68190,0,68190,Paid
7324,7324,19100,10930,8170,Pending
7325,7325,83520,48870,34650,Pending
7326,7326,73920,37910,36010,Paid
7327,7327,18540,8070,10470,Paid
7328,7328,29360,0,29360,Paid
7329,7329,45600,23450,22150,Paid
7330,7330,75410,65650,9760,Paid
7331,7331,25700,18310,7390,Paid
7332,7332,99710,62360,37350,Paid
7333,7333,47800,40090,7710,Paid
7334,7334,40910,22590,18320,Paid
7335,7335,89130,41010,48120,Paid
7336,7336,21260,11780,9480,Paid
7337,7337,53860,0,53860,Paid
7338,7338,101310,67580,33730,Paid
7339,7339,129020,84400,44620,Partially Paid
7340,7340,23170,10000,13170,Paid
7341,7341,32620,17930,14690,Paid
7342,7342,24400,11970,12430,Paid
7343,7343,37190,15250,21940,Paid
7344,7344,37330,17330,20000,Paid
7345,7345,134120,53990,80130,Paid
7346,7346,7900,0,7900,Pending
7347,7347,57910,36070,21840,Paid
7348,7348,49330,39330,10000,Paid
7349,7349,61140,36770,24370,Paid
7350,7350,36660,15150,21510,Paid
7351,7351,39580,21760,17820,Paid
7352,7352,356500,308410,48090,Paid
7353,7353,15200,10910,4290,Paid
7354,7354,145740,123870,21870,Paid
7355,7355,21590,10970,10620,Paid
7356,7356,248730,0,248730,Paid
7357,7357,48100,40710,7390,Paid
7358,7358,22000,0,22000,Partially Paid
7359,7359,23860,15220,8640,Paid
7360,7360,67930,0,67930,Paid
7361,7361,22570,16500,6070,Paid
7362,7362,49110,34310,14800,Paid
7363,7363,9110,3680,5430,Paid
7364,7364,27210,14570,12640,Paid
7365,7365,102290,68460,33830,Paid
7366,7366,29740,16000,13740,Paid
7367,7367,30630,26810,3820,Paid
7368,7368,21830,8960,12870,Paid
7369,7369,16830,7480,9350,Partially Paid
7370,7370,40240,19150,21090,Paid
7371,7371,99390,64270,35120,Paid
7372,7372,44660,0,44660,Pending
7373,7373,50300,0,50300,Paid
7374,7374,416550,317080,99470,Paid
7375,7375,29070,17720,11350,Pending
7376,7376,38530,27470,11060,Paid
7377,7377,18480,8900,9580,Partially Paid
7378,7378,201560,0,201560,Paid
7379,7379,76700,60250,16450,Paid
7380,7380,63120,34280,28840,Paid
7381,7381,76180,51240,24940,Paid
7382,7382,19320,13770,5550,Partially Paid
7383,7383,128510,56340,72170,Paid
7384,7384,265080,164820,100260,Paid
7385,7385,27080,20730,6350,Paid
7386,7386,39170,24930,14240,Paid
7387,7387,137410,104310,33100,Paid
7388,7388,242660,0,242660,Paid
7389,7389,18400,0,18400,Paid
7390,7390,149350,106280,43070,Paid
7391,7391,16460,0,16460,Paid
7392,7392,28890,21610,7280,Partially Paid
7393,7393,206280,157050,49230,Partially Paid
7394,7394,29070,15320,13750,Paid
7395,7395,8910,0,8910,Paid
7396,7396,39570,23060,16510,Paid
7397,7397,44280,21560,22720,Paid
7398,7398,15080,10570,4510,Paid
7399,7399,197760,90660,107100,Paid
7400,7400,92410,66140,26270,Paid
7401,7401,334420,149160,185260,Pending
7402,7402,127210,85680,41530,Paid
7403,7403,58990,26730,32260,Partially Paid
7404,7404,35160,0,35160,Paid
7405,7405,218240,191430,26810,Paid
7406,7406,15260,12650,2610,Paid
7407,7407,15260,7990,7270,Paid
7408,7408,35240,24840,10400,Partially Paid
7409,7409,17850,11180,6670,Paid
7410,7410,102730,50000,52730,Paid
7411,7411,13440,0,13440,Paid
7412,7412,13330,7620,5710,Paid
7413,7413,35640,24120,11520,Paid
7414,7414,20250,13200,7050,Partially Paid
7415,7415,61990,0,61990,Pending
7416,7416,17930,11030,6900,Paid
7417,7417,26350,16040,10310,Partially Paid
7418,7418,131130,0,131130,Paid
7419,7419,63060,40900,22160,Paid
7420,7420,26590,16620,9970,Paid
7421,7421,24040,0,24040,Paid
7422,7422,25380,0,25380,Paid
7423,7423,39840,24440,15400,Paid
7424,7424,73780,56570,17210,Paid
7425,7425,124820,0,124820,Paid
7426,7426,24500,16000,8500,Paid
7427,7427,35350,30800,4550,Paid
7428,7428,89260,58090,31170,Paid
7429,7429,9840,0,9840,Paid
7430,7430,84400,40250,44150,Partially Paid
7431,7431,25800,17410,8390,Paid
7432,7432,77500,42550,34950,Paid
7433,7433,174470,114580,59890,Paid
7434,7434,40570,20990,19580,Paid
7435,7435,35790,32020,3770,Paid
7436,7436,20760,16950,3810,Paid
7437,7437,40550,21400,19150,Paid
7438,7438,95820,0,95820,Paid
7439,7439,45570,29370,16200,Paid
7440,7440,31420,14620,16800,Partially Paid
7441,7441,87940,58800,29140,Paid
7442,7442,169130,0,169130,Paid
7443,7443,30340,16980,13360,Partially Paid
7444,7444,23740,0,23740,Partially Paid
7445,7445,17920,7390,10530,Paid
7446,7446,39530,18560,20970,Paid
7447,7447,216390,167950,48440,Paid
7448,7448,19990,10140,9850,Paid
7449,7449,25040,15010,10030,Paid
7450,7450,82220,34380,47840,Pending
7451,7451,36420,26550,9870,Paid
7452,7452,8240,0,8240,Paid
7453,7453,37190,23050,14140,Paid
7454,7454,47650,0,47650,Paid
7455,7455,39640,24740,14900,Partially Paid
7456,7456,26810,12650,14160,Paid
7457,7457,35450,27020,8430,Pending
7458,7458,16500,0,16500,Paid
7459,7459,38470,34090,4380,Paid
7460,7460,32340,14820,17520,Paid
7461,7461,517350,259120,258230,Paid
7462,7462,115190,86550,28640,Paid
7463,7463,110200,57710,52490,Partially Paid
7464,7464,47830,38300,9530,Paid
7465,7465,35460,25170,10290,Paid
7466,7466,392470,236780,155690,Paid
7467,7467,92690,61850,30840,Paid
7468,7468,43620,0,43620,Paid
7469,7469,28970,0,28970,Paid
7470,7470,121390,74340,47050,Partially Paid
7471,7471,27390,11650,15740,Paid
7472,7472,24480,17220,7260,Paid
7473,7473,21700,8930,12770,Paid
7474,7474,7970,4620,3350,Paid
7475,7475,210650,0,210650,Paid
7476,7476,31200,13240,17960,Paid
7477,7477,105370,0,105370,Paid
7478,7478,129670,0,129670,Paid
7479,7479,71660,39510,32150,Paid
7480,7480,36680,0,36680,Paid
7481,7481,53490,0,53490,Paid
7482,7482,18750,13220,5530,Partially Paid
7483,7483,6870,2840,4030,Paid
7484,7484,34990,24260,10730,Paid
7485,7485,107030,61010,46020,Paid
7486,7486,190940,0,190940,Paid
7487,7487,46490,35680,10810,Paid
7488,7488,154520,103100,51420,Paid
7489,7489,136050,72080,63970,Paid
7490,7490,219550,123380,96170,Paid
7491,7491,9840,4290,5550,Paid
7492,7492,59260,0,59260,Paid
7493,7493,71610,56500,15110,Paid
7494,7494,24660,11650,13010,Paid
7495,7495,18980,15680,3300,Paid
7496,7496,30900,25010,5890,Paid
7497,7497,24950,14680,10270,Partially Paid
7498,7498,54850,34230,20620,Paid
7499,7499,35920,15960,19960,Paid
7500,7500,64710,0,64710,Paid
7501,7501,56040,40600,15440,Paid
7502,7502,101270,82710,18560,Pending
7503,7503,29330,0,29330,Paid
7504,7504,46220,29480,16740,Paid
7505,7505,52650,0,52650,Paid
7506,7506,23180,0,23180,Paid
7507,7507,55760,37300,18460,Paid
7508,7508,75860,62090,13770,Paid
7509,7509,92610,46310,46300,Paid
7510,7510,54390,0,54390,Paid
7511,7511,54440,33640,20800,Paid
7512,7512,12580,9030,3550,Paid
7513,7513,35200,18500,16700,Paid
7514,7514,116480,0,116480,Paid
7515,7515,82390,36980,45410,Paid
7516,7516,159880,124260,35620,Partially Paid
7517,7517,124900,63220,61680,Partially Paid
7518,7518,20140,0,20140,Paid
7519,7519,35070,27160,7910,Pending
7520,7520,10740,0,10740,Paid
7521,7521,47580,29820,17760,Pending
7522,7522,17750,0,17750,Pending
7523,7523,25450,20950,4500,Paid
7524,7524,26010,16900,9110,Paid
7525,7525,483650,218800,264850,Paid
7526,7526,27650,16800,10850,Paid
7527,7527,45040,34720,10320,Paid
7528,7528,24110,0,24110,Paid
7529,7529,37020,25350,11670,Paid
7530,7530,67800,44170,23630,Paid
7531,7531,39140,0,39140,Paid
7532,7532,37120,26000,11120,Paid
7533,7533,101400,59970,41430,Paid
7534,7534,47080,30630,16450,Pending
7535,7535,21110,0,21110,Paid
7536,7536,45950,20640,25310,Paid
7537,7537,267930,175230,92700,Paid
7538,7538,55240,34640,20600,Paid
7539,7539,85150,43870,41280,Partially Paid
7540,7540,15730,7550,8180,Paid
7541,7541,19140,11970,7170,Paid
7542,7542,30260,12980,17280,Paid
7543,7543,449590,196230,253360,Paid
7544,7544,79140,42840,36300,Paid
7545,7545,21560,10990,10570,Paid
7546,7546,28260,15560,12700,Pending
7547,7547,10700,7840,2860,Paid
7548,7548,150980,0,150980,Paid
7549,7549,58410,0,58410,Paid
7550,7550,152770,87260,65510,Partially Paid
7551,7551,13430,0,13430,Paid
7552,7552,7800,5670,2130,Paid
7553,7553,32120,0,32120,Paid
7554,7554,66470,29540,36930,Partially Paid
7555,7555,19670,0,19670,Paid
7556,7556,15360,9510,5850,Paid
7557,7557,13880,12030,1850,Paid
7558,7558,57080,25010,32070,Paid
7559,7559,31610,0,31610,Paid
7560,7560,101880,0,101880,Paid
7561,7561,32770,0,32770,Paid
7562,7562,13490,0,13490,Paid
7563,7563,48910,40760,8150,Paid
7564,7564,54170,33240,20930,Pending
7565,7565,225380,0,225380,Paid
7566,7566,36350,30530,5820,Partially Paid
7567,7567,50090,0,50090,Paid
7568,7568,31250,0,31250,Paid
7569,7569,100960,84820,16140,Paid
7570,7570,270760,236780,33980,Paid
7571,7571,50940,36500,14440,Paid
7572,7572,25610,13420,12190,Paid
7573,7573,45110,21730,23380,Paid
7574,7574,115280,66910,48370,Partially Paid
7575,7575,93010,0,93010,Paid
7576,7576,67570,29650,37920,Paid
7577,7577,172870,70510,102360,Paid
7578,7578,175020,0,175020,Pending
7579,7579,29400,0,29400,Paid
7580,7580,11610,0,11610,Paid
7581,7581,23090,20690,2400,Paid
7582,7582,42170,28710,13460,Partially Paid
7583,7583,21860,10190,11670,Paid
7584,7584,164890,114470,50420,Partially Paid
7585,7585,34480,16370,18110,Partially Paid
7586,7586,181520,120010,61510,Paid
7587,7587,19700,0,19700,Paid
7588,7588,73960,64840,9120,Paid
7589,7589,43710,24870,18840,Paid
7590,7590,15300,0,15300,Paid
7591,7591,235430,186520,48910,Paid
7592,7592,40060,32650,7410,Pending
7593,7593,105800,87400,18400,Paid
7594,7594,74380,51430,22950,Paid
7595,7595,113930,72810,41120,Paid
7596,7596,102570,51750,50820,Paid
7597,7597,47170,28180,18990,Paid
7598,7598,16510,14740,1770,Paid
7599,7599,78310,59960,18350,Pending
7600,7600,125460,98930,26530,Paid
7601,7601,84830,46620,38210,Paid
7602,7602,38540,21910,16630,Paid
7603,7603,33490,0,33490,Paid
7604,7604,146670,79520,67150,Paid
7605,7605,17260,13600,3660,Paid
7606,7606,13970,7210,6760,Paid
7607,7607,340550,269580,70970,Pending
7608,7608,67870,58660,9210,Paid
7609,7609,44320,18320,26000,Partially Paid
7610,7610,36500,30280,6220,Paid
7611,7611,264710,229780,34930,Paid
7612,7612,30300,14100,16200,Paid
7613,7613,53580,25860,27720,Paid
7614,7614,22370,10030,12340,Paid
7615,7615,9690,4380,5310,Paid
7616,7616,47850,28950,18900,Paid
7617,7617,59130,0,59130,Paid
7618,7618,223980,0,223980,Paid
7619,7619,32350,13660,18690,Pending
7620,7620,37760,0,37760,Paid
7621,7621,31790,22010,9780,Paid
7622,7622,22930,14340,8590,Paid
7623,7623,48160,33750,14410,Partially Paid
7624,7624,96210,51930,44280,Paid
7625,7625,22580,0,22580,Paid
7626,7626,51120,26450,24670,Paid
7627,7627,16540,13390,3150,Pending
7628,7628,73130,44250,28880,Pending
7629,7629,58620,29380,29240,Partially Paid
7630,7630,111790,0,111790,Paid
7631,7631,28420,12420,16000,Paid
7632,7632,36140,28310,7830,Pending
7633,7633,30840,0,30840,Pending
7634,7634,74220,46540,27680,Paid
7635,7635,31730,13660,18070,Paid
7636,7636,168020,86080,81940,Pending
7637,7637,30880,19970,10910,Paid
7638,7638,18580,13220,5360,Paid
7639,7639,212520,127830,84690,Paid
7640,7640,26370,0,26370,Paid
7641,7641,326070,271550,54520,Paid
7642,7642,141130,120020,21110,Paid
7643,7643,32830,0,32830,Paid
7644,7644,30750,13000,17750,Paid
7645,7645,135530,0,135530,Paid
7646,7646,8090,3860,4230,Paid
7647,7647,15630,11330,4300,Pending
7648,7648,547940,412800,135140,Pending
7649,7649,124560,92610,31950,Paid
7650,7650,31470,0,31470,Paid
7651,7651,34030,18000,16030,Paid
7652,7652,72550,33410,39140,Paid
7653,7653,121210,76350,44860,Paid
7654,7654,39920,21770,18150,Paid
7655,7655,25750,21800,3950,Paid
7656,7656,81550,64540,17010,Paid
7657,7657,38720,0,38720,Pending
7658,7658,11520,4670,6850,Paid
7659,7659,48640,40390,8250,Paid
7660,7660,24500,19800,4700,Paid
7661,7661,94750,0,94750,Partially Paid
7662,7662,194260,166100,28160,Paid
7663,7663,25940,20240,5700,Paid
7664,7664,68770,45300,23470,Paid
7665,7665,55510,23180,32330,Paid
7666,7666,34120,18370,15750,Paid
7667,7667,35120,23560,11560,Paid
7668,7668,269040,131690,137350,Paid
7669,7669,15980,0,15980,Pending
7670,7670,119460,69570,49890,Paid
7671,7671,18970,9310,9660,Paid
7672,7672,18040,15490,2550,Paid
7673,7673,17560,10330,7230,Paid
7674,7674,43590,34010,9580,Partially Paid
7675,7675,38050,0,38050,Paid
7676,7676,46600,31590,15010,Paid
7677,7677,29670,23890,5780,Paid
7678,7678,52750,38600,14150,Partially Paid
7679,7679,151260,68960,82300,Paid
7680,7680,27910,22970,4940,Partially Paid
7681,7681,140880,91280,49600,Paid
7682,7682,41100,30100,11000,Paid
7683,7683,24810,19330,5480,Pending
7684,7684,74810,58330,16480,Pending
7685,7685,38230,24370,13860,Partially Paid
7686,7686,50500,0,50500,Paid
7687,7687,257510,221040,36470,Paid
7688,7688,24530,18150,6380,Paid
7689,7689,52410,0,52410,Paid
7690,7690,167090,0,167090,Pending
7691,7691,82920,33350,49570,Paid
7692,7692,66250,41390,24860,Paid
7693,7693,101980,42980,59000,Paid
7694,7694,374980,0,374980,Pending
7695,7695,10290,0,10290,Paid
7696,7696,64120,53910,10210,Paid
7697,7697,27240,0,27240,Paid
7698,7698,83030,0,83030,Paid
7699,7699,31020,0,31020,Pending
7700,7700,31870,14420,17450,Paid
7701,7701,64710,25890,38820,Paid
7702,7702,48010,38170,9840,Paid
7703,7703,38080,28390,9690,Paid
7704,7704,118420,0,118420,Pending
7705,7705,26390,10580,15810,Partially Paid
7706,7706,108660,69680,38980,Paid
7707,7707,34900,28020,6880,Paid
7708,7708,44900,30220,14680,Partially Paid
7709,7709,30840,17050,13790,Paid
7710,7710,83790,61950,21840,Partially Paid
7711,7711,39590,33980,5610,Paid
7712,7712,91080,49120,41960,Paid
7713,7713,65410,33740,31670,Paid
7714,7714,55470,23940,31530,Pending
7715,7715,42100,35830,6270,Partially Paid
7716,7716,9170,4080,5090,Partially Paid
7717,7717,14680,8190,6490,Paid
7718,7718,64450,48340,16110,Paid
7719,7719,48780,40530,8250,Paid
7720,7720,23370,15050,8320,Pending
7721,7721,27310,0,27310,Paid
7722,7722,29580,0,29580,Paid
7723,7723,55690,48080,7610,Paid
7724,7724,19340,15790,3550,Paid
7725,7725,24710,12310,12400,Pending
7726,7726,44750,23740,21010,Paid
7727,7727,28180,13440,14740,Partially Paid
7728,7728,23480,0,23480,Paid
7729,7729,11050,0,11050,Paid
7730,7730,89390,38210,51180,Paid
7731,7731,40100,29630,10470,Paid
7732,7732,93860,73470,20390,Pending
7733,7733,147880,65460,82420,Paid
7734,7734,12700,6000,6700,Paid
7735,7735,114740,77480,37260,Pending
7736,7736,13430,9590,3840,Partially Paid
7737,7737,186900,0,186900,Paid
7738,7738,75330,49910,25420,Paid
7739,7739,73870,32880,40990,Paid
7740,7740,23170,20260,2910,Paid
7741,7741,92660,41710,50950,Paid
7742,7742,46490,37440,9050,Paid
7743,7743,26210,21340,4870,Paid
7744,7744,86320,71860,14460,Paid
7745,7745,23440,0,23440,Paid
7746,7746,47150,33490,13660,Paid
7747,7747,36510,22570,13940,Paid
7748,7748,123410,0,123410,Paid
7749,7749,115260,91210,24050,Paid
7750,7750,129200,91580,37620,Paid
7751,7751,95720,57090,38630,Paid
7752,7752,38700,33970,4730,Partially Paid
7753,7753,102480,49920,52560,Paid
7754,7754,307360,260580,46780,Paid
7755,7755,92560,61760,30800,Pending
7756,7756,19200,12700,6500,Paid
7757,7757,23110,11770,11340,Partially Paid
7758,7758,78400,44100,34300,Partially Paid
7759,7759,151900,91110,60790,Paid
7760,7760,52470,43680,8790,Paid
7761,7761,181610,0,181610,Paid
7762,7762,223020,0,223020,Paid
7763,7763,41250,27720,13530,Paid
7764,7764,31830,13180,18650,Paid
7765,7765,125710,107530,18180,Pending
7766,7766,165740,137140,28600,Paid
7767,7767,39860,31260,8600,Paid
7768,7768,29970,22380,7590,Paid
7769,7769,22650,15220,7430,Paid
7770,7770,108160,66740,41420,Paid
7771,7771,320880,0,320880,Partially Paid
7772,7772,115010,51640,63370,Pending
7773,7773,54690,34900,19790,Pending
7774,7774,38130,30590,7540,Paid
7775,7775,540470,346910,193560,Paid
7776,7776,165920,112260,53660,Paid
7777,7777,105470,56810,48660,Partially Paid
7778,7778,43240,21440,21800,Paid
7779,7779,137030,0,137030,Paid
7780,7780,162430,0,162430,Paid
7781,7781,40780,16630,24150,Paid
7782,7782,34930,27000,7930,Paid
7783,7783,68980,0,68980,Paid
7784,7784,18830,0,18830,Paid
7785,7785,26660,0,26660,Paid
7786,7786,56080,23320,32760,Paid
7787,7787,20380,0,20380,Paid
7788,7788,12920,0,12920,Paid
7789,7789,66430,0,66430,Paid
7790,7790,12110,9060,3050,Paid
7791,7791,25630,14170,11460,Paid
7792,7792,97520,79180,18340,Paid
7793,7793,22850,20450,2400,Paid
7794,7794,14070,6640,7430,Paid
7795,7795,217180,175250,41930,Paid
7796,7796,56960,0,56960,Paid
7797,7797,112780,87890,24890,Paid
7798,7798,82760,59280,23480,Paid
7799,7799,45190,0,45190,Partially Paid
7800,7800,25010,0,25010,Pending
7801,7801,55330,0,55330,Paid
7802,7802,33280,14680,18600,Paid
7803,7803,120590,56350,64240,Partially Paid
7804,7804,11120,5700,5420,Paid
7805,7805,25560,10620,14940,Partially Paid
7806,7806,70650,30710,39940,Pending
7807,7807,131290,0,131290,Pending
7808,7808,56440,40360,16080,Partially Paid
7809,7809,41530,20800,20730,Paid
7810,7810,61980,49770,12210,Paid
7811,7811,649740,429830,219910,Paid
7812,7812,60550,52610,7940,Paid
7813,7813,24850,20210,4640,Paid
7814,7814,174760,119120,55640,Paid
7815,7815,517870,0,517870,Paid
7816,7816,13130,7990,5140,Paid
7817,7817,22920,17160,5760,Paid
7818,7818,12910,6110,6800,Paid
7819,7819,42810,32490,10320,Pending
7820,7820,23200,13270,9930,Paid
7821,7821,49210,0,49210,Paid
7822,7822,79270,55670,23600,Paid
7823,7823,36810,0,36810,Pending
7824,7824,28780,0,28780,Pending
7825,7825,77940,0,77940,Pending
7826,7826,39540,29350,10190,Paid
7827,7827,102450,60220,42230,Paid
7828,7828,37070,19540,17530,Paid
7829,7829,53500,25780,27720,Paid
7830,7830,27060,0,27060,Paid
7831,7831,45050,0,45050,Paid
7832,7832,32250,21150,11100,Paid
7833,7833,37620,23490,14130,Paid
7834,7834,31210,0,31210,Paid
7835,7835,19320,15530,3790,Pending
7836,7836,13270,9960,3310,Paid
7837,7837,23110,0,23110,Paid
7838,7838,42270,34740,7530,Pending
7839,7839,102470,83690,18780,Paid
7840,7840,38290,0,38290,Paid
7841,7841,158790,0,158790,Paid
7842,7842,36190,32170,4020,Paid
7843,7843,33090,25350,7740,Pending
7844,7844,48740,34420,14320,Pending
7845,7845,40830,0,40830,Paid
7846,7846,32450,23540,8910,Paid
7847,7847,27780,21160,6620,Partially Paid
7848,7848,96220,54140,42080,Paid
7849,7849,34250,0,34250,Paid
7850,7850,36460,0,36460,Paid
7851,7851,48040,0,48040,Paid
7852,7852,26420,19070,7350,Paid
7853,7853,50210,23880,26330,Pending
7854,7854,130360,83850,46510,Paid
7855,7855,43150,32190,10960,Pending
7856,7856,26140,16970,9170,Pending
7857,7857,63240,53430,9810,Paid
7858,7858,24120,18080,6040,Paid
7859,7859,21880,18450,3430,Paid
7860,7860,323620,166110,157510,Paid
7861,7861,52420,23490,28930,Paid
7862,7862,34630,21150,13480,Paid
7863,7863,123180,110840,12340,Paid
7864,7864,210540,146440,64100,Paid
7865,7865,147390,0,147390,Paid
7866,7866,47710,36690,11020,Pending
7867,7867,24190,14700,9490,Paid
7868,7868,17680,8330,9350,Paid
7869,7869,58130,0,58130,Paid
7870,7870,18540,0,18540,Paid
7871,7871,68720,0,68720,Partially Paid
7872,7872,28550,12620,15930,Partially Paid
7873,7873,22490,10500,11990,Paid
7874,7874,103810,72590,31220,Pending
7875,7875,15770,13790,1980,Paid
7876,7876,36370,17310,19060,Paid
7877,7877,13430,11260,2170,Paid
7878,7878,24900,16590,8310,Paid
7879,7879,15080,12890,2190,Paid
7880,7880,24440,18860,5580,Paid
7881,7881,23930,0,23930,Paid
7882,7882,11650,5090,6560,Paid
7883,7883,33150,28790,4360,Pending
7884,7884,295700,200240,95460,Paid
7885,7885,65680,0,65680,Paid
7886,7886,17370,12300,5070,Paid
7887,7887,75610,33370,42240,Paid
7888,7888,175840,86120,89720,Partially Paid
7889,7889,43590,27370,16220,Paid
7890,7890,20100,0,20100,Paid
7891,7891,256370,144810,111560,Paid
7892,7892,122570,0,122570,Pending
7893,7893,24770,0,24770,Paid
7894,7894,306010,207780,98230,Paid
7895,7895,50470,37820,12650,Paid
7896,7896,63910,56800,7110,Partially Paid
7897,7897,14090,0,14090,Paid
7898,7898,261560,131400,130160,Pending
7899,7899,55150,0,55150,Paid
7900,7900,33030,29500,3530,Paid
7901,7901,19290,15650,3640,Paid
7902,7902,235610,97760,137850,Pending
7903,7903,275340,162210,113130,Paid
7904,7904,33300,17020,16280,Paid
7905,7905,200900,84580,116320,Paid
7906,7906,78450,63390,15060,Paid
7907,7907,130950,0,130950,Pending
7908,7908,49110,24930,24180,Partially Paid
7909,7909,10960,6550,4410,Paid
7910,7910,118380,91060,27320,Paid
7911,7911,135400,56450,78950,Partially Paid
7912,7912,215920,170920,45000,Paid
7913,7913,170900,144050,26850,Paid
7914,7914,20390,15850,4540,Paid
7915,7915,17910,14510,3400,Pending
7916,7916,105270,67700,37570,Paid
7917,7917,29070,0,29070,Paid
7918,7918,29430,18820,10610,Paid
7919,7919,27910,20360,7550,Pending
7920,7920,106520,59460,47060,Paid
7921,7921,26470,20520,5950,Paid
7922,7922,26910,23590,3320,Pending
7923,7923,445240,0,445240,Paid
7924,7924,50900,39590,11310,Paid
7925,7925,18590,15600,2990,Partially Paid
7926,7926,35960,0,35960,Paid
7927,7927,93700,63070,30630,Paid
7928,7928,29600,0,29600,Pending
7929,7929,52680,30730,21950,Pending
7930,7930,34500,0,34500,Pending
7931,7931,22290,13400,8890,Paid
7932,7932,21930,0,21930,Paid
7933,7933,77490,46610,30880,Paid
7934,7934,27140,16570,10570,Partially Paid
7935,7935,11950,0,11950,Paid
7936,7936,86120,0,86120,Paid
7937,7937,18150,15800,2350,Partially Paid
7938,7938,24810,0,24810,Paid
7939,7939,36180,24830,11350,Paid
7940,7940,46360,21850,24510,Paid
7941,7941,182630,118230,64400,Paid
7942,7942,107340,0,107340,Paid
7943,7943,109980,50250,59730,Paid
7944,7944,28950,11740,17210,Paid
7945,7945,25950,0,25950,Paid
7946,7946,106530,71210,35320,Paid
7947,7947,31620,13770,17850,Paid
7948,7948,19300,11820,7480,Paid
7949,7949,33240,22970,10270,Paid
7950,7950,36020,17120,18900,Pending
7951,7951,63880,37410,26470,Paid
7952,7952,63100,38260,24840,Pending
7953,7953,373970,0,373970,Paid
7954,7954,190900,0,190900,Pending
7955,7955,44700,0,44700,Paid
7956,7956,73440,56810,16630,Partially Paid
7957,7957,15160,6610,8550,Paid
7958,7958,145460,124210,21250,Partially Paid
7959,7959,10580,9440,1140,Pending
7960,7960,46690,21380,25310,Paid
7961,7961,387180,330920,56260,Paid
7962,7962,82890,39800,43090,Paid
7963,7963,15540,12330,3210,Paid
7964,7964,135770,66080,69690,Paid
7965,7965,46040,38000,8040,Pending
7966,7966,74850,53480,21370,Paid
7967,7967,44530,21570,22960,Paid
7968,7968,79880,0,79880,Paid
7969,7969,94230,41370,52860,Partially Paid
7970,7970,29160,0,29160,Paid
7971,7971,33100,0,33100,Partially Paid
7972,7972,54280,23940,30340,Paid
7973,7973,35960,0,35960,Partially Paid
7974,7974,10490,0,10490,Pending
7975,7975,46590,39370,7220,Pending
7976,7976,113430,97190,16240,Paid
7977,7977,36330,27100,9230,Paid
7978,7978,33750,0,33750,Paid
7979,7979,136140,84080,52060,Partially Paid
7980,7980,238080,122410,115670,Pending
7981,7981,33570,17680,15890,Paid
7982,7982,17090,11470,5620,Paid
7983,7983,21160,12010,9150,Paid
7984,7984,360610,319250,41360,Paid
7985,7985,145300,130320,14980,Paid
7986,7986,29630,19860,9770,Paid
7987,7987,131870,75860,56010,Paid
7988,7988,23290,15580,7710,Partially Paid
7989,7989,95210,0,95210,Paid
7990,7990,6520,4630,1890,Partially Paid
7991,7991,41370,30180,11190,Paid
7992,7992,24150,0,24150,Pending
7993,7993,15280,10540,4740,Paid
7994,7994,412180,214750,197430,Partially Paid
7995,7995,54290,0,54290,Paid
7996,7996,40460,33750,6710,Paid
7997,7997,11800,10180,1620,Paid
7998,7998,58880,40110,18770,Pending
7999,7999,21460,18350,3110,Paid
8000,8000,9660,4300,5360,Pending
8001,8001,22380,14420,7960,Paid
8002,8002,122920,68810,54110,Paid
8003,8003,32830,23080,9750,Paid
8004,8004,20360,11910,8450,Paid
8005,8005,40950,24560,16390,Paid
8006,8006,41270,17740,23530,Paid
8007,8007,45200,20470,24730,Paid
8008,8008,29470,0,29470,Pending
8009,8009,57040,44960,12080,Partially Paid
8010,8010,51690,39850,11840,Paid
8011,8011,32190,17300,14890,Partially Paid
8012,8012,23080,19220,3860,Paid
8013,8013,110950,72860,38090,Paid
8014,8014,13340,11240,2100,Paid
8015,8015,119280,54880,64400,Paid
8016,8016,65970,0,65970,Paid
8017,8017,33840,22310,11530,Paid
8018,8018,96630,45050,51580,Paid
8019,8019,129830,90120,39710,Paid
8020,8020,204740,0,204740,Paid
8021,8021,41010,25100,15910,Paid
8022,8022,119410,77560,41850,Paid
8023,8023,20130,0,20130,Paid
8024,8024,375420,315270,60150,Paid
8025,8025,50230,24110,26120,Paid
8026,8026,84500,52550,31950,Partially Paid
8027,8027,61950,0,61950,Paid
8028,8028,64140,43090,21050,Paid
8029,8029,21630,17570,4060,Paid
8030,8030,137350,101480,35870,Paid
8031,8031,66300,53030,13270,Paid
8032,8032,16870,0,16870,Paid
8033,8033,85360,67580,17780,Paid
8034,8034,136640,0,136640,Paid
8035,8035,33040,14210,18830,Paid
8036,8036,47810,23750,24060,Pending
8037,8037,45510,34930,10580,Paid
8038,8038,20520,16290,4230,Paid
8039,8039,38180,24690,13490,Paid
8040,8040,32280,0,32280,Paid
8041,8041,93260,68350,24910,Paid
8042,8042,37080,26150,10930,Paid
8043,8043,50050,39670,10380,Paid
8044,8044,58080,48420,9660,Partially Paid
8045,8045,33070,0,33070,Paid
8046,8046,24160,0,24160,Paid
8047,8047,70510,60930,9580,Pending
8048,8048,81440,36340,45100,Paid
8049,8049,34750,15350,19400,Pending
8050,8050,28760,23220,5540,Paid
8051,8051,71370,44010,27360,Paid
8052,8052,55390,35410,19980,Paid
8053,8053,23810,10440,13370,Pending
8054,8054,110940,60800,50140,Paid
8055,8055,38500,0,38500,Paid
8056,8056,9870,7600,2270,Partially Paid
8057,8057,21000,0,21000,Paid
8058,8058,65360,0,65360,Pending
8059,8059,32960,0,32960,Paid
8060,8060,28570,0,28570,Paid
8061,8061,23530,0,23530,Paid
8062,8062,5400,2820,2580,Paid
8063,8063,97980,0,97980,Paid
8064,8064,93780,49590,44190,Paid
8065,8065,27490,22670,4820,Paid
8066,8066,19100,16270,2830,Paid
8067,8067,62510,37860,24650,Paid
8068,8068,29390,11820,17570,Paid
8069,8069,71430,40840,30590,Paid
8070,8070,26160,18070,8090,Pending
8071,8071,147830,72610,75220,Paid
8072,8072,121790,0,121790,Paid
8073,8073,61710,37550,24160,Paid
8074,8074,6150,3020,3130,Pending
8075,8075,21760,15420,6340,Paid
8076,8076,16760,13880,2880,Paid
8077,8077,22910,16270,6640,Paid
8078,8078,26440,14950,11490,Partially Paid
8079,8079,85090,0,85090,Paid
8080,8080,32710,22370,10340,Partially Paid
8081,8081,16640,14930,1710,Paid
8082,8082,27320,0,27320,Paid
8083,8083,30520,18130,12390,Paid
8084,8084,99060,81650,17410,Paid
8085,8085,41500,23080,18420,Paid
8086,8086,147390,0,147390,Paid
8087,8087,14840,10830,4010,Pending
8088,8088,61630,0,61630,Paid
8089,8089,38640,24380,14260,Paid
8090,8090,10580,0,10580,Paid
8091,8091,22440,0,22440,Paid
8092,8092,23370,16780,6590,Partially Paid
8093,8093,47270,24220,23050,Paid
8094,8094,9060,6890,2170,Paid
8095,8095,45200,39660,5540,Paid
8096,8096,62200,0,62200,Pending
8097,8097,29600,13080,16520,Paid
8098,8098,41820,26030,15790,Partially Paid
8099,8099,24390,18880,5510,Pending
8100,8100,28040,24060,3980,Paid
8101,8101,70630,0,70630,Paid
8102,8102,78220,54310,23910,Partially Paid
8103,8103,63640,50250,13390,Paid
8104,8104,114220,89300,24920,Paid
8105,8105,87200,60460,26740,Paid
8106,8106,324630,280550,44080,Pending
8107,8107,38450,34480,3970,Partially Paid
8108,8108,65800,0,65800,Paid
8109,8109,33360,17560,15800,Paid
8110,8110,193040,0,193040,Paid
8111,8111,29110,17690,11420,Paid
8112,8112,57120,37810,19310,Paid
8113,8113,50160,0,50160,Paid
8114,8114,50110,0,50110,Paid
8115,8115,34840,23500,11340,Paid
8116,8116,211940,110430,101510,Paid
8117,8117,15120,12050,3070,Paid
8118,8118,168750,138290,30460,Paid
8119,8119,142860,74320,68540,Paid
8120,8120,63700,29860,33840,Paid
8121,8121,69190,58770,10420,Paid
8122,8122,24190,21750,2440,Paid
8123,8123,135650,107060,28590,Paid
8124,8124,36680,0,36680,Paid
8125,8125,102930,79730,23200,Pending
8126,8126,36030,0,36030,Paid
8127,8127,8510,0,8510,Paid
8128,8128,61540,0,61540,Pending
8129,8129,155580,128800,26780,Paid
8130,8130,22310,9050,13260,Pending
8131,8131,101210,70240,30970,Paid
8132,8132,25840,0,25840,Paid
8133,8133,33700,25220,8480,Paid
8134,8134,20290,10100,10190,Pending
8135,8135,23120,17630,5490,Paid
8136,8136,126320,0,126320,Partially Paid
8137,8137,61620,37520,24100,Paid
8138,8138,30730,16770,13960,Paid
8139,8139,43600,0,43600,Paid
8140,8140,61590,50090,11500,Paid
8141,8141,6580,3100,3480,Paid
8142,8142,43750,0,43750,Paid
8143,8143,58080,40740,17340,Paid
8144,8144,245920,0,245920,Paid
8145,8145,22400,17600,4800,Pending
8146,8146,167630,69930,97700,Paid
8147,8147,265440,206200,59240,Paid
8148,8148,5830,4260,1570,Pending
8149,8149,81100,35790,45310,Paid
8150,8150,241220,147440,93780,Paid
8151,8151,103560,61260,42300,Paid
8152,8152,377530,0,377530,Paid
8153,8153,21730,14450,7280,Partially Paid
8154,8154,145700,62500,83200,Paid
8155,8155,19020,16240,2780,Paid
8156,8156,33180,15910,17270,Paid
8157,8157,49360,0,49360,Paid
8158,8158,68820,0,68820,Paid
8159,8159,30020,0,30020,Paid
8160,8160,47520,37490,10030,Paid
8161,8161,46440,34280,12160,Paid
8162,8162,66030,33920,32110,Partially Paid
8163,8163,42750,26610,16140,Paid
8164,8164,36970,27070,9900,Paid
8165,8165,54910,0,54910,Paid
8166,8166,85600,74380,11220,Paid
8167,8167,42400,16990,25410,Pending
8168,8168,83640,40720,42920,Paid
8169,8169,43020,24420,18600,Pending
8170,8170,35760,29800,5960,Paid
8171,8171,260200,0,260200,Paid
8172,8172,189550,89560,99990,Paid
8173,8173,423220,0,423220,Paid
8174,8174,38930,26940,11990,Paid
8175,8175,40000,29320,10680,Paid
8176,8176,17860,13490,4370,Paid
8177,8177,35920,0,35920,Paid
8178,8178,44190,0,44190,Paid
8179,8179,268480,0,268480,Paid
8180,8180,39000,32090,6910,Paid
8181,8181,37420,25580,11840,Paid
8182,8182,48050,0,48050,Paid
8183,8183,11710,0,11710,Paid
8184,8184,51960,0,51960,Paid
8185,8185,25090,14320,10770,Paid
8186,8186,12300,8500,3800,Partially Paid
8187,8187,22520,0,22520,Pending
8188,8188,39550,0,39550,Paid
8189,8189,65430,37620,27810,Paid
8190,8190,7020,4910,2110,Paid
8191,8191,100370,0,100370,Paid
8192,8192,34280,0,34280,Paid
8193,8193,36560,26410,10150,Paid
8194,8194,128230,0,128230,Pending
8195,8195,27320,23730,3590,Paid
8196,8196,105440,68220,37220,Paid
8197,8197,107850,64150,43700,Paid
8198,8198,103790,43220,60570,Paid
8199,8199,72360,0,72360,Paid
8200,8200,21340,14430,6910,Paid
8201,8201,21860,12600,9260,Pending
8202,8202,124210,65530,58680,Pending
8203,8203,167920,130070,37850,Paid
8204,8204,68450,48750,19700,Paid
8205,8205,67820,0,67820,Paid
8206,8206,40490,21470,19020,Pending
8207,8207,38620,27680,10940,Pending
8208,8208,68240,50640,17600,Paid
8209,8209,50250,22550,27700,Paid
8210,8210,97200,0,97200,Paid
8211,8211,37780,0,37780,Paid
8212,8212,128550,100330,28220,Paid
8213,8213,48930,42390,6540,Paid
8214,8214,130360,0,130360,Partially Paid
8215,8215,84710,0,84710,Paid
8216,8216,96530,50660,45870,Paid
8217,8217,261810,148940,112870,Paid
8218,8218,65110,0,65110,Paid
8219,8219,222120,0,222120,Paid
8220,8220,22880,15780,7100,Paid
8221,8221,25900,18600,7300,Pending
8222,8222,78300,0,78300,Paid
8223,8223,321340,223310,98030,Partially Paid
8224,8224,238500,140660,97840,Paid
8225,8225,21590,0,21590,Paid
8226,8226,60660,48520,12140,Paid
8227,8227,18830,13030,5800,Paid
8228,8228,42600,0,42600,Partially Paid
8229,8229,328670,246320,82350,Paid
8230,8230,73760,35080,38680,Paid
8231,8231,29520,0,29520,Paid
8232,8232,14670,12210,2460,Paid
8233,8233,18240,0,18240,Partially Paid
8234,8234,41640,0,41640,Paid
8235,8235,41780,27840,13940,Paid
8236,8236,73130,63380,9750,Paid
8237,8237,92480,44070,48410,Paid
8238,8238,66350,39940,26410,Paid
8239,8239,53400,40780,12620,Paid
8240,8240,73040,0,73040,Paid
8241,8241,31590,24510,7080,Paid
8242,8242,325860,0,325860,Paid
8243,8243,123940,67890,56050,Paid
8244,8244,13110,10490,2620,Paid
8245,8245,22680,20170,2510,Pending
8246,8246,42080,27960,14120,Paid
8247,8247,103360,0,103360,Paid
8248,8248,12530,0,12530,Paid
8249,8249,24790,11670,13120,Paid
8250,8250,24580,0,24580,Partially Paid
8251,8251,45890,29110,16780,Partially Paid
8252,8252,58180,41130,17050,Paid
8253,8253,68270,0,68270,Paid
8254,8254,22310,12480,9830,Paid
8255,8255,78470,40760,37710,Paid
8256,8256,205770,0,205770,Paid
8257,8257,44650,27190,17460,Paid
8258,8258,21260,12950,8310,Paid
8259,8259,50980,24330,26650,Paid
8260,8260,331240,192600,138640,Paid
8261,8261,27960,0,27960,Paid
8262,8262,13280,0,13280,Paid
8263,8263,15700,11160,4540,Partially Paid
8264,8264,27050,13760,13290,Paid
8265,8265,70210,0,70210,Paid
8266,8266,131140,109030,22110,Paid
8267,8267,78290,40100,38190,Paid
8268,8268,35270,0,35270,Paid
8269,8269,199080,81800,117280,Paid
8270,8270,17010,0,17010,Paid
8271,8271,400480,314270,86210,Paid
8272,8272,25890,0,25890,Partially Paid
8273,8273,39680,0,39680,Paid
8274,8274,42350,28980,13370,Paid
8275,8275,31810,14220,17590,Paid
8276,8276,585530,0,585530,Paid
8277,8277,16250,12670,3580,Pending
8278,8278,36030,15090,20940,Paid
8279,8279,14780,6250,8530,Pending
8280,8280,50250,0,50250,Paid
8281,8281,10580,7760,2820,Paid
8282,8282,15550,7660,7890,Paid
8283,8283,23600,20710,2890,Paid
8284,8284,34680,28490,6190,Paid
8285,8285,133840,68570,65270,Paid
8286,8286,30370,19620,10750,Pending
8287,8287,80200,37770,42430,Paid
8288,8288,22850,9660,13190,Paid
8289,8289,87190,42820,44370,Paid
8290,8290,103680,66310,37370,Paid
8291,8291,19010,11500,7510,Pending
8292,8292,40120,26100,14020,Paid
8293,8293,44290,34110,10180,Paid
8294,8294,38110,0,38110,Paid
8295,8295,44450,28420,16030,Paid
8296,8296,143120,120380,22740,Paid
8297,8297,25150,18550,6600,Paid
8298,8298,21220,18270,2950,Pending
8299,8299,76280,39120,37160,Paid
8300,8300,88100,75920,12180,Paid
8301,8301,28240,24930,3310,Paid
8302,8302,85070,0,85070,Partially Paid
8303,8303,8540,7120,1420,Paid
8304,8304,36790,25190,11600,Paid
8305,8305,49890,25620,24270,Paid
8306,8306,138880,0,138880,Paid
8307,8307,12940,0,12940,Paid
8308,8308,48500,0,48500,Paid
8309,8309,45300,24140,21160,Partially Paid
8310,8310,22730,17700,5030,Pending
8311,8311,171100,76230,94870,Paid
8312,8312,55410,0,55410,Paid
8313,8313,30440,15060,15380,Partially Paid
8314,8314,40100,25020,15080,Paid
8315,8315,13580,0,13580,Paid
8316,8316,24950,11630,13320,Paid
8317,8317,101540,49030,52510,Paid
8318,8318,10740,7650,3090,Paid
8319,8319,64130,35230,28900,Paid
8320,8320,39780,28030,11750,Paid
8321,8321,112130,98150,13980,Paid
8322,8322,47560,23390,24170,Paid
8323,8323,57840,0,57840,Paid
8324,8324,38520,32740,5780,Paid
8325,8325,53480,35620,17860,Paid
8326,8326,89210,50240,38970,Paid
8327,8327,85120,0,85120,Paid
8328,8328,55880,29880,26000,Paid
8329,8329,38210,0,38210,Paid
8330,8330,116490,0,116490,Pending
8331,8331,23540,0,23540,Paid
8332,8332,32320,0,32320,Paid
8333,8333,116000,99270,16730,Paid
8334,8334,28420,0,28420,Paid
8335,8335,25340,21540,3800,Paid
8336,8336,100070,59260,40810,Paid
8337,8337,23240,9950,13290,Paid
8338,8338,43870,29840,14030,Paid
8339,8339,81760,45640,36120,Paid
8340,8340,19760,16730,3030,Paid
8341,8341,31530,15150,16380,Paid
8342,8342,54560,25110,29450,Paid
8343,8343,35830,0,35830,Pending
8344,8344,44310,20120,24190,Paid
8345,8345,24350,16950,7400,Paid
8346,8346,31240,0,31240,Pending
8347,8347,23980,13950,10030,Paid
8348,8348,119070,87360,31710,Pending
8349,8349,41990,21810,20180,Paid
8350,8350,88590,53510,35080,Partially Paid
8351,8351,22550,16120,6430,Paid
8352,8352,45670,40130,5540,Paid
8353,8353,37000,28490,8510,Paid
8354,8354,80290,0,80290,Paid
8355,8355,19520,10030,9490,Paid
8356,8356,23050,20100,2950,Paid
8357,8357,109640,85110,24530,Paid
8358,8358,32140,28330,3810,Paid
8359,8359,18660,0,18660,Paid
8360,8360,54370,27700,26670,Paid
8361,8361,14940,6760,8180,Paid
8362,8362,128240,61910,66330,Paid
8363,8363,160800,94410,66390,Paid
8364,8364,31280,0,31280,Paid
8365,8365,22310,0,22310,Paid
8366,8366,44190,30380,13810,Partially Paid
8367,8367,54880,36940,17940,Paid
8368,8368,17110,14820,2290,Paid
8369,8369,63820,38640,25180,Paid
8370,8370,177920,102180,75740,Paid
8371,8371,32240,16000,16240,Paid
8372,8372,15130,0,15130,Pending
8373,8373,13820,12420,1400,Partially Paid
8374,8374,85330,63210,22120,Paid
8375,8375,185160,0,185160,Paid
8376,8376,89300,67400,21900,Paid
8377,8377,11500,4920,6580,Paid
8378,8378,45070,37450,7620,Pending
8379,8379,384160,184810,199350,Partially Paid
8380,8380,18650,0,18650,Paid
8381,8381,256200,114960,141240,Paid
8382,8382,137980,104440,33540,Paid
8383,8383,165600,118140,47460,Paid
8384,8384,94660,50440,44220,Pending
8385,8385,50310,32530,17780,Paid
8386,8386,207840,145150,62690,Paid
8387,8387,54840,30150,24690,Paid
8388,8388,57040,27170,29870,Paid
8389,8389,154080,0,154080,Paid
8390,8390,62660,33790,28870,Partially Paid
8391,8391,32300,18250,14050,Paid
8392,8392,21140,17990,3150,Paid
8393,8393,31010,22120,8890,Pending
8394,8394,33670,18430,15240,Paid
8395,8395,324770,205800,118970,Paid
8396,8396,104430,0,104430,Paid
8397,8397,75790,35520,40270,Partially Paid
8398,8398,24110,18600,5510,Paid
8399,8399,30350,0,30350,Paid
8400,8400,22470,0,22470,Paid
8401,8401,24190,14370,9820,Paid
8402,8402,104710,0,104710,Paid
8403,8403,16020,0,16020,Paid
8404,8404,6160,5190,970,Paid
8405,8405,19990,15580,4410,Paid
8406,8406,95480,71210,24270,Paid
8407,8407,44610,20600,24010,Paid
8408,8408,35230,0,35230,Paid
8409,8409,25730,13150,12580,Pending
8410,8410,73840,66310,7530,Paid
8411,8411,17900,14260,3640,Paid
8412,8412,41890,24240,17650,Paid
8413,8413,116290,48450,67840,Paid
8414,8414,174190,115360,58830,Paid
8415,8415,35620,0,35620,Paid
8416,8416,32920,24600,8320,Partially Paid
8417,8417,31870,23470,8400,Paid
8418,8418,60020,50400,9620,Paid
8419,8419,167420,143300,24120,Paid
8420,8420,82900,0,82900,Partially Paid
8421,8421,11440,7560,3880,Paid
8422,8422,121810,50240,71570,Paid
8423,8423,70960,63110,7850,Paid
8424,8424,230670,191330,39340,Paid
8425,8425,63040,29260,33780,Paid
8426,8426,18170,9830,8340,Paid
8427,8427,55430,42850,12580,Paid
8428,8428,29370,22160,7210,Paid
8429,8429,30770,25650,5120,Pending
8430,8430,66830,30330,36500,Pending
8431,8431,23750,9990,13760,Pending
8432,8432,25420,14030,11390,Pending
8433,8433,32550,14560,17990,Paid
8434,8434,15020,8820,6200,Paid
8435,8435,33360,0,33360,Paid
8436,8436,63460,34440,29020,Paid
8437,8437,102480,66240,36240,Pending
8438,8438,62100,33100,29000,Paid
8439,8439,16810,12290,4520,Partially Paid
8440,8440,16020,0,16020,Paid
8441,8441,564760,0,564760,Paid
8442,8442,37110,16740,20370,Paid
8443,8443,23870,0,23870,Paid
8444,8444,29430,23210,6220,Paid
8445,8445,35890,25210,10680,Paid
8446,8446,67970,54090,13880,Partially Paid
8447,8447,184140,153470,30670,Paid
8448,8448,164040,79930,84110,Paid
8449,8449,26480,0,26480,Paid
8450,8450,63150,26040,37110,Paid
8451,8451,166550,67760,98790,Paid
8452,8452,25460,14550,10910,Paid
8453,8453,481680,300130,181550,Pending
8454,8454,122620,0,122620,Paid
8455,8455,87530,59850,27680,Paid
8456,8456,83120,49240,33880,Paid
8457,8457,187670,94590,93080,Partially Paid
8458,8458,21680,0,21680,Paid
8459,8459,7560,4750,2810,Paid
8460,8460,15230,11080,4150,Partially Paid
8461,8461,28580,17950,10630,Paid
8462,8462,50890,0,50890,Paid
8463,8463,145110,75210,69900,Paid
8464,8464,99580,89220,10360,Paid
8465,8465,164990,92940,72050,Partially Paid
8466,8466,106090,47740,58350,Paid
8467,8467,81650,0,81650,Paid
8468,8468,28080,14280,13800,Paid
8469,8469,60940,32040,28900,Paid
8470,8470,16540,7650,8890,Pending
8471,8471,9390,8110,1280,Paid
8472,8472,90460,40740,49720,Partially Paid
8473,8473,49420,31130,18290,Pending
8474,8474,45580,20750,24830,Pending
8475,8475,44300,22520,21780,Partially Paid
8476,8476,46180,35890,10290,Paid
8477,8477,50350,30950,19400,Paid
8478,8478,32330,17660,14670,Pending
8479,8479,38370,24830,13540,Paid
8480,8480,30010,13570,16440,Paid
8481,8481,20710,0,20710,Paid
8482,8482,52940,43670,9270,Partially Paid
8483,8483,22290,9690,12600,Paid
8484,8484,7550,3110,4440,Paid
8485,8485,50190,35980,14210,Paid
8486,8486,45350,28870,16480,Paid
8487,8487,677130,466280,210850,Paid
8488,8488,91260,0,91260,Paid
8489,8489,23570,13120,10450,Paid
8490,8490,248060,189180,58880,Paid
8491,8491,27540,0,27540,Paid
8492,8492,104260,63690,40570,Paid
8493,8493,47960,26540,21420,Paid
8494,8494,46390,37990,8400,Paid
8495,8495,73890,54550,19340,Paid
8496,8496,27430,12250,15180,Paid
8497,8497,73960,46860,27100,Pending
8498,8498,136010,0,136010,Paid
8499,8499,27060,22550,4510,Paid
8500,8500,107630,0,107630,Paid
8501,8501,67140,27470,39670,Pending
8502,8502,116990,0,116990,Partially Paid
8503,8503,58690,48210,10480,Paid
8504,8504,53210,0,53210,Paid
8505,8505,133710,70700,63010,Paid
8506,8506,22620,14510,8110,Pending
8507,8507,27360,16990,10370,Paid
8508,8508,120910,98030,22880,Paid
8509,8509,55350,0,55350,Paid
8510,8510,35510,15440,20070,Partially Paid
8511,8511,123500,62200,61300,Pending
8512,8512,355160,267570,87590,Paid
8513,8513,145030,128050,16980,Paid
8514,8514,81400,66150,15250,Pending
8515,8515,115130,98330,16800,Pending
8516,8516,27620,0,27620,Paid
8517,8517,78260,0,78260,Paid
8518,8518,23810,19010,4800,Pending
8519,8519,22390,0,22390,Paid
8520,8520,135680,71810,63870,Paid
8521,8521,122140,56270,65870,Paid
8522,8522,83150,55700,27450,Paid
8523,8523,290290,0,290290,Paid
8524,8524,105910,89770,16140,Paid
8525,8525,89200,0,89200,Paid
8526,8526,7080,3570,3510,Paid
8527,8527,37040,0,37040,Pending
8528,8528,24190,15130,9060,Paid
8529,8529,89050,65560,23490,Paid
8530,8530,222850,179950,42900,Paid
8531,8531,26840,0,26840,Partially Paid
8532,8532,20420,12810,7610,Partially Paid
8533,8533,17530,11120,6410,Partially Paid
8534,8534,42560,19530,23030,Paid
8535,8535,102290,51640,50650,Paid
8536,8536,39410,0,39410,Partially Paid
8537,8537,175880,150770,25110,Paid
8538,8538,184350,0,184350,Paid
8539,8539,33720,14610,19110,Paid
8540,8540,9690,8540,1150,Paid
8541,8541,7620,0,7620,Paid
8542,8542,48890,21100,27790,Pending
8543,8543,236940,140830,96110,Partially Paid
8544,8544,37590,25110,12480,Paid
8545,8545,81700,0,81700,Paid
8546,8546,60570,43940,16630,Paid
8547,8547,112940,88840,24100,Paid
8548,8548,25760,14810,10950,Paid
8549,8549,25170,21500,3670,Paid
8550,8550,35530,30920,4610,Pending
8551,8551,71580,31670,39910,Paid
8552,8552,46240,26630,19610,Pending
8553,8553,204680,170990,33690,Paid
8554,8554,29910,19820,10090,Paid
8555,8555,95890,82920,12970,Paid
8556,8556,33210,29090,4120,Paid
8557,8557,86560,0,86560,Paid
8558,8558,35350,26290,9060,Paid
8559,8559,246390,200230,46160,Paid
8560,8560,15960,9250,6710,Paid
8561,8561,26730,19930,6800,Pending
8562,8562,45410,31090,14320,Pending
8563,8563,177860,72680,105180,Pending
8564,8564,287920,252870,35050,Paid
8565,8565,160070,92620,67450,Paid
8566,8566,52990,0,52990,Paid
8567,8567,83550,66800,16750,Paid
8568,8568,70590,33710,36880,Paid
8569,8569,17000,8160,8840,Paid
8570,8570,57720,50650,7070,Paid
8571,8571,20700,15850,4850,Paid
8572,8572,208060,157520,50540,Pending
8573,8573,45930,0,45930,Paid
8574,8574,81340,0,81340,Pending
8575,8575,101720,0,101720,Pending
8576,8576,64640,52260,12380,Paid
8577,8577,16980,8290,8690,Paid
8578,8578,36750,24810,11940,Paid
8579,8579,200260,168270,31990,Paid
8580,8580,13200,9140,4060,Pending
8581,8581,53250,24310,28940,Paid
8582,8582,101160,0,101160,Paid
8583,8583,37040,26720,10320,Pending
8584,8584,170170,69770,100400,Paid
8585,8585,181280,0,181280,Pending
8586,8586,19760,12220,7540,Pending
8587,8587,29600,11900,17700,Paid
8588,8588,16970,11500,5470,Paid
8589,8589,21510,13030,8480,Paid
8590,8590,72390,0,72390,Paid
8591,8591,22710,16970,5740,Paid
8592,8592,32590,0,32590,Paid
8593,8593,41450,17030,24420,Paid
8594,8594,18060,0,18060,Paid
8595,8595,35930,31610,4320,Paid
8596,8596,36600,0,36600,Pending
8597,8597,66200,32890,33310,Paid
8598,8598,47040,0,47040,Paid
8599,8599,14340,11920,2420,Paid
8600,8600,9510,4640,4870,Paid
8601,8601,30710,21600,9110,Partially Paid
8602,8602,21670,17730,3940,Paid
8603,8603,72520,0,72520,Paid
8604,8604,28720,0,28720,Paid
8605,8605,24880,10130,14750,Paid
8606,8606,81940,35600,46340,Paid
8607,8607,36960,32030,4930,Paid
8608,8608,30640,0,30640,Paid
8609,8609,49550,25830,23720,Paid
8610,8610,98920,0,98920,Paid
8611,8611,66740,40340,26400,Paid
8612,8612,434150,340020,94130,Paid
8613,8613,141130,75080,66050,Pending
8614,8614,146270,84610,61660,Paid
8615,8615,39610,0,39610,Paid
8616,8616,86480,0,86480,Paid
8617,8617,141900,97510,44390,Paid
8618,8618,11140,0,11140,Paid
8619,8619,159480,71680,87800,Paid
8620,8620,26500,22750,3750,Paid
8621,8621,34320,29620,4700,Paid
8622,8622,320190,207790,112400,Paid
8623,8623,15610,0,15610,Partially Paid
8624,8624,32960,20960,12000,Paid
8625,8625,19660,13340,6320,Paid
8626,8626,287980,223650,64330,Paid
8627,8627,32240,0,32240,Paid
8628,8628,10630,5170,5460,Paid
8629,8629,32940,28810,4130,Paid
8630,8630,155540,0,155540,Paid
8631,8631,23070,15580,7490,Paid
8632,8632,16660,0,16660,Paid
8633,8633,112740,47540,65200,Paid
8634,8634,31110,24730,6380,Paid
8635,8635,26130,21890,4240,Paid
8636,8636,34420,0,34420,Paid
8637,8637,154420,0,154420,Paid
8638,8638,130100,0,130100,Paid
8639,8639,53290,21990,31300,Pending
8640,8640,19360,0,19360,Paid
8641,8641,68610,35250,33360,Paid
8642,8642,413180,175970,237210,Paid
8643,8643,111100,97410,13690,Paid
8644,8644,28500,16610,11890,Partially Paid
8645,8645,40420,26900,13520,Pending
8646,8646,20860,10160,10700,Pending
8647,8647,25920,21710,4210,Paid
8648,8648,62510,37750,24760,Paid
8649,8649,37230,24810,12420,Paid
8650,8650,347200,203250,143950,Paid
8651,8651,54610,24280,30330,Paid
8652,8652,75780,0,75780,Paid
8653,8653,61410,44570,16840,Pending
8654,8654,26990,0,26990,Paid
8655,8655,22440,0,22440,Paid
8656,8656,86780,68930,17850,Partially Paid
8657,8657,41870,0,41870,Paid
8658,8658,25380,19960,5420,Paid
8659,8659,43930,36470,7460,Pending
8660,8660,125720,0,125720,Paid
8661,8661,41600,28910,12690,Paid
8662,8662,329310,263480,65830,Paid
8663,8663,110910,0,110910,Paid
8664,8664,13790,9520,4270,Paid
8665,8665,5700,2680,3020,Paid
8666,8666,11330,8280,3050,Paid
8667,8667,82770,41490,41280,Pending
8668,8668,430900,366390,64510,Paid
8669,8669,130340,81640,48700,Paid
8670,8670,17010,11920,5090,Paid
8671,8671,152280,0,152280,Partially Paid
8672,8672,46660,26060,20600,Paid
8673,8673,181750,125980,55770,Paid
8674,8674,32430,19840,12590,Paid
8675,8675,13770,5790,7980,Paid
8676,8676,49100,38040,11060,Paid
8677,8677,37120,25080,12040,Partially Paid
8678,8678,189790,103070,86720,Paid
8679,8679,20770,16840,3930,Paid
8680,8680,112590,0,112590,Paid
8681,8681,18350,0,18350,Pending
8682,8682,17050,8600,8450,Paid
8683,8683,37900,25550,12350,Paid
8684,8684,29330,0,29330,Paid
8685,8685,75660,59970,15690,Paid
8686,8686,41480,0,41480,Paid
8687,8687,54070,26150,27920,Paid
8688,8688,17640,10990,6650,Partially Paid
8689,8689,24830,18650,6180,Paid
8690,8690,28490,19310,9180,Paid
8691,8691,50180,37210,12970,Paid
8692,8692,28060,22770,5290,Paid
8693,8693,122430,0,122430,Paid
8694,8694,89210,71380,17830,Paid
8695,8695,57130,0,57130,Paid
8696,8696,24920,10870,14050,Paid
8697,8697,46370,23000,23370,Paid
8698,8698,14130,12480,1650,Paid
8699,8699,37440,0,37440,Paid
8700,8700,329330,221520,107810,Paid
8701,8701,29780,16910,12870,Paid
8702,8702,14110,0,14110,Partially Paid
8703,8703,45630,29100,16530,Paid
8704,8704,166240,135300,30940,Paid
8705,8705,27000,21200,5800,Paid
8706,8706,15900,12060,3840,Pending
8707,8707,253940,0,253940,Paid
8708,8708,149590,121230,28360,Paid
8709,8709,36550,24710,11840,Paid
8710,8710,32800,26470,6330,Paid
8711,8711,20750,10510,10240,Partially Paid
8712,8712,37980,25890,12090,Paid
8713,8713,37110,0,37110,Paid
8714,8714,51460,32720,18740,Paid
8715,8715,18600,7470,11130,Paid
8716,8716,260720,225830,34890,Paid
8717,8717,130630,0,130630,Pending
8718,8718,164840,95730,69110,Paid
8719,8719,141990,0,141990,Paid
8720,8720,411720,0,411720,Paid
8721,8721,114170,72430,41740,Paid
8722,8722,20940,0,20940,Paid
8723,8723,67110,0,67110,Paid
8724,8724,38720,33780,4940,Partially Paid
8725,8725,58060,50280,7780,Pending
8726,8726,14700,5920,8780,Paid
8727,8727,272110,113670,158440,Paid
8728,8728,87010,0,87010,Partially Paid
8729,8729,30820,16800,14020,Paid
8730,8730,29670,16000,13670,Pending
8731,8731,27410,10980,16430,Paid
8732,8732,92130,0,92130,Paid
8733,8733,69820,60740,9080,Paid
8734,8734,22820,0,22820,Paid
8735,8735,102840,0,102840,Partially Paid
8736,8736,33830,23900,9930,Paid
8737,8737,93370,55190,38180,Paid
8738,8738,82660,0,82660,Paid
8739,8739,51960,22360,29600,Paid
8740,8740,155240,0,155240,Paid
8741,8741,61890,0,61890,Paid
8742,8742,15880,12050,3830,Paid
8743,8743,179740,153580,26160,Paid
8744,8744,10480,9320,1160,Paid
8745,8745,207070,186250,20820,Paid
8746,8746,19360,0,19360,Pending
8747,8747,24890,17640,7250,Paid
8748,8748,27610,23510,4100,Paid
8749,8749,46200,22320,23880,Paid
8750,8750,123940,52210,71730,Partially Paid
8751,8751,49690,33570,16120,Paid
8752,8752,228050,164590,63460,Paid
8753,8753,35920,19590,16330,Pending
8754,8754,32030,22390,9640,Paid
8755,8755,42810,0,42810,Paid
8756,8756,12900,0,12900,Paid
8757,8757,38830,33950,4880,Pending
8758,8758,10010,4170,5840,Paid
8759,8759,69210,28690,40520,Paid
8760,8760,28480,25600,2880,Paid
8761,8761,12150,0,12150,Pending
8762,8762,31120,24470,6650,Paid
8763,8763,39020,18800,20220,Partially Paid
8764,8764,38000,25260,12740,Paid
8765,8765,70480,38220,32260,Pending
8766,8766,105740,49920,55820,Paid
8767,8767,45730,0,45730,Paid
8768,8768,79560,46820,32740,Paid
8769,8769,49250,30700,18550,Partially Paid
8770,8770,29000,20870,8130,Pending
8771,8771,46220,33200,13020,Paid
8772,8772,23040,16870,6170,Paid
8773,8773,59710,25320,34390,Partially Paid
8774,8774,179960,135970,43990,Paid
8775,8775,23580,13650,9930,Paid
8776,8776,91430,59650,31780,Paid
8777,8777,71250,44320,26930,Paid
8778,8778,26810,19120,7690,Paid
8779,8779,47160,0,47160,Paid
8780,8780,49420,25170,24250,Partially Paid
8781,8781,22160,14750,7410,Paid
8782,8782,23730,16450,7280,Paid
8783,8783,24920,21020,3900,Paid
8784,8784,60390,45500,14890,Pending
8785,8785,39180,0,39180,Pending
8786,8786,19320,0,19320,Paid
8787,8787,5570,3530,2040,Partially Paid
8788,8788,34540,29450,5090,Paid
8789,8789,17310,12400,4910,Paid
8790,8790,277480,140020,137460,Pending
8791,8791,128340,105390,22950,Pending
8792,8792,63140,27050,36090,Paid
8793,8793,9690,6380,3310,Paid
8794,8794,404120,0,404120,Paid
8795,8795,117400,0,117400,Paid
8796,8796,84470,69240,15230,Paid
8797,8797,189550,85850,103700,Paid
8798,8798,46130,18950,27180,Paid
8799,8799,53750,27070,26680,Partially Paid
8800,8800,11500,10250,1250,Paid
8801,8801,19220,12820,6400,Paid
8802,8802,35140,18120,17020,Paid
8803,8803,68800,57680,11120,Paid
8804,8804,28420,14480,13940,Paid
8805,8805,167080,148250,18830,Paid
8806,8806,25960,12980,12980,Pending
8807,8807,85510,73760,11750,Pending
8808,8808,406570,0,406570,Paid
8809,8809,559010,296930,262080,Paid
8810,8810,48920,38260,10660,Paid
8811,8811,43640,28010,15630,Paid
8812,8812,293240,142050,151190,Partially Paid
8813,8813,97980,49100,48880,Paid
8814,8814,77630,54220,23410,Paid
8815,8815,42810,38410,4400,Paid
8816,8816,97280,70250,27030,Pending
8817,8817,29020,16220,12800,Paid
8818,8818,88290,0,88290,Paid
8819,8819,26230,16010,10220,Paid
8820,8820,23330,15260,8070,Paid
8821,8821,92780,0,92780,Paid
8822,8822,22720,14190,8530,Partially Paid
8823,8823,20210,8860,11350,Paid
8824,8824,154240,101020,53220,Paid
8825,8825,91960,49070,42890,Paid
8826,8826,11490,0,11490,Paid
8827,8827,13310,8820,4490,Pending
8828,8828,59340,47640,11700,Pending
8829,8829,25170,20220,4950,Paid
8830,8830,22780,17510,5270,Paid
8831,8831,18530,8200,10330,Partially Paid
8832,8832,18540,8070,10470,Paid
8833,8833,16160,7430,8730,Paid
8834,8834,97270,64740,32530,Paid
8835,8835,232560,175890,56670,Pending
8836,8836,43630,0,43630,Paid
8837,8837,102970,43980,58990,Partially Paid
8838,8838,27590,11220,16370,Paid
8839,8839,64290,49330,14960,Paid
8840,8840,31860,22400,9460,Paid
8841,8841,88120,0,88120,Paid
8842,8842,30570,14490,16080,Paid
8843,8843,248030,126060,121970,Pending
8844,8844,36070,22150,13920,Paid
8845,8845,23230,17940,5290,Partially Paid
8846,8846,107840,85810,22030,Paid
8847,8847,334730,178110,156620,Paid
8848,8848,74320,41720,32600,Partially Paid
8849,8849,218110,0,218110,Paid
8850,8850,87150,0,87150,Paid
8851,8851,32430,18290,14140,Paid
8852,8852,21440,0,21440,Pending
8853,8853,36230,19380,16850,Paid
8854,8854,23550,13840,9710,Paid
8855,8855,422450,0,422450,Paid
8856,8856,23460,20650,2810,Pending
8857,8857,37520,23510,14010,Paid
8858,8858,46310,27800,18510,Paid
8859,8859,49520,23160,26360,Partially Paid
8860,8860,26440,15200,11240,Paid
8861,8861,33300,27010,6290,Paid
8862,8862,117560,80960,36600,Paid
8863,8863,35220,27730,7490,Pending
8864,8864,38730,16910,21820,Paid
8865,8865,204200,0,204200,Paid
8866,8866,42520,21870,20650,Paid
8867,8867,161380,79480,81900,Partially Paid
8868,8868,56430,38100,18330,Paid
8869,8869,7080,5020,2060,Pending
8870,8870,89460,58970,30490,Paid
8871,8871,124240,82750,41490,Paid
8872,8872,117160,0,117160,Paid
8873,8873,112760,85920,26840,Pending
8874,8874,13830,7570,6260,Paid
8875,8875,9160,7650,1510,Paid
8876,8876,19910,13880,6030,Paid
8877,8877,33130,17020,16110,Paid
8878,8878,63840,55870,7970,Paid
8879,8879,26210,0,26210,Paid
8880,8880,150500,105850,44650,Paid
8881,8881,28210,18430,9780,Paid
8882,8882,40290,34150,6140,Paid
8883,8883,42620,0,42620,Paid
8884,8884,67180,42220,24960,Paid
8885,8885,342660,303660,39000,Paid
8886,8886,69860,42700,27160,Paid
8887,8887,47490,37460,10030,Paid
8888,8888,102750,43710,59040,Paid
8889,8889,128040,92060,35980,Paid
8890,8890,367380,0,367380,Paid
8891,8891,134750,120670,14080,Paid
8892,8892,12380,8620,3760,Paid
8893,8893,30190,23750,6440,Paid
8894,8894,19580,9460,10120,Partially Paid
8895,8895,28950,17780,11170,Paid
8896,8896,16840,0,16840,Pending
8897,8897,26340,12190,14150,Paid
8898,8898,225500,181670,43830,Paid
8899,8899,112280,87640,24640,Partially Paid
8900,8900,35460,17720,17740,Pending
8901,8901,53100,43210,9890,Partially Paid
8902,8902,215500,181420,34080,Paid
8903,8903,27710,0,27710,Paid
8904,8904,79490,64880,14610,Paid
8905,8905,11850,0,11850,Paid
8906,8906,154900,93550,61350,Paid
8907,8907,64470,30940,33530,Paid
8908,8908,30310,20120,10190,Paid
8909,8909,37030,21100,15930,Paid
8910,8910,74350,32520,41830,Paid
8911,8911,25130,0,25130,Paid
8912,8912,13080,11140,1940,Paid
8913,8913,26980,0,26980,Paid
8914,8914,146400,87890,58510,Paid
8915,8915,20760,9270,11490,Paid
8916,8916,58430,32680,25750,Paid
8917,8917,20860,14710,6150,Pending
8918,8918,99920,48070,51850,Pending
8919,8919,71220,55780,15440,Pending
8920,8920,92650,58660,33990,Paid
8921,8921,100060,49740,50320,Partially Paid
8922,8922,41800,30020,11780,Partially Paid
8923,8923,43900,21210,22690,Paid
8924,8924,131310,0,131310,Pending
8925,8925,40890,31280,9610,Partially Paid
8926,8926,89530,0,89530,Paid
8927,8927,13200,9430,3770,Paid
8928,8928,45780,24690,21090,Paid
8929,8929,87610,54340,33270,Paid
8930,8930,21720,0,21720,Paid
8931,8931,24860,17910,6950,Pending
8932,8932,33660,24300,9360,Paid
8933,8933,186540,83260,103280,Paid
8934,8934,9700,4430,5270,Paid
8935,8935,229290,186280,43010,Paid
8936,8936,57800,33370,24430,Paid
8937,8937,113750,54620,59130,Paid
8938,8938,34110,27640,6470,Paid
8939,8939,35160,0,35160,Paid
8940,8940,27070,11930,15140,Paid
8941,8941,581540,284670,296870,Paid
8942,8942,49490,41570,7920,Paid
8943,8943,120080,107410,12670,Paid
8944,8944,26050,10870,15180,Paid
8945,8945,156400,135350,21050,Paid
8946,8946,24590,0,24590,Paid
8947,8947,53120,26690,26430,Paid
8948,8948,64560,38150,26410,Paid
8949,8949,83250,34380,48870,Paid
8950,8950,115560,72720,42840,Paid
8951,8951,108170,62990,45180,Paid
8952,8952,384130,0,384130,Paid
8953,8953,87950,75920,12030,Paid
8954,8954,25610,16550,9060,Paid
8955,8955,118940,79930,39010,Paid
8956,8956,8780,5520,3260,Paid
8957,8957,24090,16940,7150,Paid
8958,8958,60320,25860,34460,Paid
8959,8959,36860,30360,6500,Partially Paid
8960,8960,225850,155090,70760,Paid
8961,8961,50540,35280,15260,Paid
8962,8962,191120,155190,35930,Paid
8963,8963,100710,60110,40600,Paid
8964,8964,36540,14900,21640,Pending
8965,8965,38920,28930,9990,Paid
8966,8966,22880,15890,6990,Paid
8967,8967,44100,0,44100,Paid
8968,8968,245180,197330,47850,Paid
8969,8969,110310,75760,34550,Paid
8970,8970,454880,308090,146790,Partially Paid
8971,8971,35080,0,35080,Paid
8972,8972,4330,1940,2390,Pending
8973,8973,55990,28180,27810,Paid
8974,8974,24640,16640,8000,Partially Paid
8975,8975,70810,56930,13880,Paid
8976,8976,67000,40180,26820,Paid
8977,8977,9160,7210,1950,Paid
8978,8978,41330,0,41330,Paid
8979,8979,30880,26320,4560,Paid
8980,8980,23760,0,23760,Partially Paid
8981,8981,53550,36230,17320,Partially Paid
8982,8982,39860,0,39860,Pending
8983,8983,24640,20310,4330,Paid
8984,8984,116230,97700,18530,Pending
8985,8985,36680,0,36680,Paid
8986,8986,21160,15480,5680,Paid
8987,8987,11740,0,11740,Paid
8988,8988,48570,0,48570,Partially Paid
8989,8989,73020,50390,22630,Paid
8990,8990,76950,0,76950,Pending
8991,8991,93540,72020,21520,Partially Paid
8992,8992,91260,43310,47950,Partially Paid
8993,8993,115150,60460,54690,Partially Paid
8994,8994,220360,170410,49950,Pending
8995,8995,50080,42710,7370,Paid
8996,8996,37170,24790,12380,Paid
8997,8997,46280,27030,19250,Paid
8998,8998,36430,0,36430,Partially Paid
8999,8999,29620,24460,5160,Paid
9000,9000,144410,104120,40290,Paid
9001,9001,53680,31210,22470,Paid
9002,9002,29170,18780,10390,Paid
9003,9003,32580,18690,13890,Paid
9004,9004,424630,287480,137150,Paid
9005,9005,179410,131330,48080,Paid
9006,9006,54090,48570,5520,Paid
9007,9007,94820,62110,32710,Paid
9008,9008,39280,21100,18180,Paid
9009,9009,16490,6620,9870,Paid
9010,9010,20270,17710,2560,Partially Paid
9011,9011,33890,28780,5110,Pending
9012,9012,16070,0,16070,Paid
9013,9013,27190,13280,13910,Paid
9014,9014,25430,12720,12710,Paid
9015,9015,16940,12680,4260,Paid
9016,9016,385430,167650,217780,Paid
9017,9017,151670,91750,59920,Paid
9018,9018,29220,0,29220,Paid
9019,9019,154800,120140,34660,Paid
9020,9020,21090,14870,6220,Paid
9021,9021,134060,108040,26020,Paid
9022,9022,76320,56260,20060,Paid
9023,9023,48900,0,48900,Paid
9024,9024,19240,16930,2310,Paid
9025,9025,56610,0,56610,Paid
9026,9026,108020,47640,60380,Paid
9027,9027,36410,25860,10550,Paid
9028,9028,295710,257810,37900,Paid
9029,9029,23610,20870,2740,Partially Paid
9030,9030,30740,25700,5040,Paid
9031,9031,40000,22650,17350,Paid
9032,9032,223580,197860,25720,Paid
9033,9033,38950,0,38950,Paid
9034,9034,22900,10650,12250,Paid
9035,9035,16380,0,16380,Paid
9036,9036,131130,68380,62750,Paid
9037,9037,39390,18370,21020,Paid
9038,9038,15550,12730,2820,Paid
9039,9039,126710,68360,58350,Paid
9040,9040,42130,0,42130,Paid
9041,9041,123890,100640,23250,Paid
9042,9042,44070,37640,6430,Paid
9043,9043,89130,0,89130,Paid
9044,9044,62420,26900,35520,Paid
9045,9045,23210,18640,4570,Paid
9046,9046,32780,25670,7110,Pending
9047,9047,86060,0,86060,Paid
9048,9048,122290,99420,22870,Paid
9049,9049,96410,65900,30510,Paid
9050,9050,101320,0,101320,Paid
9051,9051,160310,0,160310,Pending
9052,9052,18840,16350,2490,Paid
9053,9053,79280,65070,14210,Pending
9054,9054,44380,27220,17160,Paid
9055,9055,170900,135040,35860,Paid
9056,9056,393890,270880,123010,Paid
9057,9057,57620,0,57620,Paid
9058,9058,17380,10710,6670,Paid
9059,9059,26420,13430,12990,Pending
9060,9060,40540,23530,17010,Paid
9061,9061,171800,143490,28310,Paid
9062,9062,267960,151900,116060,Paid
9063,9063,71340,0,71340,Paid
9064,9064,117220,76590,40630,Paid
9065,9065,16510,11840,4670,Paid
9066,9066,29410,23270,6140,Paid
9067,9067,29500,0,29500,Paid
9068,9068,66080,31040,35040,Pending
9069,9069,16850,0,16850,Paid
9070,9070,138840,75250,63590,Paid
9071,9071,43440,17680,25760,Paid
9072,9072,45780,0,45780,Paid
9073,9073,41320,0,41320,Paid
9074,9074,46270,21940,24330,Paid
9075,9075,55490,47590,7900,Paid
9076,9076,151700,109360,42340,Pending
9077,9077,95190,64080,31110,Paid
9078,9078,33510,0,33510,Partially Paid
9079,9079,26120,22650,3470,Partially Paid
9080,9080,249900,191080,58820,Paid
9081,9081,29940,12320,17620,Paid
9082,9082,66740,34700,32040,Paid
9083,9083,81970,36350,45620,Paid
9084,9084,139620,64360,75260,Paid
9085,9085,75730,38600,37130,Paid
9086,9086,28850,0,28850,Paid
9087,9087,108210,0,108210,Paid
9088,9088,43540,35920,7620,Pending
9089,9089,24540,21200,3340,Pending
9090,9090,82790,61440,21350,Paid
9091,9091,41380,30390,10990,Paid
9092,9092,66360,46240,20120,Paid
9093,9093,36560,31120,5440,Partially Paid
9094,9094,150010,0,150010,Paid
9095,9095,26200,0,26200,Paid
9096,9096,192140,0,192140,Paid
9097,9097,55540,26180,29360,Paid
9098,9098,147890,108910,38980,Paid
9099,9099,10410,4330,6080,Paid
9100,9100,127480,114400,13080,Pending
9101,9101,46530,0,46530,Partially Paid
9102,9102,23260,0,23260,Pending
9103,9103,22340,13530,8810,Paid
9104,9104,52400,0,52400,Paid
9105,9105,37040,25450,11590,Paid
9106,9106,135130,87550,47580,Paid
9107,9107,14360,7160,7200,Paid
9108,9108,122730,0,122730,Paid
9109,9109,91470,0,91470,Partially Paid
9110,9110,111250,56100,55150,Paid
9111,9111,21600,18770,2830,Paid
9112,9112,33190,0,33190,Paid
9113,9113,17370,13330,4040,Paid
9114,9114,15400,13400,2000,Paid
9115,9115,31760,19010,12750,Paid
9116,9116,35050,30130,4920,Paid
9117,9117,36800,0,36800,Paid
9118,9118,34530,30850,3680,Paid
9119,9119,42320,21020,21300,Paid
9120,9120,174800,0,174800,Paid
9121,9121,44040,27150,16890,Paid
9122,9122,195280,165190,30090,Paid
9123,9123,154320,104020,50300,Paid
9124,9124,42780,30150,12630,Paid
9125,9125,52890,44530,8360,Paid
9126,9126,355200,0,355200,Paid
9127,9127,61280,26130,35150,Paid
9128,9128,38730,15870,22860,Paid
9129,9129,208230,185700,22530,Paid
9130,9130,255800,228750,27050,Paid
9131,9131,106840,0,106840,Paid
9132,9132,98960,82290,16670,Paid
9133,9133,44410,32020,12390,Paid
9134,9134,16680,13570,3110,Partially Paid
9135,9135,74360,37520,36840,Paid
9136,9136,168930,151300,17630,Paid
9137,9137,418230,210360,207870,Paid
9138,9138,183880,162570,21310,Paid
9139,9139,33570,20660,12910,Paid
9140,9140,247850,214590,33260,Paid
9141,9141,8830,7610,1220,Paid
9142,9142,17090,9640,7450,Paid
9143,9143,26010,0,26010,Paid
9144,9144,58900,38380,20520,Paid
9145,9145,273990,0,273990,Paid
9146,9146,179680,77540,102140,Paid
9147,9147,156540,84410,72130,Paid
9148,9148,14290,8350,5940,Paid
9149,9149,58250,45620,12630,Paid
9150,9150,76710,53540,23170,Paid
9151,9151,70090,0,70090,Paid
9152,9152,30550,17030,13520,Paid
9153,9153,38620,27750,10870,Paid
9154,9154,34610,19660,14950,Paid
9155,9155,23100,14580,8520,Paid
9156,9156,61250,51370,9880,Paid
9157,9157,7200,3910,3290,Paid
9158,9158,158960,117490,41470,Paid
9159,9159,68390,46730,21660,Paid
9160,9160,95620,54360,41260,Paid
9161,9161,41920,0,41920,Paid
9162,9162,18220,8500,9720,Paid
9163,9163,41670,18800,22870,Pending
9164,9164,7480,0,7480,Paid
9165,9165,41590,27580,14010,Paid
9166,9166,46360,21170,25190,Paid
9167,9167,31940,26370,5570,Paid
9168,9168,318260,212570,105690,Paid
9169,9169,24750,17310,7440,Paid
9170,9170,87330,62130,25200,Partially Paid
9171,9171,33150,19530,13620,Paid
9172,9172,94460,65060,29400,Paid
9173,9173,6260,4920,1340,Paid
9174,9174,125060,51210,73850,Paid
9175,9175,43080,35490,7590,Paid
9176,9176,27070,0,27070,Pending
9177,9177,68710,46210,22500,Pending
9178,9178,71990,57850,14140,Paid
9179,9179,21490,9330,12160,Paid
9180,9180,90730,42540,48190,Pending
9181,9181,19640,14950,4690,Paid
9182,9182,155480,80860,74620,Paid
9183,9183,169620,0,169620,Paid
9184,9184,52670,44450,8220,Paid
9185,9185,97690,0,97690,Pending
9186,9186,26020,17230,8790,Paid
9187,9187,29550,20650,8900,Paid
9188,9188,45290,31890,13400,Paid
9189,9189,27820,12400,15420,Partially Paid
9190,9190,26710,17090,9620,Partially Paid
9191,9191,32240,20650,11590,Pending
9192,9192,77330,40510,36820,Pending
9193,9193,60680,35570,25110,Paid
9194,9194,92170,71440,20730,Paid
9195,9195,195360,0,195360,Paid
9196,9196,52970,0,52970,Paid
9197,9197,15080,10150,4930,Paid
9198,9198,86670,65150,21520,Paid
9199,9199,42380,0,42380,Paid
9200,9200,21620,18940,2680,Pending
9201,9201,19220,17240,1980,Paid
9202,9202,24590,17990,6600,Paid
9203,9203,20270,12060,8210,Paid
9204,9204,53790,0,53790,Paid
9205,9205,23240,12410,10830,Partially Paid
9206,9206,85840,68140,17700,Paid
9207,9207,19650,0,19650,Paid
9208,9208,31440,15410,16030,Paid
9209,9209,42670,0,42670,Paid
9210,9210,18760,11770,6990,Paid
9211,9211,62510,35200,27310,Paid
9212,9212,29740,20340,9400,Paid
9213,9213,27330,21600,5730,Paid
9214,9214,142960,75130,67830,Partially Paid
9215,9215,62740,50160,12580,Partially Paid
9216,9216,120450,0,120450,Partially Paid
9217,9217,75470,36950,38520,Partially Paid
9218,9218,16850,13270,3580,Paid
9219,9219,30760,25890,4870,Paid
9220,9220,110920,0,110920,Paid
9221,9221,12130,0,12130,Paid
9222,9222,8900,6890,2010,Paid
9223,9223,28010,22900,5110,Paid
9224,9224,25190,19670,5520,Paid
9225,9225,28140,12010,16130,Paid
9226,9226,80080,63500,16580,Paid
9227,9227,17540,14000,3540,Pending
9228,9228,43880,27860,16020,Pending
9229,9229,69410,46260,23150,Paid
9230,9230,29220,0,29220,Paid
9231,9231,131810,0,131810,Pending
9232,9232,27540,15100,12440,Paid
9233,9233,379070,0,379070,Paid
9234,9234,172610,151030,21580,Paid
9235,9235,70860,47510,23350,Pending
9236,9236,139210,94840,44370,Pending
9237,9237,51670,27470,24200,Paid
9238,9238,75580,49280,26300,Paid
9239,9239,12770,5880,6890,Paid
9240,9240,7080,4410,2670,Paid
9241,9241,23790,17200,6590,Pending
9242,9242,5720,4370,1350,Paid
9243,9243,32730,22580,10150,Paid
9244,9244,40470,33050,7420,Pending
9245,9245,142950,81320,61630,Paid
9246,9246,13710,8130,5580,Paid
9247,9247,43200,0,43200,Paid
9248,9248,55340,0,55340,Paid
9249,9249,31950,27900,4050,Paid
9250,9250,89320,37820,51500,Paid
9251,9251,83240,36170,47070,Paid
9252,9252,203840,165670,38170,Paid
9253,9253,113030,93230,19800,Paid
9254,9254,23400,13430,9970,Paid
9255,9255,21860,13190,8670,Paid
9256,9256,15060,9690,5370,Paid
9257,9257,20280,0,20280,Paid
9258,9258,114890,0,114890,Paid
9259,9259,85280,53830,31450,Paid
9260,9260,172120,118530,53590,Partially Paid
9261,9261,98160,53710,44450,Partially Paid
9262,9262,22020,13040,8980,Pending
9263,9263,19140,13300,5840,Paid
9264,9264,9850,8260,1590,Paid
9265,9265,42320,0,42320,Paid
9266,9266,12530,11070,1460,Pending
9267,9267,21090,14580,6510,Paid
9268,9268,10730,5010,5720,Paid
9269,9269,40760,32560,8200,Paid
9270,9270,23550,11550,12000,Pending
9271,9271,30190,22990,7200,Paid
9272,9272,24530,14810,9720,Pending
9273,9273,132990,72120,60870,Paid
9274,9274,22740,12300,10440,Paid
9275,9275,20290,14970,5320,Pending
9276,9276,19780,13090,6690,Paid
9277,9277,41310,31990,9320,Pending
9278,9278,23480,16190,7290,Paid
9279,9279,106580,57690,48890,Paid
9280,9280,25010,22390,2620,Paid
9281,9281,29600,21900,7700,Paid
9282,9282,21470,0,21470,Paid
9283,9283,53530,0,53530,Partially Paid
9284,9284,79780,48500,31280,Paid
9285,9285,260210,173820,86390,Paid
9286,9286,36930,27910,9020,Paid
9287,9287,29350,14310,15040,Pending
9288,9288,110200,0,110200,Partially Paid
9289,9289,78240,0,78240,Partially Paid
9290,9290,38110,33970,4140,Paid
9291,9291,153330,0,153330,Paid
9292,9292,30530,0,30530,Paid
9293,9293,92870,82350,10520,Paid
9294,9294,21770,11560,10210,Paid
9295,9295,35780,26660,9120,Paid
9296,9296,31090,21910,9180,Pending
9297,9297,148080,0,148080,Pending
9298,9298,17810,10660,7150,Paid
9299,9299,32680,14710,17970,Partially Paid
9300,9300,79310,66140,13170,Pending
9301,9301,48130,26350,21780,Paid
9302,9302,18200,0,18200,Paid
9303,9303,54260,0,54260,Paid
9304,9304,91820,37540,54280,Pending
9305,9305,52840,45240,7600,Paid
9306,9306,48780,0,48780,Pending
9307,9307,40040,27330,12710,Paid
9308,9308,51460,43830,7630,Paid
9309,9309,18610,14680,3930,Paid
9310,9310,24020,0,24020,Paid
9311,9311,37310,33510,3800,Paid
9312,9312,89120,0,89120,Paid
9313,9313,36980,20110,16870,Paid
9314,9314,44990,26070,18920,Partially Paid
9315,9315,97350,0,97350,Paid
9316,9316,65310,26650,38660,Paid
9317,9317,33650,0,33650,Paid
9318,9318,298760,190100,108660,Paid
9319,9319,50590,0,50590,Paid
9320,9320,58780,51990,6790,Paid
9321,9321,8420,4680,3740,Paid
9322,9322,25560,17860,7700,Paid
9323,9323,18480,14310,4170,Paid
9324,9324,258220,107520,150700,Paid
9325,9325,92090,45280,46810,Paid
9326,9326,17210,7610,9600,Paid
9327,9327,27270,14350,12920,Paid
9328,9328,267780,113940,153840,Paid
9329,9329,359290,193520,165770,Paid
9330,9330,224440,100340,124100,Paid
9331,9331,24830,19210,5620,Paid
9332,9332,11550,5770,5780,Pending
9333,9333,25230,14090,11140,Paid
9334,9334,32610,25270,7340,Paid
9335,9335,66680,0,66680,Paid
9336,9336,29150,12920,16230,Pending
9337,9337,78240,43110,35130,Paid
9338,9338,8810,4720,4090,Partially Paid
9339,9339,33070,21070,12000,Partially Paid
9340,9340,30710,0,30710,Paid
9341,9341,188420,0,188420,Paid
9342,9342,98690,79900,18790,Paid
9343,9343,52630,42990,9640,Paid
9344,9344,21600,12650,8950,Paid
9345,9345,14220,9690,4530,Paid
9346,9346,49130,0,49130,Paid
9347,9347,96480,48800,47680,Paid
9348,9348,35330,25520,9810,Paid
9349,9349,24510,10620,13890,Partially Paid
9350,9350,169220,0,169220,Paid
9351,9351,66300,47440,18860,Paid
9352,9352,30580,15580,15000,Paid
9353,9353,25070,19760,5310,Paid
9354,9354,25070,0,25070,Paid
9355,9355,24060,0,24060,Paid
9356,9356,161380,0,161380,Partially Paid
9357,9357,53740,46500,7240,Paid
9358,9358,65180,38190,26990,Paid
9359,9359,381930,0,381930,Paid
9360,9360,34250,19630,14620,Partially Paid
9361,9361,120340,85100,35240,Partially Paid
9362,9362,16210,12800,3410,Paid
9363,9363,34240,18910,15330,Paid
9364,9364,48620,19610,29010,Paid
9365,9365,38600,0,38600,Pending
9366,9366,135860,109000,26860,Paid
9367,9367,30780,16080,14700,Paid
9368,9368,27790,0,27790,Paid
9369,9369,210890,126610,84280,Paid
9370,9370,142830,71640,71190,Paid
9371,9371,62690,47390,15300,Paid
9372,9372,20850,11090,9760,Pending
9373,9373,31540,14230,17310,Paid
9374,9374,89920,76500,13420,Paid
9375,9375,195400,0,195400,Paid
9376,9376,37690,21480,16210,Paid
9377,9377,46050,29350,16700,Pending
9378,9378,88070,54360,33710,Paid
9379,9379,114270,102710,11560,Pending
9380,9380,32030,22640,9390,Paid
9381,9381,46160,37350,8810,Partially Paid
9382,9382,194650,91480,103170,Paid
9383,9383,92330,56430,35900,Paid
9384,9384,28020,24590,3430,Paid
9385,9385,17660,8750,8910,Paid
9386,9386,46070,35290,10780,Paid
9387,9387,77540,49460,28080,Paid
9388,9388,42400,34400,8000,Paid
9389,9389,450640,0,450640,Partially Paid
9390,9390,8040,6490,1550,Paid
9391,9391,61070,40410,20660,Partially Paid
9392,9392,31170,0,31170,Partially Paid
9393,9393,109890,67330,42560,Paid
9394,9394,46550,37350,9200,Paid
9395,9395,67360,0,67360,Paid
9396,9396,171730,69230,102500,Paid
9397,9397,63750,41910,21840,Paid
9398,9398,106460,69290,37170,Partially Paid
9399,9399,29800,22220,7580,Partially Paid
9400,9400,25260,18340,6920,Paid
9401,9401,32270,0,32270,Paid
9402,9402,9370,4450,4920,Paid
9403,9403,58740,35090,23650,Pending
9404,9404,28330,24590,3740,Paid
9405,9405,89510,37280,52230,Paid
9406,9406,32870,20300,12570,Paid
9407,9407,29480,0,29480,Paid
9408,9408,25050,17000,8050,Paid
9409,9409,16010,13550,2460,Paid
9410,9410,28310,0,28310,Paid
9411,9411,70820,40130,30690,Paid
9412,9412,41710,35790,5920,Paid
9413,9413,40740,18740,22000,Partially Paid
9414,9414,40480,33250,7230,Paid
9415,9415,56700,35210,21490,Paid
9416,9416,15840,8070,7770,Partially Paid
9417,9417,31370,0,31370,Paid
9418,9418,81870,45130,36740,Paid
9419,9419,115050,52710,62340,Paid
9420,9420,21380,14410,6970,Paid
9421,9421,27550,0,27550,Pending
9422,9422,31360,27460,3900,Pending
9423,9423,38360,0,38360,Paid
9424,9424,188900,0,188900,Paid
9425,9425,20990,14980,6010,Pending
9426,9426,26150,0,26150,Partially Paid
9427,9427,20480,17690,2790,Partially Paid
9428,9428,105550,51250,54300,Paid
9429,9429,123910,64440,59470,Paid
9430,9430,11390,0,11390,Paid
9431,9431,41680,0,41680,Paid
9432,9432,20110,8080,12030,Paid
9433,9433,68460,42870,25590,Paid
9434,9434,337210,259540,77670,Paid
9435,9435,119400,64850,54550,Paid
9436,9436,476830,0,476830,Partially Paid
9437,9437,34400,24960,9440,Pending
9438,9438,106650,0,106650,Paid
9439,9439,47220,36610,10610,Paid
9440,9440,20080,0,20080,Paid
9441,9441,91980,50020,41960,Paid
9442,9442,21510,14070,7440,Paid
9443,9443,63920,0,63920,Pending
9444,9444,255990,130010,125980,Paid
9445,9445,301880,186060,115820,Pending
9446,9446,93080,76150,16930,Paid
9447,9447,18020,8650,9370,Paid
9448,9448,89630,67370,22260,Paid
9449,9449,18080,14950,3130,Paid
9450,9450,113200,0,113200,Paid
9451,9451,19130,0,19130,Pending
9452,9452,24750,0,24750,Paid
9453,9453,235430,195730,39700,Paid
9454,9454,161280,0,161280,Paid
9455,9455,76950,43780,33170,Paid
9456,9456,28360,25200,3160,Paid
9457,9457,95740,0,95740,Pending
9458,9458,14430,6050,8380,Paid
9459,9459,105330,49020,56310,Paid
9460,9460,43090,27670,15420,Paid
9461,9461,48740,39410,9330,Paid
9462,9462,206650,0,206650,Paid
9463,9463,49190,22970,26220,Pending
9464,9464,24450,16810,7640,Paid
9465,9465,101300,90710,10590,Paid
9466,9466,26440,0,26440,Partially Paid
9467,9467,45050,25470,19580,Paid
9468,9468,29440,14250,15190,Paid
9469,9469,22120,16290,5830,Paid
9470,9470,17550,0,17550,Paid
9471,9471,19250,16210,3040,Paid
9472,9472,45480,25630,19850,Paid
9473,9473,53740,34740,19000,Partially Paid
9474,9474,94040,48790,45250,Paid
9475,9475,34210,14820,19390,Paid
9476,9476,18380,16420,1960,Paid
9477,9477,63560,30800,32760,Paid
9478,9478,31640,15740,15900,Paid
9479,9479,135770,0,135770,Pending
9480,9480,5780,2380,3400,Paid
9481,9481,22930,18030,4900,Paid
9482,9482,31420,28100,3320,Paid
9483,9483,71550,58360,13190,Paid
9484,9484,289710,0,289710,Pending
9485,9485,25070,10810,14260,Paid
9486,9486,27910,13040,14870,Paid
9487,9487,145190,61050,84140,Paid
9488,9488,27820,13460,14360,Paid
9489,9489,13560,5900,7660,Paid
9490,9490,29130,0,29130,Paid
9491,9491,16580,11210,5370,Paid
9492,9492,39380,30250,9130,Paid
9493,9493,25100,19530,5570,Paid
9494,9494,22910,14700,8210,Paid
9495,9495,22030,10690,11340,Paid
9496,9496,109980,71880,38100,Paid
9497,9497,33890,17990,15900,Pending
9498,9498,16160,0,16160,Paid
9499,9499,14670,0,14670,Paid
9500,9500,41190,35080,6110,Paid
9501,9501,9880,0,9880,Pending
9502,9502,34130,0,34130,Paid
9503,9503,130780,91440,39340,Partially Paid
9504,9504,71940,44240,27700,Pending
9505,9505,79910,47180,32730,Paid
9506,9506,14680,11980,2700,Paid
9507,9507,28930,17330,11600,Paid
9508,9508,58800,45420,13380,Paid
9509,9509,28000,14770,13230,Paid
9510,9510,39710,28390,11320,Paid
9511,9511,19570,0,19570,Paid
9512,9512,108220,0,108220,Paid
9513,9513,56030,0,56030,Paid
9514,9514,103570,47190,56380,Paid
9515,9515,36860,22090,14770,Paid
9516,9516,28360,19000,9360,Paid
9517,9517,328220,211300,116920,Paid
9518,9518,14080,9880,4200,Paid
9519,9519,42510,26210,16300,Pending
9520,9520,39460,23480,15980,Paid
9521,9521,58570,35060,23510,Paid
9522,9522,55760,34960,20800,Paid
9523,9523,123490,88630,34860,Partially Paid
9524,9524,5090,4220,870,Paid
9525,9525,93630,40670,52960,Paid
9526,9526,246820,156370,90450,Pending
9527,9527,110570,48730,61840,Paid
9528,9528,17630,9740,7890,Paid
9529,9529,34360,30710,3650,Paid
9530,9530,12400,0,12400,Paid
9531,9531,222970,116150,106820,Pending
9532,9532,27430,11600,15830,Paid
9533,9533,31750,27630,4120,Pending
9534,9534,148540,0,148540,Paid
9535,9535,26700,24020,2680,Paid
9536,9536,35470,0,35470,Paid
9537,9537,223890,0,223890,Paid
9538,9538,27040,0,27040,Paid
9539,9539,242710,190010,52700,Paid
9540,9540,19560,0,19560,Paid
9541,9541,36160,26080,10080,Partially Paid
9542,9542,65880,0,65880,Paid
9543,9543,213670,0,213670,Paid
9544,9544,15440,9080,6360,Paid
9545,9545,260510,183620,76890,Paid
9546,9546,29950,18950,11000,Paid
9547,9547,33740,23280,10460,Paid
9548,9548,64870,52870,12000,Paid
9549,9549,58410,40650,17760,Paid
9550,9550,46670,39910,6760,Paid
9551,9551,71270,0,71270,Paid
9552,9552,77220,66830,10390,Pending
9553,9553,257530,191400,66130,Pending
9554,9554,44130,0,44130,Paid
9555,9555,70660,40610,30050,Paid
9556,9556,274710,0,274710,Paid
9557,9557,5240,0,5240,Partially Paid
9558,9558,136020,106900,29120,Paid
9559,9559,97650,51480,46170,Paid
9560,9560,32460,26770,5690,Paid
9561,9561,23750,10860,12890,Paid
9562,9562,37390,27840,9550,Partially Paid
9563,9563,24910,0,24910,Paid
9564,9564,86730,41810,44920,Paid
9565,9565,30340,25680,4660,Pending
9566,9566,42790,38060,4730,Paid
9567,9567,21790,0,21790,Paid
9568,9568,38950,21610,17340,Paid
9569,9569,120980,76660,44320,Paid
9570,9570,25730,22480,3250,Paid
9571,9571,30280,0,30280,Pending
9572,9572,16030,9150,6880,Paid
9573,9573,221770,108800,112970,Paid
9574,9574,46460,0,46460,Paid
9575,9575,53210,0,53210,Paid
9576,9576,36560,0,36560,Paid
9577,9577,23240,0,23240,Paid
9578,9578,31100,0,31100,Pending
9579,9579,23280,13700,9580,Paid
9580,9580,41330,21760,19570,Paid
9581,9581,17810,8730,9080,Paid
9582,9582,90430,63380,27050,Paid
9583,9583,16290,0,16290,Paid
9584,9584,166680,90030,76650,Paid
9585,9585,67090,31940,35150,Partially Paid
9586,9586,134550,57400,77150,Paid
9587,9587,43950,19000,24950,Paid
9588,9588,23460,0,23460,Partially Paid
9589,9589,194380,145620,48760,Paid
9590,9590,44870,26750,18120,Paid
9591,9591,23020,19210,3810,Paid
9592,9592,19060,11730,7330,Paid
9593,9593,29640,0,29640,Paid
9594,9594,17030,0,17030,Paid
9595,9595,94160,52800,41360,Paid
9596,9596,60470,44270,16200,Paid
9597,9597,121110,53450,67660,Paid
9598,9598,11060,7620,3440,Paid
9599,9599,144500,0,144500,Paid
9600,9600,30930,24860,6070,Paid
9601,9601,157940,0,157940,Pending
9602,9602,116910,92450,24460,Pending
9603,9603,16880,0,16880,Paid
9604,9604,86710,52930,33780,Paid
9605,9605,416070,199880,216190,Paid
9606,9606,447270,200290,246980,Paid
9607,9607,71980,54320,17660,Pending
9608,9608,75770,64380,11390,Paid
9609,9609,32360,22050,10310,Paid
9610,9610,82380,0,82380,Paid
9611,9611,39390,0,39390,Partially Paid
9612,9612,32170,22940,9230,Paid
9613,9613,136270,65440,70830,Paid
9614,9614,127050,0,127050,Paid
9615,9615,11990,0,11990,Paid
9616,9616,18990,8600,10390,Paid
9617,9617,124600,0,124600,Pending
9618,9618,26670,16010,10660,Paid
9619,9619,372490,246590,125900,Paid
9620,9620,9320,0,9320,Paid
9621,9621,32780,26940,5840,Pending
9622,9622,46540,31010,15530,Pending
9623,9623,39210,20500,18710,Pending
9624,9624,114430,98520,15910,Paid
9625,9625,88860,0,88860,Paid
9626,9626,82330,63130,19200,Pending
9627,9627,47720,23550,24170,Paid
9628,9628,22070,12060,10010,Paid
9629,9629,29920,21770,8150,Paid
9630,9630,389340,346140,43200,Paid
9631,9631,110980,96530,14450,Paid
9632,9632,10900,6580,4320,Paid
9633,9633,90850,70260,20590,Paid
9634,9634,106360,68360,38000,Paid
9635,9635,37370,25110,12260,Paid
9636,9636,303300,0,303300,Paid
9637,9637,54700,34620,20080,Paid
9638,9638,29620,12930,16690,Paid
9639,9639,48750,25780,22970,Partially Paid
9640,9640,95950,54970,40980,Paid
9641,9641,45080,26370,18710,Pending
9642,9642,25130,16270,8860,Paid
9643,9643,35740,0,35740,Paid
9644,9644,87290,67030,20260,Paid
9645,9645,28790,0,28790,Paid
9646,9646,39310,24270,15040,Pending
9647,9647,11800,7330,4470,Paid
9648,9648,10310,8030,2280,Paid
9649,9649,78880,56400,22480,Paid
9650,9650,210450,166960,43490,Paid
9651,9651,31700,15710,15990,Paid
9652,9652,31780,0,31780,Paid
9653,9653,135130,95430,39700,Paid
9654,9654,24750,17240,7510,Paid
9655,9655,64780,38860,25920,Paid
9656,9656,25050,16680,8370,Paid
9657,9657,126470,55820,70650,Paid
9658,9658,17940,11670,6270,Pending
9659,9659,12710,5780,6930,Paid
9660,9660,41090,21870,19220,Paid
9661,9661,162930,0,162930,Paid
9662,9662,13850,12240,1610,Partially Paid
9663,9663,21130,16600,4530,Paid
9664,9664,89100,49430,39670,Paid
9665,9665,172930,0,172930,Partially Paid
9666,9666,16670,8090,8580,Paid
9667,9667,125560,0,125560,Paid
9668,9668,156760,77440,79320,Paid
9669,9669,18590,15880,2710,Paid
9670,9670,23040,0,23040,Paid
9671,9671,97760,71560,26200,Paid
9672,9672,86250,0,86250,Paid
9673,9673,154560,100790,53770,Paid
9674,9674,23070,17630,5440,Paid
9675,9675,38640,33890,4750,Paid
9676,9676,29910,14560,15350,Paid
9677,9677,59940,46720,13220,Paid
9678,9678,38700,21120,17580,Partially Paid
9679,9679,122200,83100,39100,Paid
9680,9680,188610,147940,40670,Paid
9681,9681,103020,85210,17810,Partially Paid
9682,9682,117110,48760,68350,Paid
9683,9683,42710,30670,12040,Pending
9684,9684,77830,42660,35170,Paid
9685,9685,321670,0,321670,Paid
9686,9686,62130,49190,12940,Paid
9687,9687,38520,0,38520,Partially Paid
9688,9688,26880,13950,12930,Paid
9689,9689,16670,0,16670,Paid
9690,9690,110290,69130,41160,Paid
9691,9691,70380,52240,18140,Paid
9692,9692,40760,25770,14990,Paid
9693,9693,29740,26330,3410,Paid
9694,9694,99800,67010,32790,Paid
9695,9695,177440,0,177440,Paid
9696,9696,24830,13010,11820,Paid
9697,9697,98680,0,98680,Pending
9698,9698,17670,12930,4740,Paid
9699,9699,39970,0,39970,Paid
9700,9700,39210,31500,7710,Paid
9701,9701,47430,0,47430,Paid
9702,9702,48480,0,48480,Pending
9703,9703,104150,84470,19680,Paid
9704,9704,89740,54900,34840,Paid
9705,9705,29020,13810,15210,Pending
9706,9706,18560,8450,10110,Paid
9707,9707,42660,19100,23560,Paid
9708,9708,184160,135750,48410,Paid
9709,9709,300920,0,300920,Paid
9710,9710,34200,0,34200,Paid
9711,9711,98420,0,98420,Paid
9712,9712,292830,133520,159310,Paid
9713,9713,25870,0,25870,Paid
9714,9714,58890,41880,17010,Paid
9715,9715,44460,30800,13660,Pending
9716,9716,58380,30510,27870,Paid
9717,9717,57650,23200,34450,Paid
9718,9718,46390,0,46390,Paid
9719,9719,273180,145760,127420,Paid
9720,9720,20330,9830,10500,Paid
9721,9721,199230,164940,34290,Paid
9722,9722,16050,12660,3390,Paid
9723,9723,345980,215680,130300,Paid
9724,9724,90970,41100,49870,Paid
9725,9725,97930,65610,32320,Paid
9726,9726,48130,38190,9940,Paid
9727,9727,23080,17490,5590,Paid
9728,9728,63260,35290,27970,Pending
9729,9729,72700,0,72700,Paid
9730,9730,64420,41900,22520,Partially Paid
9731,9731,21040,8860,12180,Paid
9732,9732,40610,0,40610,Pending
9733,9733,121540,0,121540,Paid
9734,9734,305400,235500,69900,Paid
9735,9735,48240,41720,6520,Paid
9736,9736,35580,30450,5130,Paid
9737,9737,22150,9440,12710,Paid
9738,9738,52960,0,52960,Paid
9739,9739,27530,21130,6400,Paid
9740,9740,13880,12150,1730,Pending
9741,9741,90470,0,90470,Paid
9742,9742,25070,11710,13360,Partially Paid
9743,9743,91410,70910,20500,Paid
9744,9744,83710,65330,18380,Paid
9745,9745,39070,31330,7740,Paid
9746,9746,48850,0,48850,Pending
9747,9747,56140,35790,20350,Paid
9748,9748,5860,2850,3010,Paid
9749,9749,128700,0,128700,Paid
9750,9750,72740,48160,24580,Paid
9751,9751,169450,124670,44780,Paid
9752,9752,9330,7750,1580,Partially Paid
9753,9753,86730,0,86730,Paid
9754,9754,54280,45760,8520,Paid
9755,9755,57580,35440,22140,Pending
9756,9756,49570,28580,20990,Paid
9757,9757,393350,349510,43840,Paid
9758,9758,39690,21060,18630,Paid
9759,9759,524620,235680,288940,Paid
9760,9760,32540,16710,15830,Paid
9761,9761,481910,396850,85060,Paid
9762,9762,38560,0,38560,Paid
9763,9763,79220,40030,39190,Paid
9764,9764,55540,29360,26180,Paid
9765,9765,40080,30470,9610,Partially Paid
9766,9766,99680,81450,18230,Paid
9767,9767,21690,0,21690,Pending
9768,9768,42550,0,42550,Paid
9769,9769,640580,287100,353480,Paid
9770,9770,143000,94010,48990,Paid
9771,9771,311850,271890,39960,Paid
9772,9772,229710,148130,81580,Paid
9773,9773,51990,33780,18210,Paid
9774,9774,77400,37050,40350,Paid
9775,9775,119970,69890,50080,Paid
9776,9776,135920,57960,77960,Paid
9777,9777,221720,118330,103390,Paid
9778,9778,123840,67630,56210,Paid
9779,9779,37410,0,37410,Paid
9780,9780,87940,59080,28860,Paid
9781,9781,90590,81170,9420,Pending
9782,9782,96000,45910,50090,Partially Paid
9783,9783,30090,17310,12780,Paid
9784,9784,399080,260140,138940,Paid
9785,9785,75130,45640,29490,Paid
9786,9786,66980,35740,31240,Paid
9787,9787,259610,0,259610,Paid
9788,9788,30390,17390,13000,Paid
9789,9789,70490,56570,13920,Paid
9790,9790,125280,111310,13970,Paid
9791,9791,264200,116990,147210,Paid
9792,9792,20270,14130,6140,Partially Paid
9793,9793,88890,50900,37990,Paid
9794,9794,23470,19250,4220,Paid
9795,9795,11550,7240,4310,Pending
9796,9796,22790,13150,9640,Paid
9797,9797,20890,16410,4480,Paid
9798,9798,119400,0,119400,Paid
9799,9799,235080,162760,72320,Partially Paid
9800,9800,130320,53850,76470,Paid
9801,9801,116090,0,116090,Paid
9802,9802,92930,59270,33660,Paid
9803,9803,127380,0,127380,Partially Paid
9804,9804,44020,20180,23840,Paid
9805,9805,11280,8490,2790,Paid
9806,9806,98950,61010,37940,Paid
9807,9807,291900,172430,119470,Pending
9808,9808,141160,69740,71420,Partially Paid
9809,9809,18890,0,18890,Paid
9810,9810,60960,0,60960,Paid
9811,9811,116070,50730,65340,Paid
9812,9812,24260,0,24260,Paid
9813,9813,42590,29240,13350,Paid
9814,9814,29780,20260,9520,Pending
9815,9815,33130,28330,4800,Paid
9816,9816,36170,0,36170,Partially Paid
9817,9817,34150,0,34150,Paid
9818,9818,78570,32400,46170,Paid
9819,9819,142570,120470,22100,Paid
9820,9820,141340,0,141340,Partially Paid
9821,9821,28420,0,28420,Pending
9822,9822,30320,0,30320,Paid
9823,9823,100120,47420,52700,Partially Paid
9824,9824,143280,0,143280,Paid
9825,9825,70320,54170,16150,Paid
9826,9826,54520,0,54520,Paid
9827,9827,89660,61560,28100,Paid
9828,9828,40850,0,40850,Paid
9829,9829,21730,15350,6380,Pending
9830,9830,26730,22840,3890,Paid
9831,9831,422790,312720,110070,Paid
9832,9832,24440,16570,7870,Paid
9833,9833,34850,0,34850,Paid
9834,9834,272630,0,272630,Pending
9835,9835,145570,94680,50890,Paid
9836,9836,38300,0,38300,Paid
9837,9837,38690,32050,6640,Pending
9838,9838,46270,20400,25870,Paid
9839,9839,56000,47160,8840,Pending
9840,9840,64370,0,64370,Paid
9841,9841,44810,21470,23340,Paid
9842,9842,117520,60580,56940,Paid
9843,9843,134530,0,134530,Paid
9844,9844,136870,0,136870,Paid
9845,9845,87960,0,87960,Paid
9846,9846,58340,0,58340,Paid
9847,9847,31010,18190,12820,Paid
9848,9848,40330,20990,19340,Paid
9849,9849,15220,6490,8730,Paid
9850,9850,26940,23720,3220,Paid
9851,9851,13790,5630,8160,Paid
9852,9852,99160,86540,12620,Partially Paid
9853,9853,41570,28590,12980,Paid
9854,9854,41580,29730,11850,Paid
9855,9855,8820,0,8820,Paid
9856,9856,11620,0,11620,Paid
9857,9857,60770,43230,17540,Paid
9858,9858,49200,38070,11130,Paid
9859,9859,112530,99880,12650,Paid
9860,9860,25150,0,25150,Paid
9861,9861,194810,164610,30200,Paid
9862,9862,97130,67850,29280,Paid
9863,9863,24900,18880,6020,Paid
9864,9864,40900,0,40900,Paid
9865,9865,87310,0,87310,Paid
9866,9866,85750,68030,17720,Paid
9867,9867,28190,0,28190,Paid
9868,9868,24730,15580,9150,Paid
9869,9869,86510,46450,40060,Paid
9870,9870,20750,17410,3340,Paid
9871,9871,40660,24160,16500,Paid
9872,9872,92690,0,92690,Paid
9873,9873,25910,19660,6250,Paid
9874,9874,89740,39270,50470,Paid
9875,9875,80930,0,80930,Paid
9876,9876,33340,29280,4060,Paid
9877,9877,65040,0,65040,Paid
9878,9878,112180,48850,63330,Paid
9879,9879,11420,9260,2160,Paid
9880,9880,42400,29660,12740,Paid
9881,9881,88990,0,88990,Paid
9882,9882,182480,105650,76830,Paid
9883,9883,301880,219370,82510,Pending
9884,9884,14080,0,14080,Paid
9885,9885,76350,0,76350,Paid
9886,9886,405260,298900,106360,Paid
9887,9887,56340,44100,12240,Paid
9888,9888,38220,28520,9700,Paid
9889,9889,93470,0,93470,Partially Paid
9890,9890,12280,0,12280,Pending
9891,9891,37650,32770,4880,Pending
9892,9892,55700,36990,18710,Paid
9893,9893,96930,86250,10680,Paid
9894,9894,125400,51120,74280,Paid
9895,9895,85140,55260,29880,Paid
9896,9896,26110,17850,8260,Paid
9897,9897,113860,88500,25360,Paid
9898,9898,118940,0,118940,Paid
9899,9899,168780,109090,59690,Paid
9900,9900,96440,0,96440,Paid
9901,9901,16820,13780,3040,Paid
9902,9902,65150,36510,28640,Pending
9903,9903,108920,57640,51280,Partially Paid
9904,9904,25770,18150,7620,Paid
9905,9905,9440,4710,4730,Paid
9906,9906,68210,46560,21650,Paid
9907,9907,166800,130650,36150,Paid
9908,9908,17920,14740,3180,Paid
9909,9909,29340,18680,10660,Paid
9910,9910,87920,37910,50010,Paid
9911,9911,309440,144640,164800,Paid
9912,9912,45350,0,45350,Paid
9913,9913,271550,115210,156340,Partially Paid
9914,9914,277550,146480,131070,Paid
9915,9915,41940,28380,13560,Pending
9916,9916,416530,230690,185840,Pending
9917,9917,24540,17380,7160,Paid
9918,9918,18740,9720,9020,Paid
9919,9919,109760,68880,40880,Paid
9920,9920,137480,109570,27910,Paid
9921,9921,428220,313610,114610,Pending
9922,9922,48740,41770,6970,Paid
9923,9923,78680,60790,17890,Paid
9924,9924,190230,104810,85420,Paid
9925,9925,41220,0,41220,Paid
9926,9926,85810,0,85810,Paid
9927,9927,26440,22930,3510,Paid
9928,9928,87770,77730,10040,Paid
9929,9929,78360,43270,35090,Paid
9930,9930,30490,18980,11510,Paid
9931,9931,37290,22080,15210,Paid
9932,9932,37480,0,37480,Paid
9933,9933,6310,0,6310,Paid
9934,9934,31310,26400,4910,Partially Paid
9935,9935,92670,45410,47260,Paid
9936,9936,201330,97020,104310,Paid
9937,9937,193090,143490,49600,Paid
9938,9938,38910,16090,22820,Paid
9939,9939,32300,22260,10040,Paid
9940,9940,20170,11430,8740,Partially Paid
9941,9941,74440,36310,38130,Paid
9942,9942,71160,0,71160,Paid
9943,9943,51560,34840,16720,Paid
9944,9944,114350,81420,32930,Paid
9945,9945,32990,16600,16390,Partially Paid
9946,9946,92610,47350,45260,Paid
9947,9947,35600,0,35600,Pending
9948,9948,28860,16710,12150,Partially Paid
9949,9949,14550,0,14550,Paid
9950,9950,31320,0,31320,Paid
9951,9951,25530,14840,10690,Paid
9952,9952,26010,0,26010,Paid
9953,9953,20410,14630,5780,Paid
9954,9954,125020,89110,35910,Paid
9955,9955,24030,17330,6700,Paid
9956,9956,22330,12230,10100,Paid
9957,9957,43470,27530,15940,Paid
9958,9958,22860,11600,11260,Pending
9959,9959,34660,30510,4150,Pending
9960,9960,118830,63550,55280,Paid
9961,9961,19420,0,19420,Pending
9962,9962,74420,53920,20500,Paid
9963,9963,11700,7230,4470,Paid
9964,9964,26410,10930,15480,Paid
9965,9965,9790,4830,4960,Paid
9966,9966,50700,42970,7730,Partially Paid
9967,9967,117950,90600,27350,Paid
9968,9968,23600,19940,3660,Paid
9969,9969,34300,15860,18440,Paid
9970,9970,301740,0,301740,Pending
9971,9971,37690,32490,5200,Paid
9972,9972,81110,53010,28100,Paid
9973,9973,247270,195560,51710,Paid
9974,9974,24840,0,24840,Paid
9975,9975,26340,19170,7170,Paid
9976,9976,14490,12860,1630,Paid
9977,9977,121930,61510,60420,Paid
9978,9978,44830,27120,17710,Paid
9979,9979,18020,14200,3820,Pending
9980,9980,341080,215810,125270,Paid
9981,9981,207640,157980,49660,Pending
9982,9982,110630,44590,66040,Paid
9983,9983,21690,8730,12960,Paid
9984,9984,29820,23020,6800,Paid
9985,9985,83800,0,83800,Paid
9986,9986,22660,16100,6560,Paid
9987,9987,21580,0,21580,Pending
9988,9988,96750,70470,26280,Partially Paid
9989,9989,73870,31410,42460,Paid
9990,9990,39570,24930,14640,Paid
9991,9991,19600,0,19600,Paid
9992,9992,138880,0,138880,Pending
9993,9993,23740,14790,8950,Paid
9994,9994,65910,0,65910,Paid
9995,9995,227890,0,227890,Paid
9996,9996,54760,37010,17750,Paid
9997,9997,109170,0,109170,Paid
9998,9998,28580,0,28580,Partially Paid
9999,9999,44500,0,44500,Pending
10000,10000,37440,0,37440,Paid
10001,10001,259990,188460,71530,Paid
10002,10002,171650,0,171650,Paid
10003,10003,13690,12140,1550,Paid
10004,10004,40210,19470,20740,Paid
10005,10005,202310,0,202310,Paid
10006,10006,88410,44970,43440,Paid
10007,10007,45160,31270,13890,Paid
10008,10008,72830,51530,21300,Paid
10009,10009,24130,0,24130,Partially Paid
10010,10010,30020,0,30020,Paid
10011,10011,21030,11870,9160,Paid
10012,10012,93910,0,93910,Pending
10013,10013,170160,128420,41740,Partially Paid
10014,10014,45560,0,45560,Paid
10015,10015,91700,67870,23830,Partially Paid
10016,10016,36720,0,36720,Paid
10017,10017,32620,16140,16480,Paid
10018,10018,265280,0,265280,Partially Paid
10019,10019,43570,26370,17200,Paid
10020,10020,14220,12510,1710,Pending
10021,10021,63250,0,63250,Paid
10022,10022,40650,0,40650,Paid
10023,10023,184290,115930,68360,Paid
10024,10024,70880,34760,36120,Paid
10025,10025,78820,45760,33060,Paid
10026,10026,379460,160720,218740,Paid
10027,10027,111120,64540,46580,Pending
10028,10028,22970,10340,12630,Partially Paid
10029,10029,67290,0,67290,Paid
10030,10030,108330,0,108330,Paid
10031,10031,76270,50260,26010,Paid
10032,10032,23650,20240,3410,Paid
10033,10033,88790,47110,41680,Partially Paid
10034,10034,48910,0,48910,Pending
10035,10035,17530,0,17530,Partially Paid
10036,10036,48110,40980,7130,Paid
10037,10037,27590,14470,13120,Paid
10038,10038,43870,0,43870,Paid
10039,10039,23690,19890,3800,Paid
10040,10040,45830,36440,9390,Paid
10041,10041,104190,61300,42890,Pending
10042,10042,34760,18590,16170,Paid
10043,10043,20360,0,20360,Paid
10044,10044,112130,0,112130,Partially Paid
10045,10045,26710,0,26710,Paid
10046,10046,43240,31970,11270,Paid
10047,10047,128300,0,128300,Paid
10048,10048,253680,126210,127470,Paid
10049,10049,31380,17100,14280,Paid
10050,10050,39180,24150,15030,Paid
10051,10051,7920,3790,4130,Paid
10052,10052,16640,13520,3120,Pending
10053,10053,59290,41140,18150,Partially Paid
10054,10054,29090,17670,11420,Paid
10055,10055,73190,39870,33320,Partially Paid
10056,10056,31750,19630,12120,Partially Paid
10057,10057,60220,0,60220,Paid
10058,10058,118240,62260,55980,Paid
10059,10059,22520,0,22520,Paid
10060,10060,94120,55530,38590,Paid
10061,10061,62760,37680,25080,Paid
10062,10062,254370,152350,102020,Paid
10063,10063,25890,0,25890,Paid
10064,10064,39380,21420,17960,Paid
10065,10065,43730,18250,25480,Paid
10066,10066,367170,0,367170,Paid
10067,10067,42420,33010,9410,Paid
10068,10068,104100,0,104100,Paid
10069,10069,28940,21530,7410,Partially Paid
10070,10070,15390,12230,3160,Paid
10071,10071,88670,0,88670,Paid
10072,10072,33470,0,33470,Paid
10073,10073,11220,0,11220,Paid
10074,10074,142180,63960,78220,Paid
10075,10075,278270,0,278270,Paid
10076,10076,24860,11600,13260,Paid
10077,10077,209360,116050,93310,Paid
10078,10078,193120,136810,56310,Paid
10079,10079,17120,0,17120,Pending
10080,10080,66920,43740,23180,Paid
10081,10081,40130,32190,7940,Paid
10082,10082,77340,53220,24120,Partially Paid
10083,10083,42700,19270,23430,Paid
10084,10084,7070,4780,2290,Paid
10085,10085,94120,68830,25290,Paid
10086,10086,34750,25890,8860,Paid
10087,10087,19500,12540,6960,Paid
10088,10088,273000,233460,39540,Paid
10089,10089,23190,9940,13250,Paid
10090,10090,42920,26530,16390,Paid
10091,10091,50440,32570,17870,Partially Paid
10092,10092,74900,41830,33070,Paid
10093,10093,54300,42090,12210,Paid
10094,10094,33430,16700,16730,Paid
10095,10095,27230,23450,3780,Paid
10096,10096,39040,31930,7110,Paid
10097,10097,33260,22990,10270,Paid
10098,10098,76700,55230,21470,Paid
10099,10099,133760,64930,68830,Paid
10100,10100,322200,257280,64920,Paid
10101,10101,111040,92150,18890,Paid
10102,10102,84210,73490,10720,Paid
10103,10103,122570,104490,18080,Partially Paid
10104,10104,89620,45510,44110,Partially Paid
10105,10105,31540,0,31540,Paid
10106,10106,23790,0,23790,Paid
10107,10107,36360,16160,20200,Paid
10108,10108,10010,7740,2270,Paid
10109,10109,15270,6220,9050,Paid
10110,10110,22440,0,22440,Pending
10111,10111,37780,0,37780,Paid
10112,10112,92390,61290,31100,Paid
10113,10113,27760,13500,14260,Paid
10114,10114,20950,18620,2330,Partially Paid
10115,10115,192220,78580,113640,Paid
10116,10116,23010,0,23010,Paid
10117,10117,41390,0,41390,Paid
10118,10118,23460,0,23460,Paid
10119,10119,40210,23600,16610,Pending
10120,10120,42120,35060,7060,Paid
10121,10121,134380,83180,51200,Paid
10122,10122,98230,50240,47990,Paid
10123,10123,55270,33150,22120,Paid
10124,10124,24670,14470,10200,Paid
10125,10125,22120,16080,6040,Paid
10126,10126,21050,14420,6630,Paid
10127,10127,112350,63310,49040,Pending
10128,10128,99700,54730,44970,Paid
10129,10129,61400,45710,15690,Paid
10130,10130,76080,42360,33720,Paid
10131,10131,17920,10320,7600,Paid
10132,10132,66240,29110,37130,Paid
10133,10133,31610,0,31610,Pending
10134,10134,26520,13970,12550,Paid
10135,10135,16160,8570,7590,Paid
10136,10136,8280,4750,3530,Paid
10137,10137,71610,42310,29300,Paid
10138,10138,10460,8370,2090,Paid
10139,10139,14910,13080,1830,Paid
10140,10140,21300,0,21300,Paid
10141,10141,15340,11530,3810,Paid
10142,10142,72890,44850,28040,Paid
10143,10143,29810,22700,7110,Paid
10144,10144,85740,74810,10930,Partially Paid
10145,10145,133620,85470,48150,Paid
10146,10146,11530,6090,5440,Paid
10147,10147,154740,78410,76330,Paid
10148,10148,112930,74210,38720,Paid
10149,10149,12100,6640,5460,Paid
10150,10150,303890,259690,44200,Paid
10151,10151,8380,5970,2410,Pending
10152,10152,24100,16170,7930,Paid
10153,10153,372580,162420,210160,Pending
10154,10154,15360,12950,2410,Pending
10155,10155,105520,0,105520,Partially Paid
10156,10156,56910,36790,20120,Paid
10157,10157,99680,82680,17000,Pending
10158,10158,42080,0,42080,Pending
10159,10159,13090,6160,6930,Pending
10160,10160,52220,0,52220,Paid
10161,10161,7680,6110,1570,Paid
10162,10162,24080,10890,13190,Paid
10163,10163,17430,9760,7670,Paid
10164,10164,57540,29230,28310,Pending
10165,10165,140810,115340,25470,Pending
10166,10166,65170,39910,25260,Paid
10167,10167,22210,15250,6960,Paid
10168,10168,160540,0,160540,Paid
10169,10169,162440,112240,50200,Paid
10170,10170,216230,0,216230,Paid
10171,10171,33300,0,33300,Paid
10172,10172,53960,0,53960,Paid
10173,10173,205750,100550,105200,Paid
10174,10174,92500,64800,27700,Paid
10175,10175,27420,0,27420,Pending
10176,10176,58120,32460,25660,Paid
10177,10177,10130,8830,1300,Pending
10178,10178,21980,10700,11280,Paid
10179,10179,31090,25930,5160,Paid
10180,10180,39930,0,39930,Paid
10181,10181,17090,0,17090,Paid
10182,10182,18130,11390,6740,Pending
10183,10183,98450,76010,22440,Paid
10184,10184,33360,0,33360,Paid
10185,10185,21170,10880,10290,Paid
10186,10186,53400,43600,9800,Paid
10187,10187,53060,29530,23530,Paid
10188,10188,24690,20330,4360,Paid
10189,10189,20010,0,20010,Pending
10190,10190,140530,95890,44640,Paid
10191,10191,32050,26900,5150,Paid
10192,10192,127960,91820,36140,Paid
10193,10193,28890,21760,7130,Paid
10194,10194,87910,65300,22610,Paid
10195,10195,22100,0,22100,Partially Paid
10196,10196,21920,17940,3980,Paid
10197,10197,14960,13030,1930,Paid
10198,10198,35870,25760,10110,Paid
10199,10199,38480,0,38480,Paid
10200,10200,22610,16020,6590,Paid
10201,10201,144370,0,144370,Paid
10202,10202,64130,51970,12160,Partially Paid
10203,10203,35560,25260,10300,Partially Paid
10204,10204,57600,34540,23060,Paid
10205,10205,14210,11110,3100,Paid
10206,10206,151600,69110,82490,Paid
10207,10207,25660,0,25660,Paid
10208,10208,369000,188220,180780,Paid
10209,10209,29300,20740,8560,Pending
10210,10210,56870,48860,8010,Paid
10211,10211,29380,18260,11120,Pending
10212,10212,15130,6930,8200,Paid
10213,10213,23500,10270,13230,Pending
10214,10214,9570,5900,3670,Partially Paid
10215,10215,124060,0,124060,Paid
10216,10216,135340,107620,27720,Paid
10217,10217,31590,25250,6340,Paid
10218,10218,313410,161990,151420,Paid
10219,10219,39850,32170,7680,Paid
10220,10220,93990,41390,52600,Paid
10221,10221,47030,34150,12880,Paid
10222,10222,17460,13860,3600,Paid
10223,10223,80350,59970,20380,Paid
10224,10224,94620,0,94620,Paid
10225,10225,20830,8400,12430,Partially Paid
10226,10226,380530,289420,91110,Paid
10227,10227,13770,0,13770,Paid
10228,10228,22550,14930,7620,Paid
10229,10229,29550,22000,7550,Paid
10230,10230,20410,10060,10350,Partially Paid
10231,10231,18980,13200,5780,Paid
10232,10232,33530,28850,4680,Paid
10233,10233,29430,12650,16780,Paid
10234,10234,20470,0,20470,Paid
10235,10235,96850,0,96850,Paid
10236,10236,175440,78890,96550,Partially Paid
10237,10237,39450,22790,16660,Paid
10238,10238,25850,19640,6210,Paid
10239,10239,101120,50880,50240,Pending
10240,10240,67860,56170,11690,Paid
10241,10241,12920,11430,1490,Partially Paid
10242,10242,53450,40960,12490,Paid
10243,10243,79610,61310,18300,Paid
10244,10244,13310,5490,7820,Pending
10245,10245,68000,51650,16350,Paid
10246,10246,29700,21080,8620,Paid
10247,10247,29560,24780,4780,Paid
10248,10248,343360,289410,53950,Paid
10249,10249,80080,52890,27190,Paid
10250,10250,39710,28830,10880,Paid
10251,10251,328230,0,328230,Paid
10252,10252,17300,0,17300,Partially Paid
10253,10253,35500,30490,5010,Paid
10254,10254,35430,16400,19030,Paid
10255,10255,51700,0,51700,Paid
10256,10256,118520,97350,21170,Paid
10257,10257,40680,29660,11020,Paid
10258,10258,218220,168360,49860,Paid
10259,10259,56620,47580,9040,Paid
10260,10260,8450,0,8450,Paid
10261,10261,39600,17310,22290,Paid
10262,10262,18480,13690,4790,Pending
10263,10263,344330,0,344330,Paid
10264,10264,21260,9860,11400,Paid
10265,10265,89780,77190,12590,Paid
10266,10266,54520,33920,20600,Pending
10267,10267,10940,0,10940,Paid
10268,10268,48380,41770,6610,Paid
10269,10269,57170,42160,15010,Paid
10270,10270,123880,0,123880,Paid
10271,10271,231840,110450,121390,Paid
10272,10272,32580,23430,9150,Paid
10273,10273,44650,19420,25230,Paid
10274,10274,127760,74350,53410,Paid
10275,10275,92670,70720,21950,Paid
10276,10276,137410,60640,76770,Paid
10277,10277,269110,221120,47990,Paid
10278,10278,55130,44910,10220,Paid
10279,10279,6380,4590,1790,Pending
10280,10280,31570,24760,6810,Paid
10281,10281,22570,0,22570,Partially Paid
10282,10282,24100,15800,8300,Partially Paid
10283,10283,55630,27340,28290,Paid
10284,10284,32780,24690,8090,Paid
10285,10285,39090,0,39090,Pending
10286,10286,40650,32870,7780,Paid
10287,10287,68650,39660,28990,Paid
10288,10288,25680,16520,9160,Pending
10289,10289,67930,48720,19210,Paid
10290,10290,15320,6810,8510,Partially Paid
10291,10291,11190,5840,5350,Partially Paid
10292,10292,22070,0,22070,Paid
10293,10293,24110,17240,6870,Pending
10294,10294,32610,24870,7740,Paid
10295,10295,41610,31990,9620,Paid
10296,10296,285610,0,285610,Partially Paid
10297,10297,18790,12710,6080,Paid
10298,10298,48840,25970,22870,Paid
10299,10299,29630,19960,9670,Paid
10300,10300,64710,34190,30520,Partially Paid
10301,10301,65910,0,65910,Paid
10302,10302,25670,14100,11570,Paid
10303,10303,14480,0,14480,Pending
10304,10304,121560,87280,34280,Paid
10305,10305,221960,150160,71800,Paid
10306,10306,154600,66110,88490,Paid
10307,10307,35910,14460,21450,Paid
10308,10308,175830,0,175830,Pending
10309,10309,60080,31170,28910,Paid
10310,10310,22800,13640,9160,Paid
10311,10311,28900,18470,10430,Pending
10312,10312,10960,7410,3550,Paid
10313,10313,25520,0,25520,Paid
10314,10314,21120,12660,8460,Paid
10315,10315,174200,0,174200,Paid
10316,10316,44770,39040,5730,Paid
10317,10317,113100,0,113100,Paid
10318,10318,71030,35120,35910,Paid
10319,10319,55650,0,55650,Paid
10320,10320,154370,138530,15840,Paid
10321,10321,74790,31890,42900,Paid
10322,10322,44690,29980,14710,Paid
10323,10323,24150,0,24150,Paid
10324,10324,6440,5130,1310,Paid
10325,10325,15160,13290,1870,Paid
10326,10326,23900,15830,8070,Paid
10327,10327,25430,0,25430,Partially Paid
10328,10328,30030,13090,16940,Pending
10329,10329,58020,44870,13150,Pending
10330,10330,80380,66830,13550,Paid
10331,10331,23470,0,23470,Partially Paid
10332,10332,45730,26210,19520,Paid
10333,10333,93680,0,93680,Paid
10334,10334,21620,13600,8020,Paid
10335,10335,49220,36440,12780,Paid
10336,10336,54950,47520,7430,Paid
10337,10337,49590,21140,28450,Paid
10338,10338,40860,31650,9210,Paid
10339,10339,138440,81390,57050,Paid
10340,10340,62130,46340,15790,Paid
10341,10341,25550,15040,10510,Paid
10342,10342,82540,52540,30000,Paid
10343,10343,26300,20910,5390,Paid
10344,10344,45770,19340,26430,Paid
10345,10345,123690,56400,67290,Paid
10346,10346,177400,84560,92840,Paid
10347,10347,35040,14370,20670,Paid
10348,10348,21030,12920,8110,Partially Paid
10349,10349,21620,14420,7200,Paid
10350,10350,49290,30770,18520,Paid
10351,10351,170780,117830,52950,Paid
10352,10352,389690,320470,69220,Paid
10353,10353,35290,0,35290,Paid
10354,10354,39720,23310,16410,Paid
10355,10355,143770,0,143770,Paid
10356,10356,109970,0,109970,Paid
10357,10357,18630,10320,8310,Paid
10358,10358,163700,90340,73360,Paid
10359,10359,38240,0,38240,Paid
10360,10360,6570,4160,2410,Pending
10361,10361,28410,11790,16620,Paid
10362,10362,102810,0,102810,Paid
10363,10363,130860,59330,71530,Partially Paid
10364,10364,246570,0,246570,Paid
10365,10365,25420,17080,8340,Paid
10366,10366,32720,14610,18110,Paid
10367,10367,15420,7030,8390,Paid
10368,10368,108480,0,108480,Paid
10369,10369,15270,0,15270,Partially Paid
10370,10370,37100,31790,5310,Paid
10371,10371,25560,10450,15110,Paid
10372,10372,58880,44580,14300,Partially Paid
10373,10373,41170,34240,6930,Paid
10374,10374,181250,89160,92090,Paid
10375,10375,300700,172360,128340,Paid
10376,10376,61800,29650,32150,Paid
10377,10377,22020,16630,5390,Paid
10378,10378,225190,0,225190,Pending
10379,10379,43070,0,43070,Paid
10380,10380,41250,17830,23420,Partially Paid
10381,10381,205460,90190,115270,Paid
10382,10382,20380,16940,3440,Paid
10383,10383,44970,20650,24320,Paid
10384,10384,36040,28920,7120,Paid
10385,10385,115810,51480,64330,Paid
10386,10386,57150,41770,15380,Paid
10387,10387,6430,3440,2990,Paid
10388,10388,32940,0,32940,Partially Paid
10389,10389,38130,0,38130,Pending
10390,10390,54150,36070,18080,Paid
10391,10391,235450,108770,126680,Paid
10392,10392,8650,6460,2190,Paid
10393,10393,127580,65140,62440,Partially Paid
10394,10394,53310,34520,18790,Paid
10395,10395,88420,66740,21680,Paid
10396,10396,13470,6480,6990,Paid
10397,10397,33980,25650,8330,Paid
10398,10398,75690,64940,10750,Pending
10399,10399,53680,30200,23480,Paid
10400,10400,282970,145410,137560,Paid
10401,10401,40750,21230,19520,Paid
10402,10402,6400,0,6400,Paid
10403,10403,112060,84080,27980,Paid
10404,10404,70710,43670,27040,Paid
10405,10405,12910,8450,4460,Partially Paid
10406,10406,119970,101490,18480,Paid
10407,10407,130810,70940,59870,Paid
10408,10408,153470,92120,61350,Paid
10409,10409,71160,42390,28770,Partially Paid
10410,10410,152380,63800,88580,Partially Paid
10411,10411,26690,16500,10190,Paid
10412,10412,39690,26790,12900,Paid
10413,10413,50870,0,50870,Paid
10414,10414,44810,23350,21460,Paid
10415,10415,55320,0,55320,Paid
10416,10416,22230,11810,10420,Paid
10417,10417,49340,34760,14580,Paid
10418,10418,103990,45620,58370,Paid
10419,10419,72660,44800,27860,Paid
10420,10420,54440,39020,15420,Paid
10421,10421,45600,30780,14820,Partially Paid
10422,10422,28290,20170,8120,Paid
10423,10423,19600,0,19600,Paid
10424,10424,150520,0,150520,Partially Paid
10425,10425,52150,20920,31230,Paid
10426,10426,108980,59670,49310,Paid
10427,10427,7760,6920,840,Paid
10428,10428,77810,0,77810,Paid
10429,10429,129230,0,129230,Pending
10430,10430,101710,82360,19350,Paid
10431,10431,66010,0,66010,Paid
10432,10432,365580,205750,159830,Paid
10433,10433,36030,27230,8800,Paid
10434,10434,150950,0,150950,Paid
10435,10435,12420,7790,4630,Paid
10436,10436,91980,0,91980,Paid
10437,10437,93340,0,93340,Paid
10438,10438,6510,3170,3340,Paid
10439,10439,37320,0,37320,Paid
10440,10440,45880,0,45880,Paid
10441,10441,22470,13220,9250,Paid
10442,10442,19540,0,19540,Paid
10443,10443,17970,13400,4570,Paid
10444,10444,60210,0,60210,Paid
10445,10445,160460,87840,72620,Paid
10446,10446,81680,49350,32330,Paid
10447,10447,29750,16310,13440,Paid
10448,10448,26610,15140,11470,Paid
10449,10449,26850,0,26850,Paid
10450,10450,20140,15420,4720,Paid
10451,10451,31120,25200,5920,Paid
10452,10452,35800,22430,13370,Paid
10453,10453,7220,5550,1670,Partially Paid
10454,10454,30130,17280,12850,Pending
10455,10455,58590,46090,12500,Paid
10456,10456,131060,0,131060,Paid
10457,10457,46950,27110,19840,Paid
10458,10458,10590,7890,2700,Pending
10459,10459,23000,11580,11420,Pending
10460,10460,191040,0,191040,Pending
10461,10461,15640,0,15640,Paid
10462,10462,18910,9440,9470,Pending
10463,10463,61230,40040,21190,Paid
10464,10464,188810,122640,66170,Paid
10465,10465,29820,18950,10870,Paid
10466,10466,181590,0,181590,Paid
10467,10467,33560,25880,7680,Pending
10468,10468,117040,90520,26520,Paid
10469,10469,42420,31040,11380,Paid
10470,10470,30700,16730,13970,Paid
10471,10471,23830,0,23830,Paid
10472,10472,34700,0,34700,Paid
10473,10473,265130,0,265130,Paid
10474,10474,271730,148220,123510,Pending
10475,10475,43080,0,43080,Paid
10476,10476,106590,78090,28500,Paid
10477,10477,32450,0,32450,Paid
10478,10478,111410,74650,36760,Paid
10479,10479,24800,0,24800,Pending
10480,10480,28350,24180,4170,Partially Paid
10481,10481,79770,37750,42020,Paid
10482,10482,31290,0,31290,Paid
10483,10483,348330,0,348330,Paid
10484,10484,425380,355030,70350,Paid
10485,10485,115250,59580,55670,Paid
10486,10486,37070,0,37070,Paid
10487,10487,347300,211950,135350,Paid
10488,10488,41360,23710,17650,Paid
10489,10489,31910,26150,5760,Paid
10490,10490,63930,0,63930,Paid
10491,10491,23540,0,23540,Paid
10492,10492,36390,22900,13490,Paid
10493,10493,40040,28010,12030,Paid
10494,10494,67570,32090,35480,Pending
10495,10495,86470,0,86470,Paid
10496,10496,22110,12100,10010,Paid
10497,10497,75140,41070,34070,Paid
10498,10498,36810,23220,13590,Pending
10499,10499,23150,15520,7630,Paid
10500,10500,23420,17350,6070,Paid
10501,10501,16130,13430,2700,Paid
10502,10502,19220,0,19220,Pending
10503,10503,117660,91030,26630,Paid
10504,10504,134510,0,134510,Paid
10505,10505,21200,17280,3920,Paid
10506,10506,43400,21140,22260,Paid
10507,10507,35230,19660,15570,Paid
10508,10508,37770,0,37770,Paid
10509,10509,22030,0,22030,Pending
10510,10510,10690,0,10690,Pending
10511,10511,23420,19170,4250,Paid
10512,10512,88780,68960,19820,Paid
10513,10513,154230,76320,77910,Paid
10514,10514,63060,35510,27550,Pending
10515,10515,7460,3950,3510,Paid
10516,10516,89660,0,89660,Pending
10517,10517,102620,76860,25760,Partially Paid
10518,10518,42800,32840,9960,Pending
10519,10519,16640,13510,3130,Paid
10520,10520,47260,21980,25280,Paid
10521,10521,39880,23980,15900,Pending
10522,10522,233920,138620,95300,Pending
10523,10523,15040,0,15040,Paid
10524,10524,13360,7030,6330,Paid
10525,10525,129620,55670,73950,Paid
10526,10526,27130,14040,13090,Paid
10527,10527,119710,103190,16520,Paid
10528,10528,45470,38300,7170,Paid
10529,10529,426120,260970,165150,Paid
10530,10530,49640,36520,13120,Paid
10531,10531,67460,40700,26760,Partially Paid
10532,10532,15840,10900,4940,Paid
10533,10533,59460,45260,14200,Paid
10534,10534,524850,391540,133310,Paid
10535,10535,110170,64490,45680,Paid
10536,10536,65280,41060,24220,Paid
10537,10537,41820,31930,9890,Paid
10538,10538,6510,4940,1570,Paid
10539,10539,42980,33040,9940,Partially Paid
10540,10540,123390,76430,46960,Paid
10541,10541,18420,11530,6890,Paid
10542,10542,20010,12610,7400,Paid
10543,10543,22130,9900,12230,Paid
10544,10544,131480,84870,46610,Paid
10545,10545,33930,0,33930,Paid
10546,10546,7780,4910,2870,Paid
10547,10547,77670,31280,46390,Paid
10548,10548,89080,0,89080,Paid
10549,10549,44960,33650,11310,Paid
10550,10550,113930,52630,61300,Paid
10551,10551,96820,0,96820,Paid
10552,10552,42380,35520,6860,Paid
10553,10553,25360,18240,7120,Paid
10554,10554,50320,25530,24790,Paid
10555,10555,78700,0,78700,Paid
10556,10556,94590,45880,48710,Pending
10557,10557,58530,26050,32480,Paid
10558,10558,52750,24850,27900,Partially Paid
10559,10559,84170,45510,38660,Paid
10560,10560,88000,0,88000,Partially Paid
10561,10561,55350,31510,23840,Paid
10562,10562,24530,0,24530,Paid
10563,10563,35940,20730,15210,Partially Paid
10564,10564,175250,75220,100030,Paid
10565,10565,275720,0,275720,Paid
10566,10566,39150,26260,12890,Partially Paid
10567,10567,63300,0,63300,Paid
10568,10568,99380,77010,22370,Pending
10569,10569,63650,26520,37130,Partially Paid
10570,10570,252540,134060,118480,Paid
10571,10571,34300,22230,12070,Partially Paid
10572,10572,29180,14380,14800,Paid
10573,10573,21150,12080,9070,Paid
10574,10574,75100,57960,17140,Paid
10575,10575,54800,39450,15350,Paid
10576,10576,62140,46630,15510,Pending
10577,10577,301670,131950,169720,Paid
10578,10578,15680,0,15680,Paid
10579,10579,35680,27830,7850,Paid
10580,10580,96010,38540,57470,Paid
10581,10581,37700,15480,22220,Paid
10582,10582,62390,40460,21930,Partially Paid
10583,10583,19490,13150,6340,Paid
10584,10584,39560,24240,15320,Paid
10585,10585,21990,11060,10930,Pending
10586,10586,20090,0,20090,Paid
10587,10587,86870,77150,9720,Pending
10588,10588,109020,72270,36750,Paid
10589,10589,147310,0,147310,Paid
10590,10590,48030,34510,13520,Pending
10591,10591,43540,21830,21710,Partially Paid
10592,10592,16650,9670,6980,Paid
10593,10593,31600,14050,17550,Paid
10594,10594,17430,8000,9430,Pending
10595,10595,332920,213780,119140,Paid
10596,10596,47930,30660,17270,Paid
10597,10597,40340,32970,7370,Partially Paid
10598,10598,33530,24980,8550,Paid
10599,10599,12530,0,12530,Paid
10600,10600,28120,25300,2820,Paid
10601,10601,32990,22030,10960,Partially Paid
10602,10602,110580,0,110580,Paid
10603,10603,98960,72790,26170,Paid
10604,10604,89840,64470,25370,Paid
10605,10605,19060,16810,2250,Paid
10606,10606,51800,44360,7440,Paid
10607,10607,61320,30780,30540,Pending
10608,10608,37470,25360,12110,Partially Paid
10609,10609,35080,28860,6220,Partially Paid
10610,10610,14770,6190,8580,Paid
10611,10611,24320,12090,12230,Paid
10612,10612,129700,0,129700,Paid
10613,10613,37350,15030,22320,Paid
10614,10614,100420,75990,24430,Pending
10615,10615,24070,18750,5320,Paid
10616,10616,93750,0,93750,Paid
10617,10617,245850,0,245850,Paid
10618,10618,18970,0,18970,Partially Paid
10619,10619,21810,16930,4880,Pending
10620,10620,79920,0,79920,Paid
10621,10621,46500,34220,12280,Paid
10622,10622,61320,41610,19710,Paid
10623,10623,34740,17350,17390,Paid
10624,10624,71500,55400,16100,Paid
10625,10625,251700,113570,138130,Paid
10626,10626,23640,16060,7580,Paid
10627,10627,122260,95780,26480,Paid
10628,10628,15800,7120,8680,Pending
10629,10629,106250,68990,37260,Paid
10630,10630,17880,12900,4980,Paid
10631,10631,62260,53440,8820,Paid
10632,10632,122700,103840,18860,Partially Paid
10633,10633,9440,0,9440,Paid
10634,10634,21580,11930,9650,Paid
10635,10635,27640,24790,2850,Paid
10636,10636,62310,0,62310,Paid
10637,10637,318970,244890,74080,Paid
10638,10638,83980,56280,27700,Paid
10639,10639,17750,13540,4210,Paid
10640,10640,48370,37310,11060,Paid
10641,10641,73050,64770,8280,Paid
10642,10642,456380,216790,239590,Paid
10643,10643,40790,22290,18500,Paid
10644,10644,124140,52120,72020,Partially Paid
10645,10645,104360,0,104360,Paid
10646,10646,251430,0,251430,Paid
10647,10647,27010,0,27010,Paid
10648,10648,136710,102730,33980,Paid
10649,10649,105890,59460,46430,Paid
10650,10650,29920,12990,16930,Paid
10651,10651,23530,20280,3250,Paid
10652,10652,40010,20100,19910,Paid
10653,10653,24080,16070,8010,Paid
10654,10654,12980,6530,6450,Paid
10655,10655,343050,142280,200770,Paid
10656,10656,18180,14590,3590,Paid
10657,10657,62790,0,62790,Paid
10658,10658,41100,31070,10030,Paid
10659,10659,53440,28200,25240,Paid
10660,10660,97040,66220,30820,Paid
10661,10661,146650,103390,43260,Paid
10662,10662,49800,37600,12200,Paid
10663,10663,73680,32280,41400,Paid
10664,10664,24460,16970,7490,Paid
10665,10665,10080,7990,2090,Pending
10666,10666,15080,11820,3260,Partially Paid
10667,10667,73310,63190,10120,Paid
10668,10668,165310,145740,19570,Partially Paid
10669,10669,36280,0,36280,Paid
10670,10670,61560,54940,6620,Paid
10671,10671,43190,0,43190,Paid
10672,10672,32730,26400,6330,Paid
10673,10673,21080,9310,11770,Paid
10674,10674,64050,30800,33250,Paid
10675,10675,15090,0,15090,Paid
10676,10676,150500,113890,36610,Paid
10677,10677,57160,36020,21140,Paid
10678,10678,154060,136170,17890,Paid
10679,10679,38360,0,38360,Partially Paid
10680,10680,34250,0,34250,Paid
10681,10681,62520,46090,16430,Partially Paid
10682,10682,61530,52460,9070,Paid
10683,10683,63600,32340,31260,Paid
10684,10684,42250,31060,11190,Paid
10685,10685,185070,88440,96630,Paid
10686,10686,59920,45680,14240,Paid
10687,10687,25500,13350,12150,Paid
10688,10688,30540,0,30540,Partially Paid
10689,10689,13330,9000,4330,Pending
10690,10690,17770,0,17770,Paid
10691,10691,27750,23910,3840,Pending
10692,10692,43020,37310,5710,Paid
10693,10693,29750,24180,5570,Paid
10694,10694,135520,0,135520,Paid
10695,10695,58880,39480,19400,Paid
10696,10696,171210,124880,46330,Pending
10697,10697,36520,30380,6140,Pending
10698,10698,34560,20870,13690,Paid
10699,10699,17240,11290,5950,Pending
10700,10700,26900,20760,6140,Paid
10701,10701,47040,38430,8610,Paid
10702,10702,10720,9180,1540,Partially Paid
10703,10703,315870,191180,124690,Paid
10704,10704,76460,34930,41530,Paid
10705,10705,21060,0,21060,Pending
10706,10706,23060,10590,12470,Paid
10707,10707,43550,22000,21550,Partially Paid
10708,10708,434460,297410,137050,Paid
10709,10709,135220,82730,52490,Paid
10710,10710,10030,0,10030,Paid
10711,10711,27810,19340,8470,Paid
10712,10712,32430,13950,18480,Paid
10713,10713,71870,43590,28280,Paid
10714,10714,55810,41820,13990,Paid
10715,10715,121110,50800,70310,Paid
10716,10716,7320,0,7320,Pending
10717,10717,13390,6400,6990,Partially Paid
10718,10718,57160,27590,29570,Paid
10719,10719,47430,22480,24950,Paid
10720,10720,22230,0,22230,Paid
10721,10721,52970,32350,20620,Paid
10722,10722,31090,21720,9370,Paid
10723,10723,52610,34100,18510,Partially Paid
10724,10724,138470,0,138470,Paid
10725,10725,25740,12890,12850,Paid
10726,10726,52500,0,52500,Paid
10727,10727,64490,53870,10620,Paid
10728,10728,148250,0,148250,Partially Paid
10729,10729,61060,45790,15270,Paid
10730,10730,269160,179390,89770,Paid
10731,10731,22080,17640,4440,Paid
10732,10732,25180,19270,5910,Pending
10733,10733,54870,0,54870,Pending
10734,10734,8630,5760,2870,Paid
10735,10735,186490,106470,80020,Paid
10736,10736,20740,0,20740,Paid
10737,10737,67500,28320,39180,Paid
10738,10738,24680,15710,8970,Paid
10739,10739,89110,0,89110,Paid
10740,10740,124630,88740,35890,Paid
10741,10741,33870,25950,7920,Paid
10742,10742,275780,0,275780,Paid
10743,10743,46210,18900,27310,Partially Paid
10744,10744,368470,160730,207740,Paid
10745,10745,131890,90250,41640,Paid
10746,10746,40260,35960,4300,Partially Paid
10747,10747,92680,46950,45730,Paid
10748,10748,30890,26580,4310,Paid
10749,10749,48400,0,48400,Paid
10750,10750,135690,116400,19290,Paid
10751,10751,150150,0,150150,Paid
10752,10752,12880,9100,3780,Partially Paid
10753,10753,93140,43110,50030,Paid
10754,10754,109350,0,109350,Paid
10755,10755,36170,0,36170,Pending
10756,10756,109420,47370,62050,Paid
10757,10757,44700,38640,6060,Paid
10758,10758,129810,106950,22860,Paid
10759,10759,9610,7440,2170,Pending
10760,10760,29690,14530,15160,Paid
10761,10761,15950,9530,6420,Pending
10762,10762,40040,32140,7900,Paid
10763,10763,49600,25890,23710,Paid
10764,10764,200760,156830,43930,Paid
10765,10765,34870,22660,12210,Partially Paid
10766,10766,153810,114570,39240,Paid
10767,10767,77110,68580,8530,Pending
10768,10768,44890,37630,7260,Pending
10769,10769,228800,139570,89230,Paid
10770,10770,19680,9200,10480,Paid
10771,10771,64430,52260,12170,Paid
10772,10772,31980,0,31980,Paid
10773,10773,26000,22420,3580,Paid
10774,10774,151510,92220,59290,Paid
10775,10775,202300,120640,81660,Paid
10776,10776,154760,118550,36210,Pending
10777,10777,23470,13320,10150,Paid
10778,10778,29660,17050,12610,Pending
10779,10779,20360,0,20360,Paid
10780,10780,15300,11250,4050,Paid
10781,10781,27340,23180,4160,Partially Paid
10782,10782,31990,28360,3630,Paid
10783,10783,166470,88720,77750,Paid
10784,10784,48210,29840,18370,Paid
10785,10785,105880,0,105880,Partially Paid
10786,10786,37440,18060,19380,Paid
10787,10787,26190,23220,2970,Partially Paid
10788,10788,126420,80200,46220,Pending
10789,10789,33540,0,33540,Paid
10790,10790,216720,123200,93520,Paid
10791,10791,33600,14250,19350,Paid
10792,10792,51920,38500,13420,Partially Paid
10793,10793,34320,0,34320,Pending
10794,10794,37670,18610,19060,Paid
10795,10795,19220,15810,3410,Paid
10796,10796,8140,6210,1930,Paid
10797,10797,93680,0,93680,Paid
10798,10798,391320,265240,126080,Paid
10799,10799,103470,44970,58500,Paid
10800,10800,637810,451300,186510,Paid
10801,10801,50950,24190,26760,Paid
10802,10802,72730,32230,40500,Paid
10803,10803,77820,0,77820,Pending
10804,10804,85320,70690,14630,Paid
10805,10805,13340,11700,1640,Paid
10806,10806,29750,13170,16580,Paid
10807,10807,32440,22540,9900,Partially Paid
10808,10808,201880,137060,64820,Paid
10809,10809,32550,23390,9160,Paid
10810,10810,76890,65550,11340,Paid
10811,10811,33420,17820,15600,Paid
10812,10812,43200,0,43200,Paid
10813,10813,81050,48690,32360,Paid
10814,10814,20590,10760,9830,Paid
10815,10815,132540,80250,52290,Paid
10816,10816,61740,31600,30140,Pending
10817,10817,26170,19100,7070,Paid
10818,10818,21590,18090,3500,Partially Paid
10819,10819,14520,11650,2870,Paid
10820,10820,18110,11280,6830,Paid
10821,10821,40950,24210,16740,Paid
10822,10822,110490,0,110490,Paid
10823,10823,39890,25620,14270,Paid
10824,10824,37360,19980,17380,Partially Paid
10825,10825,352410,141610,210800,Paid
10826,10826,262860,143500,119360,Pending
10827,10827,53300,25930,27370,Partially Paid
10828,10828,145160,71950,73210,Partially Paid
10829,10829,46740,33720,13020,Paid
10830,10830,17810,0,17810,Pending
10831,10831,55230,0,55230,Pending
10832,10832,29410,0,29410,Paid
10833,10833,24960,21850,3110,Paid
10834,10834,29620,14860,14760,Partially Paid
10835,10835,76600,38270,38330,Paid
10836,10836,83000,38740,44260,Paid
10837,10837,148030,101380,46650,Paid
10838,10838,36800,0,36800,Pending
10839,10839,50310,0,50310,Paid
10840,10840,33420,27390,6030,Paid
10841,10841,99760,0,99760,Paid
10842,10842,138670,106820,31850,Partially Paid
10843,10843,57530,0,57530,Paid
10844,10844,26790,22350,4440,Paid
10845,10845,62480,40000,22480,Paid
10846,10846,42880,0,42880,Partially Paid
10847,10847,10110,5250,4860,Paid
10848,10848,33670,0,33670,Paid
10849,10849,60030,51570,8460,Paid
10850,10850,16240,7890,8350,Paid
10851,10851,28010,0,28010,Paid
10852,10852,36480,32610,3870,Paid
10853,10853,130290,62670,67620,Paid
10854,10854,95660,62450,33210,Paid
10855,10855,44550,0,44550,Paid
10856,10856,129700,72900,56800,Partially Paid
10857,10857,60080,36880,23200,Paid
10858,10858,113900,94950,18950,Partially Paid
10859,10859,31320,22100,9220,Paid
10860,10860,311510,0,311510,Paid
10861,10861,49510,42030,7480,Paid
10862,10862,82850,72610,10240,Partially Paid
10863,10863,188050,0,188050,Pending
10864,10864,21620,14060,7560,Partially Paid
10865,10865,22620,16940,5680,Pending
10866,10866,33180,0,33180,Pending
10867,10867,64350,0,64350,Paid
10868,10868,39020,0,39020,Paid
10869,10869,9010,0,9010,Partially Paid
10870,10870,87940,59180,28760,Pending
10871,10871,60330,32850,27480,Partially Paid
10872,10872,28440,14870,13570,Paid
10873,10873,7860,3640,4220,Partially Paid
10874,10874,155130,83000,72130,Paid
10875,10875,24790,0,24790,Paid
10876,10876,66000,27390,38610,Paid
10877,10877,45400,0,45400,Paid
10878,10878,143770,0,143770,Paid
10879,10879,24450,12300,12150,Paid
10880,10880,25260,17870,7390,Paid
10881,10881,28610,0,28610,Partially Paid
10882,10882,26000,21420,4580,Paid
10883,10883,112530,56230,56300,Paid
10884,10884,78440,48060,30380,Paid
10885,10885,30130,13310,16820,Paid
10886,10886,73070,58420,14650,Paid
10887,10887,48230,0,48230,Paid
10888,10888,27930,14370,13560,Paid
10889,10889,111570,67290,44280,Paid
10890,10890,64110,38950,25160,Paid
10891,10891,49100,29070,20030,Paid
10892,10892,20890,12370,8520,Paid
10893,10893,111740,0,111740,Paid
10894,10894,145920,124030,21890,Paid
10895,10895,22960,10440,12520,Pending
10896,10896,20510,14650,5860,Paid
10897,10897,417910,260600,157310,Paid
10898,10898,17210,9480,7730,Paid
10899,10899,35370,15930,19440,Pending
10900,10900,38740,0,38740,Paid
10901,10901,121010,87230,33780,Paid
10902,10902,44030,21030,23000,Partially Paid
10903,10903,50990,0,50990,Partially Paid
10904,10904,25990,12310,13680,Paid
10905,10905,135230,67240,67990,Paid
10906,10906,52040,37670,14370,Paid
10907,10907,147020,0,147020,Paid
10908,10908,18990,14340,4650,Paid
10909,10909,74890,52520,22370,Paid
10910,10910,48710,35750,12960,Paid
10911,10911,31930,14350,17580,Paid
10912,10912,70380,35870,34510,Paid
10913,10913,424390,239960,184430,Paid
10914,10914,12420,5240,7180,Partially Paid
10915,10915,107300,55290,52010,Paid
10916,10916,183510,156630,26880,Paid
10917,10917,38790,34320,4470,Paid
10918,10918,51620,30380,21240,Paid
10919,10919,6340,0,6340,Paid
10920,10920,47840,40400,7440,Paid
10921,10921,29050,16550,12500,Paid
10922,10922,118130,88320,29810,Paid
10923,10923,58500,47100,11400,Paid
10924,10924,44180,30240,13940,Pending
10925,10925,23200,0,23200,Paid
10926,10926,12100,6740,5360,Paid
10927,10927,83910,54950,28960,Paid
10928,10928,55770,48270,7500,Paid
10929,10929,51580,39260,12320,Partially Paid
10930,10930,14730,7290,7440,Paid
10931,10931,86620,74050,12570,Paid
10932,10932,89060,54960,34100,Paid
10933,10933,33530,19660,13870,Paid
10934,10934,88250,41230,47020,Paid
10935,10935,49730,25440,24290,Paid
10936,10936,12740,7680,5060,Paid
10937,10937,82740,0,82740,Pending
10938,10938,27400,12560,14840,Paid
10939,10939,20710,18170,2540,Paid
10940,10940,146130,0,146130,Paid
10941,10941,63750,54570,9180,Paid
10942,10942,22570,18920,3650,Partially Paid
10943,10943,207810,0,207810,Paid
10944,10944,14840,8150,6690,Paid
10945,10945,114200,72450,41750,Partially Paid
10946,10946,47030,26340,20690,Paid
10947,10947,114510,61540,52970,Paid
10948,10948,26300,11070,15230,Paid
10949,10949,73610,0,73610,Paid
10950,10950,35420,23700,11720,Paid
10951,10951,27870,14910,12960,Paid
10952,10952,35750,0,35750,Paid
10953,10953,41880,26000,15880,Paid
10954,10954,50080,0,50080,Pending
10955,10955,39770,0,39770,Pending
10956,10956,108940,55360,53580,Paid
10957,10957,114090,0,114090,Paid
10958,10958,22130,15170,6960,Paid
10959,10959,5630,5030,600,Paid
10960,10960,171200,112700,58500,Paid
10961,10961,57850,30480,27370,Partially Paid
10962,10962,16540,7380,9160,Partially Paid
10963,10963,52120,36430,15690,Paid
10964,10964,187400,114560,72840,Paid
10965,10965,17960,12800,5160,Pending
10966,10966,12030,6930,5100,Paid
10967,10967,80530,36590,43940,Paid
10968,10968,61810,45460,16350,Paid
10969,10969,87980,46540,41440,Paid
10970,10970,51360,30910,20450,Paid
10971,10971,177830,147990,29840,Paid
10972,10972,31890,28000,3890,Paid
10973,10973,325660,0,325660,Paid
10974,10974,45370,39810,5560,Paid
10975,10975,82550,61750,20800,Pending
10976,10976,28330,15760,12570,Paid
10977,10977,105910,58140,47770,Paid
10978,10978,274080,190130,83950,Paid
10979,10979,69890,48760,21130,Paid
10980,10980,111970,0,111970,Paid
10981,10981,22630,17120,5510,Paid
10982,10982,187900,0,187900,Paid
10983,10983,18540,14270,4270,Paid
10984,10984,215630,109020,106610,Paid
10985,10985,134500,91770,42730,Paid
10986,10986,24440,13650,10790,Pending
10987,10987,101960,83700,18260,Paid
10988,10988,37570,0,37570,Partially Paid
10989,10989,187220,0,187220,Pending
10990,10990,34850,0,34850,Paid
10991,10991,61070,48080,12990,Paid
10992,10992,35290,0,35290,Paid
10993,10993,86450,69910,16540,Paid
10994,10994,81190,65530,15660,Paid
10995,10995,6960,4900,2060,Paid
10996,10996,23670,20390,3280,Paid
10997,10997,20290,0,20290,Pending
10998,10998,26790,0,26790,Paid
10999,10999,36510,25060,11450,Paid
11000,11000,73190,43790,29400,Paid
11001,11001,122840,0,122840,Paid
11002,11002,51990,40310,11680,Partially Paid
11003,11003,35820,20930,14890,Pending
11004,11004,24680,14690,9990,Paid
11005,11005,293370,0,293370,Pending
11006,11006,66340,51790,14550,Paid
11007,11007,21820,16640,5180,Pending
11008,11008,32600,17890,14710,Partially Paid
11009,11009,31960,16860,15100,Paid
11010,11010,67920,0,67920,Paid
11011,11011,7790,3270,4520,Paid
11012,11012,520720,358850,161870,Paid
11013,11013,47760,39480,8280,Paid
11014,11014,91150,0,91150,Paid
11015,11015,23720,0,23720,Paid
11016,11016,107970,70540,37430,Paid
11017,11017,19110,13210,5900,Paid
11018,11018,23870,0,23870,Paid
11019,11019,119550,0,119550,Paid
11020,11020,54200,0,54200,Paid
11021,11021,24700,0,24700,Paid
11022,11022,49260,21490,27770,Paid
11023,11023,54240,39440,14800,Paid
11024,11024,12820,11460,1360,Paid
11025,11025,24960,21440,3520,Paid
11026,11026,72430,56640,15790,Partially Paid
11027,11027,12880,9800,3080,Paid
11028,11028,36130,19460,16670,Paid
11029,11029,22800,16450,6350,Paid
11030,11030,88650,0,88650,Partially Paid
11031,11031,45550,27700,17850,Paid
11032,11032,26940,17210,9730,Paid
11033,11033,120390,66960,53430,Paid
11034,11034,52710,33690,19020,Pending
11035,11035,150190,68810,81380,Paid
11036,11036,210190,176870,33320,Paid
11037,11037,588030,286370,301660,Paid
11038,11038,35770,0,35770,Paid
11039,11039,76390,43130,33260,Pending
11040,11040,51230,25470,25760,Paid
11041,11041,87460,47790,39670,Paid
11042,11042,14770,10760,4010,Paid
11043,11043,46430,22690,23740,Paid
11044,11044,54680,0,54680,Partially Paid
11045,11045,22030,13700,8330,Paid
11046,11046,49540,29220,20320,Paid
11047,11047,161560,99160,62400,Paid
11048,11048,117160,0,117160,Paid
11049,11049,39440,17230,22210,Partially Paid
11050,11050,41340,35650,5690,Paid
11051,11051,34750,20070,14680,Pending
11052,11052,52700,0,52700,Paid
11053,11053,34870,20380,14490,Paid
11054,11054,14190,10090,4100,Paid
11055,11055,171310,75240,96070,Paid
11056,11056,68340,0,68340,Paid
11057,11057,284390,185050,99340,Partially Paid
11058,11058,106100,49060,57040,Pending
11059,11059,133000,0,133000,Paid
11060,11060,71880,50340,21540,Paid
11061,11061,127210,62890,64320,Pending
11062,11062,15260,6630,8630,Paid
11063,11063,12870,5750,7120,Paid
11064,11064,15570,7050,8520,Paid
11065,11065,183790,0,183790,Paid
11066,11066,32720,13470,19250,Paid
11067,11067,31420,22550,8870,Paid
11068,11068,116850,68370,48480,Paid
11069,11069,80120,46100,34020,Paid
11070,11070,169390,115020,54370,Partially Paid
11071,11071,38550,15630,22920,Paid
11072,11072,9380,6240,3140,Paid
11073,11073,246790,168090,78700,Paid
11074,11074,25030,17860,7170,Paid
11075,11075,38410,0,38410,Paid
11076,11076,40140,29550,10590,Paid
11077,11077,58230,0,58230,Paid
11078,11078,90140,45010,45130,Paid
11079,11079,79020,34190,44830,Paid
11080,11080,64290,53230,11060,Paid
11081,11081,20120,0,20120,Partially Paid
11082,11082,134690,60650,74040,Paid
11083,11083,37020,15120,21900,Paid
11084,11084,49600,0,49600,Paid
11085,11085,516620,350940,165680,Paid
11086,11086,59850,0,59850,Pending
11087,11087,39770,18010,21760,Paid
11088,11088,206630,0,206630,Partially Paid
11089,11089,16990,7830,9160,Paid
11090,11090,107350,0,107350,Paid
11091,11091,30900,13470,17430,Paid
11092,11092,81570,61900,19670,Paid
11093,11093,17590,11550,6040,Paid
11094,11094,42130,30020,12110,Paid
11095,11095,57900,23570,34330,Paid
11096,11096,298570,227650,70920,Paid
11097,11097,44560,0,44560,Paid
11098,11098,235100,164430,70670,Paid
11099,11099,65990,28960,37030,Paid
11100,11100,50330,36020,14310,Paid
11101,11101,89640,51650,37990,Pending
11102,11102,38680,17850,20830,Paid
11103,11103,36940,28640,8300,Paid
11104,11104,91300,51470,39830,Paid
11105,11105,52410,31730,20680,Paid
11106,11106,148780,114610,34170,Paid
11107,11107,96810,0,96810,Paid
11108,11108,48030,32710,15320,Paid
11109,11109,181510,132080,49430,Paid
11110,11110,12100,10170,1930,Paid
11111,11111,72420,37310,35110,Partially Paid
11112,11112,51470,0,51470,Paid
11113,11113,11240,8430,2810,Pending
11114,11114,49270,22520,26750,Paid
11115,11115,24720,0,24720,Paid
11116,11116,57510,0,57510,Paid
11117,11117,75000,58480,16520,Paid
11118,11118,73380,59070,14310,Paid
11119,11119,13820,0,13820,Paid
11120,11120,17480,13630,3850,Paid
11121,11121,71150,0,71150,Partially Paid
11122,11122,143460,98010,45450,Paid
11123,11123,31310,0,31310,Partially Paid
11124,11124,81740,71380,10360,Pending
11125,11125,47570,24130,23440,Paid
11126,11126,222470,170280,52190,Partially Paid
11127,11127,25950,11460,14490,Pending
11128,11128,17820,9860,7960,Pending
11129,11129,91900,82250,9650,Paid
11130,11130,169970,117860,52110,Paid
11131,11131,29230,13140,16090,Partially Paid
11132,11132,41150,20020,21130,Paid
11133,11133,32770,17750,15020,Paid
11134,11134,19000,8530,10470,Pending
11135,11135,105580,0,105580,Paid
11136,11136,54830,26010,28820,Paid
11137,11137,71720,45710,26010,Paid
11138,11138,32200,0,32200,Paid
11139,11139,63270,0,63270,Paid
11140,11140,130690,99580,31110,Paid
11141,11141,14330,6110,8220,Paid
11142,11142,36480,29810,6670,Partially Paid
11143,11143,29200,13120,16080,Paid
11144,11144,36870,15940,20930,Paid
11145,11145,32970,26690,6280,Paid
11146,11146,13500,10230,3270,Paid
11147,11147,35650,15070,20580,Paid
11148,11148,41870,0,41870,Partially Paid
11149,11149,110500,75030,35470,Paid
11150,11150,11200,7020,4180,Paid
11151,11151,25170,19710,5460,Paid
11152,11152,22920,17810,5110,Paid
11153,11153,27690,12850,14840,Paid
11154,11154,36120,0,36120,Paid
11155,11155,206900,109650,97250,Paid
11156,11156,221420,139910,81510,Paid
11157,11157,83070,42300,40770,Paid
11158,11158,57520,29130,28390,Paid
11159,11159,18490,0,18490,Paid
11160,11160,70740,0,70740,Pending
11161,11161,38560,0,38560,Partially Paid
11162,11162,43610,28260,15350,Paid
11163,11163,24770,0,24770,Pending
11164,11164,35480,29660,5820,Paid
11165,11165,34590,26410,8180,Paid
11166,11166,180000,74380,105620,Partially Paid
11167,11167,57210,41580,15630,Paid
11168,11168,111030,91130,19900,Paid
11169,11169,47190,26560,20630,Paid
11170,11170,80670,64880,15790,Paid
11171,11171,67330,49520,17810,Paid
11172,11172,30510,15380,15130,Paid
11173,11173,69640,41300,28340,Paid
11174,11174,37260,0,37260,Paid
11175,11175,23460,0,23460,Paid
11176,11176,52420,24110,28310,Pending
11177,11177,23570,16850,6720,Paid
11178,11178,92070,56330,35740,Paid
11179,11179,174310,126960,47350,Paid
11180,11180,46960,19330,27630,Paid
11181,11181,477990,0,477990,Pending
11182,11182,15220,10830,4390,Paid
11183,11183,16930,9610,7320,Partially Paid
11184,11184,94270,73340,20930,Paid
11185,11185,18820,0,18820,Paid
11186,11186,68390,48600,19790,Paid
11187,11187,21170,11420,9750,Paid
11188,11188,30140,0,30140,Paid
11189,11189,164460,123620,40840,Paid
11190,11190,68060,42150,25910,Paid
11191,11191,23660,12590,11070,Paid
11192,11192,47590,0,47590,Paid
11193,11193,28370,18810,9560,Paid
11194,11194,124390,64890,59500,Paid
11195,11195,99270,0,99270,Paid
11196,11196,29980,13280,16700,Partially Paid
11197,11197,22130,12200,9930,Pending
11198,11198,49980,26310,23670,Pending
11199,11199,91080,0,91080,Paid
11200,11200,180630,158890,21740,Partially Paid
11201,11201,60450,25440,35010,Paid
11202,11202,77730,42670,35060,Paid
11203,11203,300040,253730,46310,Paid
11204,11204,19170,0,19170,Paid
11205,11205,34560,14780,19780,Paid
11206,11206,231900,0,231900,Paid
11207,11207,16760,12410,4350,Paid
11208,11208,43410,36810,6600,Paid
11209,11209,146070,86190,59880,Pending
11210,11210,30210,0,30210,Paid
11211,11211,178220,89430,88790,Partially Paid
11212,11212,36330,16480,19850,Paid
11213,11213,112360,96720,15640,Pending
11214,11214,26980,22530,4450,Paid
11215,11215,90470,79760,10710,Paid
11216,11216,19340,10640,8700,Pending
11217,11217,33500,23720,9780,Pending
11218,11218,41500,19860,21640,Partially Paid
11219,11219,13120,5880,7240,Paid
11220,11220,23730,20290,3440,Paid
11221,11221,11810,0,11810,Paid
11222,11222,22710,13330,9380,Pending
11223,11223,24510,10380,14130,Pending
11224,11224,35020,14790,20230,Paid
11225,11225,137010,105280,31730,Paid
11226,11226,55870,0,55870,Paid
11227,11227,23650,17990,5660,Paid
11228,11228,18220,10970,7250,Paid
11229,11229,31680,0,31680,Partially Paid
11230,11230,30950,27510,3440,Paid
11231,11231,218530,0,218530,Paid
11232,11232,49900,23820,26080,Paid
11233,11233,22150,13830,8320,Paid
11234,11234,16920,13330,3590,Paid
11235,11235,121050,80930,40120,Paid
11236,11236,133730,0,133730,Paid
11237,11237,10160,8830,1330,Paid
11238,11238,23660,12560,11100,Pending
11239,11239,48100,43150,4950,Paid
11240,11240,112050,77700,34350,Paid
11241,11241,57080,0,57080,Paid
11242,11242,38720,34360,4360,Paid
11243,11243,32660,0,32660,Paid
11244,11244,62250,42570,19680,Partially Paid
11245,11245,320650,235580,85070,Partially Paid
11246,11246,167220,135940,31280,Paid
11247,11247,36010,0,36010,Paid
11248,11248,26200,0,26200,Pending
11249,11249,24090,0,24090,Paid
11250,11250,45490,21970,23520,Paid
11251,11251,43530,0,43530,Paid
11252,11252,11200,5800,5400,Pending
11253,11253,156590,101730,54860,Paid
11254,11254,54300,44750,9550,Paid
11255,11255,16350,12500,3850,Pending
11256,11256,38950,28950,10000,Paid
11257,11257,136630,86630,50000,Paid
11258,11258,159210,0,159210,Paid
11259,11259,357590,309660,47930,Paid
11260,11260,6890,0,6890,Paid
11261,11261,27400,22050,5350,Pending
11262,11262,54700,36960,17740,Paid
11263,11263,9780,8530,1250,Paid
11264,11264,37820,28790,9030,Pending
11265,11265,162490,123980,38510,Paid
11266,11266,170810,0,170810,Paid
11267,11267,32470,22150,10320,Paid
11268,11268,77380,61970,15410,Paid
11269,11269,42170,28450,13720,Paid
11270,11270,27580,11310,16270,Paid
11271,11271,51470,44160,7310,Paid
11272,11272,72660,65160,7500,Paid
11273,11273,140230,58660,81570,Paid
11274,11274,115100,86320,28780,Paid
11275,11275,25180,10090,15090,Paid
11276,11276,61260,50450,10810,Partially Paid
11277,11277,30640,0,30640,Paid
11278,11278,39490,21850,17640,Paid
11279,11279,11860,0,11860,Pending
11280,11280,24970,11730,13240,Paid
11281,11281,78860,44650,34210,Paid
11282,11282,53040,44970,8070,Paid
11283,11283,21300,9220,12080,Pending
11284,11284,154190,0,154190,Paid
11285,11285,49610,22160,27450,Paid
11286,11286,124130,0,124130,Paid
11287,11287,18100,10900,7200,Paid
11288,11288,31980,0,31980,Partially Paid
11289,11289,37350,20190,17160,Paid
11290,11290,216630,111350,105280,Partially Paid
11291,11291,28430,18780,9650,Pending
11292,11292,28570,18850,9720,Pending
11293,11293,23530,10180,13350,Paid
11294,11294,117290,86190,31100,Paid
11295,11295,113850,96660,17190,Paid
11296,11296,33580,18200,15380,Paid
11297,11297,69740,54900,14840,Paid
11298,11298,249150,117210,131940,Paid
11299,11299,10620,5090,5530,Paid
11300,11300,36990,19470,17520,Paid
11301,11301,295920,0,295920,Pending
11302,11302,219710,105450,114260,Paid
11303,11303,103130,89250,13880,Paid
11304,11304,37990,0,37990,Pending
11305,11305,271950,207860,64090,Partially Paid
11306,11306,17570,0,17570,Pending
11307,11307,45680,18880,26800,Pending
11308,11308,34540,21160,13380,Paid
11309,11309,96200,48350,47850,Paid
11310,11310,35060,0,35060,Paid
11311,11311,23470,17640,5830,Paid
11312,11312,109170,0,109170,Paid
11313,11313,61290,0,61290,Paid
11314,11314,223230,169010,54220,Paid
11315,11315,25130,0,25130,Paid
11316,11316,103130,43650,59480,Paid
11317,11317,41790,0,41790,Paid
11318,11318,131620,112560,19060,Partially Paid
11319,11319,40480,36330,4150,Paid
11320,11320,101750,0,101750,Paid
11321,11321,63510,38800,24710,Partially Paid
11322,11322,12020,0,12020,Pending
11323,11323,24040,16100,7940,Paid
11324,11324,41840,26900,14940,Paid
11325,11325,32150,22380,9770,Paid
11326,11326,79190,68840,10350,Paid
11327,11327,12020,10100,1920,Pending
11328,11328,102330,75050,27280,Paid
11329,11329,49060,22260,26800,Paid
11330,11330,310630,250440,60190,Paid
11331,11331,32950,16630,16320,Partially Paid
11332,11332,145020,124180,20840,Paid
11333,11333,151690,74850,76840,Paid
11334,11334,57880,40990,16890,Paid
11335,11335,17110,0,17110,Partially Paid
11336,11336,260720,138020,122700,Paid
11337,11337,39390,30100,9290,Paid
11338,11338,198840,134380,64460,Paid
11339,11339,51690,0,51690,Paid
11340,11340,116200,0,116200,Paid
11341,11341,60670,42670,18000,Paid
11342,11342,25150,12080,13070,Paid
11343,11343,57410,46950,10460,Pending
11344,11344,24240,18810,5430,Paid
11345,11345,52830,27560,25270,Paid
11346,11346,52590,30380,22210,Paid
11347,11347,180870,0,180870,Paid
11348,11348,73230,30520,42710,Paid
11349,11349,73750,65620,8130,Paid
11350,11350,35800,15120,20680,Paid
11351,11351,15660,10560,5100,Paid
11352,11352,33520,29470,4050,Paid
11353,11353,15590,13140,2450,Pending
11354,11354,36770,25320,11450,Paid
11355,11355,22860,14220,8640,Paid
11356,11356,25150,0,25150,Pending
11357,11357,18110,0,18110,Paid
11358,11358,63340,47260,16080,Partially Paid
11359,11359,96430,81590,14840,Paid
11360,11360,29440,0,29440,Paid
11361,11361,70610,58870,11740,Paid
11362,11362,94480,0,94480,Pending
11363,11363,16690,0,16690,Paid
11364,11364,186050,0,186050,Paid
11365,11365,41270,0,41270,Paid
11366,11366,26980,13580,13400,Paid
11367,11367,7360,5360,2000,Paid
11368,11368,47970,28050,19920,Paid
11369,11369,21310,8550,12760,Paid
11370,11370,38830,0,38830,Partially Paid
11371,11371,72480,56520,15960,Paid
11372,11372,134140,119990,14150,Partially Paid
11373,11373,10760,5800,4960,Paid
11374,11374,18960,14140,4820,Pending
11375,11375,109030,0,109030,Paid
11376,11376,51250,42800,8450,Paid
11377,11377,48800,22230,26570,Partially Paid
11378,11378,11400,0,11400,Paid
11379,11379,334070,0,334070,Paid
11380,11380,87670,0,87670,Partially Paid
11381,11381,29900,0,29900,Paid
11382,11382,19830,15100,4730,Paid
11383,11383,21480,13330,8150,Paid
11384,11384,142710,73620,69090,Paid
11385,11385,39150,0,39150,Paid
11386,11386,25110,18220,6890,Paid
11387,11387,99490,51230,48260,Paid
11388,11388,104400,0,104400,Paid
11389,11389,43010,24220,18790,Paid
11390,11390,22210,10120,12090,Partially Paid
11391,11391,46900,18950,27950,Paid
11392,11392,33940,25830,8110,Paid
11393,11393,17600,0,17600,Paid
11394,11394,31490,22690,8800,Paid
11395,11395,26280,20260,6020,Pending
11396,11396,405250,333470,71780,Paid
11397,11397,42590,23590,19000,Paid
11398,11398,23740,0,23740,Paid
11399,11399,215410,173940,41470,Paid
11400,11400,45940,24410,21530,Paid
11401,11401,72400,63420,8980,Paid
11402,11402,9320,0,9320,Paid
11403,11403,36800,28890,7910,Paid
11404,11404,8900,0,8900,Paid
11405,11405,174910,154730,20180,Paid
11406,11406,35500,26170,9330,Paid
11407,11407,211370,0,211370,Paid
11408,11408,34720,0,34720,Paid
11409,11409,108070,68110,39960,Partially Paid
11410,11410,31450,19030,12420,Paid
11411,11411,135180,57440,77740,Paid
11412,11412,62590,25240,37350,Paid
11413,11413,18350,15070,3280,Paid
11414,11414,37520,0,37520,Paid
11415,11415,27850,14470,13380,Paid
11416,11416,12130,7540,4590,Paid
11417,11417,80190,66260,13930,Paid
11418,11418,31530,26240,5290,Paid
11419,11419,107560,61960,45600,Partially Paid
11420,11420,28950,16590,12360,Paid
11421,11421,100900,87310,13590,Paid
11422,11422,36130,0,36130,Paid
11423,11423,52260,36860,15400,Paid
11424,11424,21280,9750,11530,Paid
11425,11425,30600,22480,8120,Pending
11426,11426,50950,26650,24300,Pending
11427,11427,391990,342860,49130,Paid
11428,11428,207620,134380,73240,Paid
11429,11429,9120,0,9120,Paid
11430,11430,302970,157180,145790,Paid
11431,11431,50510,26250,24260,Paid
11432,11432,51720,0,51720,Paid
11433,11433,22510,9350,13160,Paid
11434,11434,151980,0,151980,Partially Paid
11435,11435,43250,17870,25380,Paid
11436,11436,248740,221460,27280,Paid
11437,11437,27870,15770,12100,Partially Paid
11438,11438,41630,19740,21890,Partially Paid
11439,11439,36440,17200,19240,Paid
11440,11440,13760,10140,3620,Paid
11441,11441,34080,27740,6340,Paid
11442,11442,48280,34050,14230,Paid
11443,11443,10700,7720,2980,Paid
11444,11444,91710,0,91710,Paid
11445,11445,76120,0,76120,Paid
11446,11446,143810,98020,45790,Paid
11447,11447,22890,0,22890,Paid
11448,11448,95080,66000,29080,Paid
11449,11449,151390,72120,79270,Paid
11450,11450,47510,0,47510,Paid
11451,11451,26180,11950,14230,Paid
11452,11452,218640,190610,28030,Paid
11453,11453,46960,26900,20060,Partially Paid
11454,11454,107020,90500,16520,Paid
11455,11455,126790,0,126790,Paid
11456,11456,60030,35860,24170,Paid
11457,11457,9700,4810,4890,Paid
11458,11458,30120,0,30120,Paid
11459,11459,76770,54320,22450,Pending
11460,11460,40930,18030,22900,Pending
11461,11461,422460,291780,130680,Paid
11462,11462,17570,8780,8790,Paid
11463,11463,7340,5720,1620,Paid
11464,11464,8820,7220,1600,Pending
11465,11465,35980,0,35980,Partially Paid
11466,11466,39110,32680,6430,Pending
11467,11467,23860,13600,10260,Paid
11468,11468,64190,38580,25610,Paid
11469,11469,237760,201200,36560,Paid
11470,11470,30210,25930,4280,Paid
11471,11471,325030,209250,115780,Paid
11472,11472,68300,0,68300,Paid
11473,11473,63070,28350,34720,Paid
11474,11474,22440,15990,6450,Pending
11475,11475,41540,0,41540,Paid
11476,11476,45240,18210,27030,Paid
11477,11477,19040,16260,2780,Paid
11478,11478,22640,10740,11900,Paid
11479,11479,15380,0,15380,Paid
11480,11480,49630,0,49630,Paid
11481,11481,39470,32840,6630,Paid
11482,11482,12900,0,12900,Pending
11483,11483,52620,44740,7880,Pending
11484,11484,19770,11640,8130,Paid
11485,11485,83150,62850,20300,Partially Paid
11486,11486,29840,26040,3800,Partially Paid
11487,11487,390170,164200,225970,Partially Paid
11488,11488,50140,28610,21530,Partially Paid
11489,11489,18350,12220,6130,Paid
11490,11490,63980,36300,27680,Paid
11491,11491,20860,13170,7690,Paid
11492,11492,110290,90570,19720,Pending
11493,11493,69980,55000,14980,Pending
11494,11494,22150,19000,3150,Paid
11495,11495,18460,12070,6390,Paid
11496,11496,14150,6700,7450,Paid
11497,11497,25320,14220,11100,Partially Paid
11498,11498,36870,15430,21440,Paid
11499,11499,104620,53040,51580,Paid
11500,11500,31420,20980,10440,Paid
11501,11501,10180,0,10180,Paid
11502,11502,141830,0,141830,Paid
11503,11503,131560,56920,74640,Paid
11504,11504,36910,24020,12890,Partially Paid
11505,11505,41970,26590,15380,Paid
11506,11506,50730,34180,16550,Paid
11507,11507,147700,120860,26840,Paid
11508,11508,24660,10510,14150,Paid
11509,11509,330640,162760,167880,Paid
11510,11510,28590,16030,12560,Paid
11511,11511,38650,0,38650,Paid
11512,11512,80860,46570,34290,Paid
11513,11513,53930,28140,25790,Paid
11514,11514,32260,0,32260,Pending
11515,11515,36990,29190,7800,Paid
11516,11516,57560,29250,28310,Paid
11517,11517,620470,252740,367730,Paid
11518,11518,31440,15090,16350,Paid
11519,11519,18320,0,18320,Paid
11520,11520,34760,27390,7370,Paid
11521,11521,61050,43780,17270,Pending
11522,11522,68960,31540,37420,Paid
11523,11523,36090,17990,18100,Pending
11524,11524,90770,75600,15170,Paid
11525,11525,26220,20580,5640,Paid
11526,11526,127180,111500,15680,Paid
11527,11527,129240,57320,71920,Pending
11528,11528,151220,108420,42800,Paid
11529,11529,84760,36330,48430,Paid
11530,11530,13720,6360,7360,Paid
11531,11531,57760,42350,15410,Paid
11532,11532,210340,172680,37660,Paid
11533,11533,42190,26630,15560,Paid
11534,11534,72320,55210,17110,Paid
11535,11535,50630,0,50630,Paid
11536,11536,33020,0,33020,Paid
11537,11537,64390,53610,10780,Pending
11538,11538,100180,88400,11780,Pending
11539,11539,10550,6490,4060,Paid
11540,11540,15340,7710,7630,Partially Paid
11541,11541,35370,19260,16110,Paid
11542,11542,36880,23610,13270,Paid
11543,11543,25580,21480,4100,Paid
11544,11544,17190,14670,2520,Paid
11545,11545,16210,7410,8800,Paid
11546,11546,138510,0,138510,Paid
11547,11547,57140,48550,8590,Paid
11548,11548,79990,67610,12380,Paid
11549,11549,148210,68070,80140,Paid
11550,11550,14120,12270,1850,Paid
11551,11551,148700,115880,32820,Paid
11552,11552,31850,20380,11470,Paid
11553,11553,21340,19060,2280,Pending
11554,11554,19850,11030,8820,Paid
11555,11555,18410,13710,4700,Paid
11556,11556,18990,8110,10880,Paid
11557,11557,19790,0,19790,Paid
11558,11558,134560,56890,77670,Paid
11559,11559,27540,14550,12990,Paid
11560,11560,96850,43340,53510,Paid
11561,11561,54300,0,54300,Paid
11562,11562,124550,105160,19390,Paid
11563,11563,81590,38100,43490,Paid
11564,11564,25310,15570,9740,Paid
11565,11565,39430,22120,17310,Paid
11566,11566,16580,7920,8660,Paid
11567,11567,20010,0,20010,Paid
11568,11568,24740,0,24740,Paid
11569,11569,51230,0,51230,Partially Paid
11570,11570,33780,14190,19590,Paid
11571,11571,40200,35940,4260,Pending
11572,11572,141400,94450,46950,Paid
11573,11573,106600,77210,29390,Paid
11574,11574,63830,53980,9850,Paid
11575,11575,35460,28570,6890,Paid
11576,11576,7460,4290,3170,Paid
11577,11577,46340,0,46340,Paid
11578,11578,7310,6240,1070,Paid
11579,11579,66290,33370,32920,Paid
11580,11580,96100,45490,50610,Paid
11581,11581,48400,30540,17860,Paid
11582,11582,65180,0,65180,Paid
11583,11583,56030,40970,15060,Paid
11584,11584,30650,0,30650,Pending
11585,11585,21590,11100,10490,Paid
11586,11586,43840,38810,5030,Paid
11587,11587,36650,17680,18970,Paid
11588,11588,52520,46540,5980,Paid
11589,11589,59250,28840,30410,Partially Paid
11590,11590,77050,51690,25360,Pending
11591,11591,307410,0,307410,Paid
11592,11592,222660,117040,105620,Paid
11593,11593,50290,20910,29380,Pending
11594,11594,40340,19310,21030,Paid
11595,11595,10260,8840,1420,Paid
11596,11596,30470,0,30470,Paid
11597,11597,35400,24270,11130,Paid
11598,11598,221320,0,221320,Paid
11599,11599,58970,0,58970,Paid
11600,11600,26090,0,26090,Paid
11601,11601,76240,35120,41120,Pending
11602,11602,10980,0,10980,Paid
11603,11603,27930,12490,15440,Pending
11604,11604,34780,20210,14570,Paid
11605,11605,47240,22060,25180,Pending
11606,11606,98090,67620,30470,Paid
11607,11607,47210,21480,25730,Partially Paid
11608,11608,21240,15940,5300,Paid
11609,11609,36640,24170,12470,Paid
11610,11610,68650,31650,37000,Paid
11611,11611,9320,7890,1430,Paid
11612,11612,452570,292370,160200,Paid
11613,11613,20930,10560,10370,Paid
11614,11614,25860,17020,8840,Partially Paid
11615,11615,101560,80970,20590,Paid
11616,11616,77740,0,77740,Partially Paid
11617,11617,203050,104330,98720,Paid
11618,11618,37530,0,37530,Paid
11619,11619,42840,27160,15680,Paid
11620,11620,111020,67680,43340,Partially Paid
11621,11621,14020,0,14020,Paid
11622,11622,32590,26770,5820,Paid
11623,11623,56290,39770,16520,Partially Paid
11624,11624,28190,14300,13890,Paid
11625,11625,113650,59390,54260,Paid
11626,11626,65530,32590,32940,Partially Paid
11627,11627,13410,8640,4770,Paid
11628,11628,150320,62550,87770,Pending
11629,11629,105780,0,105780,Paid
11630,11630,162870,112880,49990,Paid
11631,11631,5900,4600,1300,Paid
11632,11632,38410,0,38410,Paid
11633,11633,43800,23940,19860,Paid
11634,11634,29320,15680,13640,Paid
11635,11635,130320,99210,31110,Paid
11636,11636,153520,64830,88690,Paid
11637,11637,48870,0,48870,Paid
11638,11638,21340,0,21340,Paid
11639,11639,58080,44930,13150,Paid
11640,11640,6930,0,6930,Pending
11641,11641,276930,170630,106300,Paid
11642,11642,31920,26860,5060,Paid
11643,11643,40850,0,40850,Paid
11644,11644,21460,0,21460,Pending
11645,11645,25040,0,25040,Paid
11646,11646,40050,19240,20810,Paid
11647,11647,6740,0,6740,Paid
11648,11648,42580,19280,23300,Pending
11649,11649,21990,8830,13160,Paid
11650,11650,63520,46750,16770,Paid
11651,11651,40160,16270,23890,Paid
11652,11652,184550,136950,47600,Paid
11653,11653,39560,25120,14440,Paid
11654,11654,20200,12770,7430,Paid
11655,11655,30550,15910,14640,Paid
11656,11656,118190,64070,54120,Partially Paid
11657,11657,153670,72850,80820,Paid
11658,11658,86220,53730,32490,Partially Paid
11659,11659,55800,0,55800,Paid
11660,11660,96110,58020,38090,Paid
11661,11661,271460,176320,95140,Paid
11662,11662,32300,0,32300,Paid
11663,11663,54410,0,54410,Paid
11664,11664,37940,33460,4480,Paid
11665,11665,14790,10810,3980,Pending
11666,11666,129880,53180,76700,Paid
11667,11667,181430,150090,31340,Paid
11668,11668,17150,14570,2580,Paid
11669,11669,91600,0,91600,Partially Paid
11670,11670,37040,20570,16470,Paid
11671,11671,31860,13480,18380,Paid
11672,11672,43830,0,43830,Pending
11673,11673,36170,0,36170,Partially Paid
11674,11674,28970,0,28970,Paid
11675,11675,73790,47590,26200,Paid
11676,11676,26230,14470,11760,Paid
11677,11677,38030,0,38030,Paid
11678,11678,84070,0,84070,Paid
11679,11679,36520,26830,9690,Paid
11680,11680,44260,0,44260,Paid
11681,11681,37110,0,37110,Paid
11682,11682,122490,68090,54400,Paid
11683,11683,84330,74330,10000,Pending
11684,11684,34960,24600,10360,Paid
11685,11685,27510,21980,5530,Paid
11686,11686,20200,9980,10220,Paid
11687,11687,94700,76280,18420,Paid
11688,11688,42790,26760,16030,Pending
11689,11689,33510,26200,7310,Paid
11690,11690,40510,0,40510,Paid
11691,11691,31910,20530,11380,Paid
11692,11692,32000,18680,13320,Paid
11693,11693,25160,13210,11950,Paid
11694,11694,158810,137790,21020,Pending
11695,11695,121640,48730,72910,Paid
11696,11696,83520,0,83520,Paid
11697,11697,17920,13150,4770,Paid
11698,11698,161000,117350,43650,Paid
11699,11699,31970,14650,17320,Paid
11700,11700,44670,17900,26770,Partially Paid
11701,11701,82090,66430,15660,Paid
11702,11702,191250,0,191250,Partially Paid
11703,11703,19140,0,19140,Paid
11704,11704,32870,28890,3980,Paid
11705,11705,25620,13930,11690,Paid
11706,11706,9920,6170,3750,Partially Paid
11707,11707,26370,0,26370,Pending
11708,11708,32460,25010,7450,Paid
11709,11709,76470,45120,31350,Paid
11710,11710,39470,25010,14460,Paid
11711,11711,61590,45600,15990,Paid
11712,11712,122280,108780,13500,Paid
11713,11713,225440,154490,70950,Pending
11714,11714,12700,8570,4130,Paid
11715,11715,260710,0,260710,Paid
11716,11716,25870,0,25870,Paid
11717,11717,113530,101880,11650,Paid
11718,11718,103750,91810,11940,Paid
11719,11719,149930,99450,50480,Paid
11720,11720,25230,18120,7110,Pending
11721,11721,245140,128740,116400,Paid
11722,11722,70210,0,70210,Partially Paid
11723,11723,26640,16180,10460,Partially Paid
11724,11724,29790,0,29790,Paid
11725,11725,118600,0,118600,Paid
11726,11726,55100,48680,6420,Paid
11727,11727,77790,51370,26420,Pending
11728,11728,8350,6480,1870,Paid
11729,11729,49020,36320,12700,Paid
11730,11730,31120,16690,14430,Pending
11731,11731,280710,0,280710,Paid
11732,11732,27310,21200,6110,Paid
11733,11733,27690,14740,12950,Pending
11734,11734,53030,42130,10900,Paid
11735,11735,84920,48170,36750,Paid
11736,11736,38530,0,38530,Paid
11737,11737,39060,31940,7120,Paid
11738,11738,40080,0,40080,Paid
11739,11739,19220,10590,8630,Paid
11740,11740,49890,0,49890,Paid
11741,11741,91920,0,91920,Partially Paid
11742,11742,24450,20630,3820,Paid
11743,11743,39180,28480,10700,Paid
11744,11744,33680,19340,14340,Paid
11745,11745,43510,31530,11980,Pending
11746,11746,6460,3090,3370,Paid
11747,11747,32200,15590,16610,Paid
11748,11748,53660,28080,25580,Paid
11749,11749,46290,0,46290,Partially Paid
11750,11750,87840,0,87840,Paid
11751,11751,36260,31460,4800,Paid
11752,11752,101910,0,101910,Paid
11753,11753,24190,11730,12460,Paid
11754,11754,105600,46640,58960,Paid
11755,11755,22680,12930,9750,Paid
11756,11756,154120,96440,57680,Paid
11757,11757,55730,30770,24960,Paid
11758,11758,20320,13040,7280,Paid
11759,11759,174310,137210,37100,Paid
11760,11760,9680,0,9680,Pending
11761,11761,112310,52500,59810,Partially Paid
11762,11762,39970,19170,20800,Pending
11763,11763,32020,25350,6670,Partially Paid
11764,11764,11750,6180,5570,Partially Paid
11765,11765,39480,31650,7830,Paid
11766,11766,274100,218050,56050,Paid
11767,11767,164600,0,164600,Pending
11768,11768,34460,26300,8160,Pending
11769,11769,27830,0,27830,Paid
11770,11770,26180,22630,3550,Partially Paid
11771,11771,23070,0,23070,Paid
11772,11772,141550,83880,57670,Paid
11773,11773,15250,6530,8720,Paid
11774,11774,23410,10420,12990,Paid
11775,11775,36820,30740,6080,Paid
11776,11776,30320,0,30320,Paid
11777,11777,22790,0,22790,Partially Paid
11778,11778,98820,86610,12210,Partially Paid
11779,11779,66620,43690,22930,Partially Paid
11780,11780,91720,43930,47790,Paid
11781,11781,41500,20630,20870,Paid
11782,11782,112330,0,112330,Pending
11783,11783,165390,97420,67970,Paid
11784,11784,44340,30420,13920,Pending
11785,11785,31710,17670,14040,Partially Paid
11786,11786,9040,3810,5230,Paid
11787,11787,7280,4720,2560,Paid
11788,11788,38200,32370,5830,Paid
11789,11789,4750,3760,990,Paid
11790,11790,31500,19840,11660,Paid
11791,11791,75840,50780,25060,Paid
11792,11792,21580,16720,4860,Paid
11793,11793,22040,12010,10030,Paid
11794,11794,50800,40470,10330,Pending
11795,11795,23810,13350,10460,Paid
11796,11796,29850,19200,10650,Paid
11797,11797,52370,38100,14270,Pending
11798,11798,27220,0,27220,Paid
11799,11799,13670,0,13670,Paid
11800,11800,13470,9790,3680,Paid
11801,11801,94860,78820,16040,Paid
11802,11802,19480,11840,7640,Paid
11803,11803,15880,10310,5570,Pending
11804,11804,41010,24300,16710,Partially Paid
11805,11805,165710,80910,84800,Paid
11806,11806,28480,0,28480,Partially Paid
11807,11807,85160,0,85160,Paid
11808,11808,71340,64120,7220,Partially Paid
11809,11809,24240,0,24240,Paid
11810,11810,55990,41430,14560,Paid
11811,11811,16260,9480,6780,Paid
11812,11812,32350,15040,17310,Pending
11813,11813,31250,17450,13800,Pending
11814,11814,143600,104760,38840,Paid
11815,11815,26490,19040,7450,Paid
11816,11816,41840,18300,23540,Paid
11817,11817,59640,0,59640,Paid
11818,11818,116010,89160,26850,Pending
11819,11819,563420,0,563420,Paid
11820,11820,8550,0,8550,Paid
11821,11821,198340,154860,43480,Partially Paid
11822,11822,10320,5420,4900,Pending
11823,11823,46840,0,46840,Pending
11824,11824,536540,469400,67140,Paid
11825,11825,21900,0,21900,Paid
11826,11826,48860,38250,10610,Paid
11827,11827,36850,0,36850,Partially Paid
11828,11828,58420,0,58420,Paid
11829,11829,18670,10070,8600,Paid
11830,11830,46340,27120,19220,Paid
11831,11831,15910,0,15910,Paid
11832,11832,50140,0,50140,Paid
11833,11833,379350,295610,83740,Paid
11834,11834,61880,27470,34410,Paid
11835,11835,26980,0,26980,Paid
11836,11836,20820,9990,10830,Paid
11837,11837,93980,0,93980,Paid
11838,11838,64430,26100,38330,Pending
11839,11839,131640,69900,61740,Paid
11840,11840,17330,0,17330,Paid
11841,11841,75720,44910,30810,Paid
11842,11842,43080,0,43080,Partially Paid
11843,11843,35670,15750,19920,Paid
11844,11844,50960,44180,6780,Pending
11845,11845,142200,124870,17330,Paid
11846,11846,36410,27970,8440,Pending
11847,11847,31280,14810,16470,Paid
11848,11848,82030,47850,34180,Paid
11849,11849,15340,0,15340,Paid
11850,11850,39080,0,39080,Paid
11851,11851,20260,12700,7560,Paid
11852,11852,89920,55820,34100,Paid
11853,11853,93290,0,93290,Paid
11854,11854,14160,7580,6580,Paid
11855,11855,22200,0,22200,Paid
11856,11856,16920,12820,4100,Paid
11857,11857,46880,0,46880,Paid
11858,11858,28730,17630,11100,Paid
11859,11859,91620,0,91620,Paid
11860,11860,233240,100400,132840,Paid
11861,11861,79140,67210,11930,Paid
11862,11862,93430,71540,21890,Paid
11863,11863,53140,44760,8380,Paid
11864,11864,119630,102630,17000,Paid
11865,11865,30730,0,30730,Paid
11866,11866,331790,243640,88150,Partially Paid
11867,11867,10030,6180,3850,Paid
11868,11868,93590,0,93590,Paid
11869,11869,531120,0,531120,Paid
11870,11870,254470,200700,53770,Paid
11871,11871,12960,10220,2740,Paid
11872,11872,101200,84300,16900,Paid
11873,11873,315370,268910,46460,Paid
11874,11874,68740,0,68740,Pending
11875,11875,56460,33500,22960,Partially Paid
11876,11876,67870,0,67870,Paid
11877,11877,139220,124750,14470,Paid
11878,11878,61250,45080,16170,Paid
11879,11879,58970,37910,21060,Paid
11880,11880,18610,0,18610,Paid
11881,11881,7780,4390,3390,Partially Paid
11882,11882,65450,33020,32430,Paid
11883,11883,41500,32080,9420,Paid
11884,11884,20710,8430,12280,Paid
11885,11885,59390,0,59390,Paid
11886,11886,13180,6560,6620,Paid
11887,11887,47860,20020,27840,Paid
11888,11888,166120,98120,68000,Paid
11889,11889,92690,0,92690,Paid
11890,11890,24590,11970,12620,Paid
11891,11891,38460,26270,12190,Paid
11892,11892,95000,0,95000,Partially Paid
11893,11893,26300,21850,4450,Paid
11894,11894,58180,37270,20910,Paid
11895,11895,172320,0,172320,Paid
11896,11896,28990,0,28990,Paid
11897,11897,96380,0,96380,Paid
11898,11898,18240,0,18240,Paid
11899,11899,270370,116780,153590,Paid
11900,11900,20000,0,20000,Pending
11901,11901,23780,18090,5690,Paid
11902,11902,37340,19010,18330,Paid
11903,11903,116680,96320,20360,Paid
11904,11904,45160,38070,7090,Paid
11905,11905,46330,20300,26030,Pending
11906,11906,70680,59720,10960,Paid
11907,11907,121230,56720,64510,Paid
11908,11908,24770,11450,13320,Paid
11909,11909,38320,28380,9940,Pending
11910,11910,336870,0,336870,Paid
11911,11911,444750,340980,103770,Paid
11912,11912,178830,147840,30990,Paid
11913,11913,74150,52760,21390,Paid
11914,11914,27680,21780,5900,Paid
11915,11915,145150,79910,65240,Paid
11916,11916,47240,0,47240,Paid
11917,11917,49980,27670,22310,Paid
11918,11918,38060,21030,17030,Paid
11919,11919,184590,0,184590,Paid
11920,11920,48980,43150,5830,Paid
11921,11921,61210,35830,25380,Paid
11922,11922,62200,0,62200,Pending
11923,11923,86010,45580,40430,Partially Paid
11924,11924,115290,73940,41350,Pending
11925,11925,46630,0,46630,Paid
11926,11926,32720,14290,18430,Paid
11927,11927,37080,22820,14260,Pending
11928,11928,21640,0,21640,Pending
11929,11929,341580,270350,71230,Paid
11930,11930,44240,22360,21880,Paid
11931,11931,18500,7910,10590,Paid
11932,11932,134900,115130,19770,Paid
11933,11933,389200,215920,173280,Paid
11934,11934,57130,32300,24830,Paid
11935,11935,19160,16600,2560,Paid
11936,11936,167520,133570,33950,Paid
11937,11937,21290,0,21290,Paid
11938,11938,22140,17310,4830,Paid
11939,11939,21360,0,21360,Paid
11940,11940,24290,15420,8870,Paid
11941,11941,66100,50360,15740,Partially Paid
11942,11942,16850,0,16850,Pending
11943,11943,47250,0,47250,Paid
11944,11944,33160,21270,11890,Paid
11945,11945,34070,28640,5430,Paid
11946,11946,378890,0,378890,Paid
11947,11947,31200,0,31200,Paid
11948,11948,94550,63850,30700,Paid
11949,11949,96470,78260,18210,Paid
11950,11950,104060,44550,59510,Paid
11951,11951,99300,77810,21490,Paid
11952,11952,56720,31280,25440,Paid
11953,11953,99510,0,99510,Paid
11954,11954,37400,20510,16890,Paid
11955,11955,47990,0,47990,Paid
11956,11956,297970,0,297970,Partially Paid
11957,11957,48890,23010,25880,Partially Paid
11958,11958,425810,339150,86660,Paid
11959,11959,102840,42630,60210,Paid
11960,11960,7790,5420,2370,Paid
11961,11961,37290,20510,16780,Paid
11962,11962,98660,75920,22740,Pending
11963,11963,56140,49460,6680,Pending
11964,11964,247410,0,247410,Pending
11965,11965,37530,29260,8270,Paid
11966,11966,34090,18460,15630,Paid
11967,11967,153520,124490,29030,Partially Paid
11968,11968,18110,11470,6640,Pending
11969,11969,18730,16200,2530,Paid
11970,11970,49140,31800,17340,Paid
11971,11971,84040,0,84040,Paid
11972,11972,25430,19810,5620,Partially Paid
11973,11973,166780,0,166780,Pending
11974,11974,8070,5080,2990,Paid
11975,11975,74540,38630,35910,Partially Paid
11976,11976,185440,120390,65050,Paid
11977,11977,26220,0,26220,Paid
11978,11978,196230,96200,100030,Partially Paid
11979,11979,34600,29430,5170,Paid
11980,11980,40730,35710,5020,Paid
11981,11981,157690,111080,46610,Paid
11982,11982,268800,0,268800,Paid
11983,11983,66590,52850,13740,Paid
11984,11984,13060,6380,6680,Paid
11985,11985,37470,0,37470,Paid
11986,11986,177480,151340,26140,Paid
11987,11987,38300,31420,6880,Paid
11988,11988,81740,0,81740,Paid
11989,11989,17310,12630,4680,Partially Paid
11990,11990,87000,55170,31830,Paid
11991,11991,64360,44060,20300,Paid
11992,11992,81790,0,81790,Paid
11993,11993,238010,131690,106320,Paid
11994,11994,125640,86840,38800,Paid
11995,11995,198920,86140,112780,Partially Paid
11996,11996,12180,6420,5760,Paid
11997,11997,67390,55220,12170,Paid
11998,11998,64470,0,64470,Paid
11999,11999,106000,0,106000,Paid
12000,12000,23890,12640,11250,Paid
12001,12001,25120,0,25120,Paid
12002,12002,100560,89390,11170,Paid
12003,12003,12820,0,12820,Paid
12004,12004,14090,5820,8270,Paid
12005,12005,98390,44960,53430,Pending
12006,12006,52550,30250,22300,Paid
12007,12007,70040,61940,8100,Paid
12008,12008,33880,26630,7250,Paid
12009,12009,11060,0,11060,Paid
12010,12010,44970,20040,24930,Paid
12011,12011,103350,92730,10620,Paid
12012,12012,61680,34030,27650,Paid
12013,12013,48050,0,48050,Paid
12014,12014,85860,49700,36160,Paid
12015,12015,48700,31120,17580,Paid
12016,12016,36930,18540,18390,Paid
12017,12017,20900,18250,2650,Paid
12018,12018,77920,0,77920,Paid
12019,12019,21120,0,21120,Paid
12020,12020,32530,0,32530,Paid
12021,12021,104240,45710,58530,Paid
12022,12022,55870,31300,24570,Paid
12023,12023,227810,116280,111530,Paid
12024,12024,75000,0,75000,Paid
12025,12025,127820,87280,40540,Paid
12026,12026,162820,138850,23970,Paid
12027,12027,67810,55540,12270,Paid
12028,12028,105940,60000,45940,Paid
12029,12029,30230,15290,14940,Pending
12030,12030,21360,0,21360,Paid
12031,12031,22860,18960,3900,Paid
12032,12032,77150,39980,37170,Partially Paid
12033,12033,122480,65570,56910,Paid
12034,12034,119370,78910,40460,Paid
12035,12035,221850,198480,23370,Paid
12036,12036,43730,29550,14180,Paid
12037,12037,17150,9930,7220,Paid
12038,12038,33930,0,33930,Paid
12039,12039,34530,21290,13240,Paid
12040,12040,399970,293300,106670,Paid
12041,12041,54920,0,54920,Pending
12042,12042,37680,30390,7290,Paid
12043,12043,301070,0,301070,Paid
12044,12044,34840,31220,3620,Pending
12045,12045,33660,29470,4190,Paid
12046,12046,39810,25710,14100,Paid
12047,12047,19030,9920,9110,Paid
12048,12048,103270,65350,37920,Partially Paid
12049,12049,14630,0,14630,Paid
12050,12050,51040,36160,14880,Paid
12051,12051,15130,11380,3750,Paid
12052,12052,30840,25840,5000,Partially Paid
12053,12053,86010,49890,36120,Paid
12054,12054,20860,12610,8250,Paid
12055,12055,50120,0,50120,Paid
12056,12056,49980,23780,26200,Pending
12057,12057,93470,82420,11050,Pending
12058,12058,13880,0,13880,Paid
12059,12059,41190,30480,10710,Partially Paid
12060,12060,50980,0,50980,Paid
12061,12061,50200,38220,11980,Partially Paid
12062,12062,29480,21500,7980,Paid
12063,12063,46800,23230,23570,Paid
12064,12064,297430,0,297430,Paid
12065,12065,30580,20660,9920,Pending
12066,12066,41040,23380,17660,Partially Paid
12067,12067,47070,25340,21730,Partially Paid
12068,12068,18340,0,18340,Paid
12069,12069,59390,26600,32790,Paid
12070,12070,17520,9660,7860,Paid
12071,12071,186340,94060,92280,Paid
12072,12072,70820,63390,7430,Paid
12073,12073,13460,0,13460,Partially Paid
12074,12074,544910,0,544910,Partially Paid
12075,12075,65020,55400,9620,Paid
12076,12076,16870,7920,8950,Paid
12077,12077,29640,0,29640,Partially Paid
12078,12078,17170,7320,9850,Paid
12079,12079,37990,0,37990,Paid
12080,12080,43000,29230,13770,Partially Paid
12081,12081,12150,5940,6210,Paid
12082,12082,29820,16120,13700,Paid
12083,12083,82040,47190,34850,Paid
12084,12084,147470,109050,38420,Partially Paid
12085,12085,27840,21230,6610,Paid
12086,12086,357750,153910,203840,Paid
12087,12087,143180,67600,75580,Paid
12088,12088,52900,30770,22130,Paid
12089,12089,23810,0,23810,Paid
12090,12090,81410,0,81410,Pending
12091,12091,21860,19070,2790,Pending
12092,12092,130410,108780,21630,Paid
12093,12093,29980,16250,13730,Paid
12094,12094,33090,28440,4650,Paid
12095,12095,5100,2680,2420,Paid
12096,12096,36960,0,36960,Partially Paid
12097,12097,37760,16370,21390,Paid
12098,12098,87660,73180,14480,Paid
12099,12099,37010,0,37010,Paid
12100,12100,43370,0,43370,Paid
12101,12101,23380,0,23380,Paid
12102,12102,155000,74590,80410,Paid
12103,12103,167360,125460,41900,Paid
12104,12104,46150,35750,10400,Paid
12105,12105,13680,11610,2070,Partially Paid
12106,12106,38290,0,38290,Paid
12107,12107,41950,32110,9840,Partially Paid
12108,12108,189990,164150,25840,Paid
12109,12109,97460,72430,25030,Paid
12110,12110,31240,24830,6410,Pending
12111,12111,27550,14960,12590,Paid
12112,12112,358770,215290,143480,Paid
12113,12113,108870,48400,60470,Paid
12114,12114,107370,0,107370,Paid
12115,12115,77070,0,77070,Paid
12116,12116,41980,0,41980,Paid
12117,12117,146460,114640,31820,Paid
12118,12118,31140,22460,8680,Pending
12119,12119,28690,23120,5570,Paid
12120,12120,68430,58000,10430,Paid
12121,12121,112500,68250,44250,Paid
12122,12122,102950,0,102950,Partially Paid
12123,12123,44110,0,44110,Paid
12124,12124,10320,5840,4480,Paid
12125,12125,245800,113720,132080,Partially Paid
12126,12126,32620,25070,7550,Pending
12127,12127,22910,20490,2420,Paid
12128,12128,57000,23020,33980,Paid
12129,12129,259470,207260,52210,Paid
12130,12130,112220,97870,14350,Pending
12131,12131,147210,121620,25590,Paid
12132,12132,48200,0,48200,Paid
12133,12133,17960,9010,8950,Paid
12134,12134,264750,125850,138900,Paid
12135,12135,25440,19700,5740,Pending
12136,12136,25440,0,25440,Paid
12137,12137,13490,0,13490,Paid
12138,12138,34030,15100,18930,Paid
12139,12139,65050,55280,9770,Paid
12140,12140,26570,14770,11800,Paid
12141,12141,96390,60040,36350,Pending
12142,12142,105270,43720,61550,Paid
12143,12143,55600,33060,22540,Partially Paid
12144,12144,23220,15350,7870,Paid
12145,12145,101160,86340,14820,Paid
12146,12146,338660,238960,99700,Pending
12147,12147,47860,36270,11590,Paid
12148,12148,7330,0,7330,Paid
12149,12149,16000,0,16000,Pending
12150,12150,15950,12910,3040,Paid
12151,12151,229220,138310,90910,Paid
12152,12152,26860,13050,13810,Paid
12153,12153,83570,0,83570,Paid
12154,12154,39260,29900,9360,Paid
12155,12155,389180,0,389180,Paid
12156,12156,30260,16200,14060,Paid
12157,12157,255560,132510,123050,Paid
12158,12158,13800,6180,7620,Paid
12159,12159,70470,55140,15330,Paid
12160,12160,20050,15610,4440,Paid
12161,12161,132930,80690,52240,Paid
12162,12162,21510,11640,9870,Paid
12163,12163,36070,0,36070,Paid
12164,12164,405630,317400,88230,Paid
12165,12165,6670,3220,3450,Paid
12166,12166,146880,72160,74720,Paid
12167,12167,23070,12850,10220,Paid
12168,12168,12410,7150,5260,Paid
12169,12169,182020,123690,58330,Paid
12170,12170,16270,9310,6960,Paid
12171,12171,46650,19070,27580,Partially Paid
12172,12172,7540,6280,1260,Paid
12173,12173,58690,48340,10350,Pending
12174,12174,97320,65260,32060,Paid
12175,12175,32820,0,32820,Paid
12176,12176,103720,91930,11790,Paid
12177,12177,9940,0,9940,Pending
12178,12178,32950,0,32950,Paid
12179,12179,28740,0,28740,Paid
12180,12180,102350,87140,15210,Paid
12181,12181,42750,0,42750,Paid
12182,12182,145110,0,145110,Paid
12183,12183,36320,18530,17790,Paid
12184,12184,60310,25450,34860,Pending
12185,12185,43280,28380,14900,Paid
12186,12186,52070,44180,7890,Paid
12187,12187,49380,0,49380,Paid
12188,12188,28760,16790,11970,Paid
12189,12189,534840,245800,289040,Paid
12190,12190,192580,0,192580,Paid
12191,12191,46560,0,46560,Paid
12192,12192,246670,138530,108140,Partially Paid
12193,12193,78740,34880,43860,Paid
12194,12194,150300,80450,69850,Paid
12195,12195,27000,0,27000,Pending
12196,12196,175540,113040,62500,Paid
12197,12197,41860,34660,7200,Paid
12198,12198,41320,19780,21540,Partially Paid
12199,12199,31600,17290,14310,Paid
12200,12200,433770,335340,98430,Paid
12201,12201,21000,0,21000,Paid
12202,12202,29510,22780,6730,Paid
12203,12203,37900,0,37900,Paid
12204,12204,43720,21180,22540,Paid
12205,12205,129150,83860,45290,Pending
12206,12206,37870,21200,16670,Paid
12207,12207,39110,25140,13970,Paid
12208,12208,25020,21970,3050,Paid
12209,12209,16530,13910,2620,Paid
12210,12210,200450,0,200450,Paid
12211,12211,73310,62280,11030,Paid
12212,12212,36130,0,36130,Partially Paid
12213,12213,36850,30140,6710,Paid
12214,12214,135390,91280,44110,Paid
12215,12215,27860,19430,8430,Paid
12216,12216,31400,22980,8420,Paid
12217,12217,11760,6550,5210,Paid
12218,12218,109000,78540,30460,Paid
12219,12219,93110,0,93110,Paid
12220,12220,74980,44560,30420,Paid
12221,12221,44680,20850,23830,Paid
12222,12222,26090,13850,12240,Paid
12223,12223,41000,23600,17400,Paid
12224,12224,43020,35960,7060,Paid
12225,12225,22870,11970,10900,Paid
12226,12226,24120,0,24120,Paid
12227,12227,39020,21560,17460,Paid
12228,12228,90950,70470,20480,Paid
12229,12229,141680,0,141680,Pending
12230,12230,53440,29400,24040,Paid
12231,12231,22190,18390,3800,Paid
12232,12232,53000,38470,14530,Pending
12233,12233,257200,155190,102010,Paid
12234,12234,50340,26460,23880,Paid
12235,12235,46790,0,46790,Paid
12236,12236,53870,42140,11730,Pending
12237,12237,145760,120270,25490,Pending
12238,12238,15480,11480,4000,Paid
12239,12239,250820,157020,93800,Paid
12240,12240,25010,15610,9400,Paid
12241,12241,39320,20540,18780,Paid
12242,12242,135880,114290,21590,Paid
12243,12243,116960,89320,27640,Paid
12244,12244,310670,239890,70780,Paid
12245,12245,57010,45150,11860,Paid
12246,12246,114020,90670,23350,Paid
12247,12247,19720,8200,11520,Paid
12248,12248,47360,0,47360,Paid
12249,12249,41180,0,41180,Paid
12250,12250,12580,7850,4730,Pending
12251,12251,16760,10440,6320,Paid
12252,12252,89370,0,89370,Paid
12253,12253,25740,20900,4840,Paid
12254,12254,52980,44070,8910,Paid
12255,12255,85630,51020,34610,Paid
12256,12256,35930,20250,15680,Paid
12257,12257,102240,0,102240,Paid
12258,12258,178620,91220,87400,Paid
12259,12259,275120,200330,74790,Paid
12260,12260,107480,80510,26970,Partially Paid
12261,12261,21700,0,21700,Paid
12262,12262,66740,32300,34440,Pending
12263,12263,22870,16630,6240,Paid
12264,12264,32670,14280,18390,Paid
12265,12265,54990,0,54990,Pending
12266,12266,123320,66500,56820,Pending
12267,12267,55650,0,55650,Pending
12268,12268,15030,9630,5400,Pending
12269,12269,33740,28750,4990,Paid
12270,12270,29310,19590,9720,Paid
12271,12271,134130,0,134130,Paid
12272,12272,95490,66090,29400,Paid
12273,12273,81550,68220,13330,Paid
12274,12274,38080,28600,9480,Paid
12275,12275,19680,10110,9570,Paid
12276,12276,357290,0,357290,Paid
12277,12277,37420,16570,20850,Paid
12278,12278,7890,5660,2230,Paid
12279,12279,89120,54410,34710,Paid
12280,12280,84730,0,84730,Partially Paid
12281,12281,19070,12730,6340,Partially Paid
12282,12282,64050,54020,10030,Paid
12283,12283,34920,14650,20270,Paid
12284,12284,11310,8860,2450,Paid
12285,12285,27690,24690,3000,Paid
12286,12286,31480,23290,8190,Paid
12287,12287,42220,23000,19220,Paid
12288,12288,41640,34720,6920,Paid
12289,12289,90970,46180,44790,Paid
12290,12290,23330,11570,11760,Paid
12291,12291,172590,116840,55750,Paid
12292,12292,87790,43340,44450,Paid
12293,12293,9230,5250,3980,Pending
12294,12294,46700,40820,5880,Partially Paid
12295,12295,132570,0,132570,Paid
12296,12296,100540,64350,36190,Paid
12297,12297,94460,71440,23020,Paid
12298,12298,39050,0,39050,Paid
12299,12299,21640,13790,7850,Paid
12300,12300,62320,0,62320,Paid
12301,12301,20390,8660,11730,Paid
12302,12302,31500,25930,5570,Paid
12303,12303,34770,26860,7910,Paid
12304,12304,29950,25160,4790,Paid
12305,12305,108960,47400,61560,Partially Paid
12306,12306,11100,8210,2890,Paid
12307,12307,43120,0,43120,Paid
12308,12308,18330,12290,6040,Paid
12309,12309,30790,16000,14790,Partially Paid
12310,12310,79170,39330,39840,Partially Paid
12311,12311,14710,13170,1540,Paid
12312,12312,74380,34490,39890,Paid
12313,12313,68400,48930,19470,Paid
12314,12314,7210,6330,880,Paid
12315,12315,21450,10140,11310,Paid
12316,12316,38490,0,38490,Partially Paid
12317,12317,70440,0,70440,Paid
12318,12318,53610,43650,9960,Paid
12319,12319,18850,14810,4040,Partially Paid
12320,12320,13790,10600,3190,Partially Paid
12321,12321,27370,20850,6520,Paid
12322,12322,62020,35560,26460,Paid
12323,12323,63100,26830,36270,Paid
12324,12324,17850,11550,6300,Pending
12325,12325,9790,0,9790,Paid
12326,12326,281350,138180,143170,Paid
12327,12327,237070,165960,71110,Paid
12328,12328,69050,38780,30270,Partially Paid
12329,12329,115190,0,115190,Paid
12330,12330,41470,0,41470,Paid
12331,12331,31870,0,31870,Paid
12332,12332,80910,37670,43240,Paid
12333,12333,116500,48800,67700,Paid
12334,12334,18160,13790,4370,Paid
12335,12335,36190,18480,17710,Partially Paid
12336,12336,43460,0,43460,Paid
12337,12337,14750,11480,3270,Paid
12338,12338,20120,9790,10330,Paid
12339,12339,20810,16320,4490,Paid
12340,12340,35420,0,35420,Paid
12341,12341,27090,19020,8070,Paid
12342,12342,6400,3420,2980,Paid
12343,12343,166220,0,166220,Pending
12344,12344,41640,0,41640,Paid
12345,12345,49580,27190,22390,Paid
12346,12346,5270,4680,590,Paid
12347,12347,26230,16180,10050,Paid
12348,12348,29600,16930,12670,Paid
12349,12349,81400,41940,39460,Paid
12350,12350,22370,12020,10350,Paid
12351,12351,41940,23520,18420,Paid
12352,12352,115710,99300,16410,Pending
12353,12353,17510,9330,8180,Paid
12354,12354,21850,0,21850,Pending
12355,12355,49040,0,49040,Partially Paid
12356,12356,44750,0,44750,Paid
12357,12357,19470,12950,6520,Paid
12358,12358,114450,76370,38080,Paid
12359,12359,53840,45220,8620,Paid
12360,12360,438850,281640,157210,Paid
12361,12361,40850,21600,19250,Paid
12362,12362,50270,27120,23150,Paid
12363,12363,23160,11240,11920,Paid
12364,12364,75700,67850,7850,Paid
12365,12365,23620,0,23620,Paid
12366,12366,35790,0,35790,Partially Paid
12367,12367,6690,0,6690,Paid
12368,12368,46030,30080,15950,Paid
12369,12369,40370,28880,11490,Paid
12370,12370,76000,50900,25100,Pending
12371,12371,151430,92560,58870,Paid
12372,12372,153370,92760,60610,Paid
12373,12373,122340,0,122340,Paid
12374,12374,23310,12880,10430,Paid
12375,12375,30300,19910,10390,Paid
12376,12376,52650,0,52650,Paid
12377,12377,41310,18840,22470,Paid
12378,12378,103310,90250,13060,Paid
12379,12379,13200,11840,1360,Paid
12380,12380,77500,0,77500,Paid
12381,12381,142310,104870,37440,Paid
12382,12382,17390,9540,7850,Paid
12383,12383,56050,44120,11930,Partially Paid
12384,12384,56820,47230,9590,Paid
12385,12385,52970,45890,7080,Paid
12386,12386,112630,58110,54520,Paid
12387,12387,29300,17900,11400,Paid
12388,12388,38100,23000,15100,Paid
12389,12389,43400,0,43400,Paid
12390,12390,19490,15830,3660,Paid
12391,12391,9430,4810,4620,Paid
12392,12392,54710,46560,8150,Paid
12393,12393,143410,73700,69710,Paid
12394,12394,89700,71450,18250,Paid
12395,12395,22320,0,22320,Paid
12396,12396,51230,26200,25030,Paid
12397,12397,26460,22190,4270,Paid
12398,12398,333880,0,333880,Pending
12399,12399,25380,14080,11300,Partially Paid
12400,12400,19310,0,19310,Paid
12401,12401,19190,15980,3210,Partially Paid
12402,12402,93100,0,93100,Paid
12403,12403,19740,16120,3620,Paid
12404,12404,59600,36220,23380,Pending
12405,12405,215960,0,215960,Paid
12406,12406,110720,98450,12270,Paid
12407,12407,247630,208660,38970,Paid
12408,12408,347450,256390,91060,Paid
12409,12409,30980,19400,11580,Paid
12410,12410,80590,56760,23830,Paid
12411,12411,30520,20690,9830,Partially Paid
12412,12412,80640,38410,42230,Paid
12413,12413,368680,253850,114830,Paid
12414,12414,65310,0,65310,Paid
12415,12415,46350,29110,17240,Paid
12416,12416,120040,92330,27710,Pending
12417,12417,62200,28600,33600,Paid
12418,12418,12380,8930,3450,Pending
12419,12419,140960,120480,20480,Paid
12420,12420,112730,0,112730,Paid
12421,12421,54920,0,54920,Paid
12422,12422,9180,8220,960,Paid
12423,12423,19900,0,19900,Pending
12424,12424,75660,58120,17540,Partially Paid
12425,12425,44870,29170,15700,Paid
12426,12426,59750,40420,19330,Partially Paid
12427,12427,19980,0,19980,Paid
12428,12428,115890,80840,35050,Paid
12429,12429,263730,0,263730,Paid
12430,12430,37570,0,37570,Paid
12431,12431,20960,11690,9270,Paid
12432,12432,74770,56870,17900,Pending
12433,12433,54420,43850,10570,Paid
12434,12434,44620,39350,5270,Paid
12435,12435,403350,309170,94180,Paid
12436,12436,121010,94700,26310,Paid
12437,12437,14990,10000,4990,Paid
12438,12438,21930,13920,8010,Paid
12439,12439,27950,15780,12170,Pending
12440,12440,19610,0,19610,Partially Paid
12441,12441,19760,16880,2880,Paid
12442,12442,23770,0,23770,Pending
12443,12443,93400,40170,53230,Paid
12444,12444,14790,6100,8690,Paid
12445,12445,88650,39010,49640,Paid
12446,12446,467600,193890,273710,Paid
12447,12447,41540,0,41540,Paid
12448,12448,32350,0,32350,Partially Paid
12449,12449,20350,16340,4010,Pending
12450,12450,178730,75060,103670,Paid
12451,12451,297780,0,297780,Pending
12452,12452,46390,28230,18160,Paid
12453,12453,381130,0,381130,Partially Paid
12454,12454,86020,55630,30390,Paid
12455,12455,70680,44240,26440,Paid
12456,12456,48780,0,48780,Paid
12457,12457,91980,41340,50640,Partially Paid
12458,12458,42480,32470,10010,Paid
12459,12459,50870,0,50870,Paid
12460,12460,43620,25440,18180,Paid
12461,12461,121960,63460,58500,Paid
12462,12462,24070,15740,8330,Partially Paid
12463,12463,49380,26680,22700,Paid
12464,12464,61450,25700,35750,Paid
12465,12465,35800,14450,21350,Paid
12466,12466,151550,88260,63290,Paid
12467,12467,31890,22600,9290,Paid
12468,12468,29520,0,29520,Paid
12469,12469,19270,8350,10920,Paid
12470,12470,34740,19090,15650,Paid
12471,12471,58470,0,58470,Paid
12472,12472,30400,16830,13570,Paid
12473,12473,41700,20890,20810,Paid
12474,12474,9650,4640,5010,Pending
12475,12475,158770,136230,22540,Pending
12476,12476,8600,5050,3550,Paid
12477,12477,31910,19190,12720,Paid
12478,12478,25690,20500,5190,Paid
12479,12479,87130,64570,22560,Partially Paid
12480,12480,192530,131720,60810,Paid
12481,12481,89940,52800,37140,Paid
12482,12482,31910,23020,8890,Paid
12483,12483,14680,13110,1570,Paid
12484,12484,58970,52310,6660,Paid
12485,12485,41460,32740,8720,Paid
12486,12486,12790,7520,5270,Paid
12487,12487,63090,0,63090,Paid
12488,12488,23650,13150,10500,Paid
12489,12489,27160,19280,7880,Paid
12490,12490,358320,265660,92660,Paid
12491,12491,107830,43350,64480,Paid
12492,12492,8780,6950,1830,Paid
12493,12493,43740,0,43740,Pending
12494,12494,29460,0,29460,Paid
12495,12495,154580,0,154580,Paid
12496,12496,44190,24000,20190,Partially Paid
12497,12497,71140,60390,10750,Pending
12498,12498,102570,0,102570,Paid
12499,12499,24060,11120,12940,Paid
12500,12500,54380,30050,24330,Pending
12501,12501,17070,8850,8220,Paid
12502,12502,19110,13290,5820,Partially Paid
12503,12503,16680,14110,2570,Paid
12504,12504,22710,18560,4150,Pending
12505,12505,35430,24510,10920,Paid
12506,12506,145090,0,145090,Paid
12507,12507,25500,19930,5570,Paid
12508,12508,16370,6920,9450,Paid
12509,12509,81670,0,81670,Paid
12510,12510,48680,36430,12250,Paid
12511,12511,23910,0,23910,Paid
12512,12512,22980,16460,6520,Paid
12513,12513,92100,0,92100,Pending
12514,12514,50140,43860,6280,Pending
12515,12515,19170,0,19170,Partially Paid
12516,12516,221950,101090,120860,Paid
12517,12517,24940,20090,4850,Pending
12518,12518,41750,0,41750,Paid
12519,12519,41050,30240,10810,Paid
12520,12520,33020,21070,11950,Pending
12521,12521,43650,24010,19640,Paid
12522,12522,102290,43780,58510,Paid
12523,12523,332420,175520,156900,Partially Paid
12524,12524,174750,142350,32400,Paid
12525,12525,91180,0,91180,Paid
12526,12526,78220,52030,26190,Partially Paid
12527,12527,166040,105730,60310,Paid
12528,12528,6320,3590,2730,Pending
12529,12529,58220,35030,23190,Partially Paid
12530,12530,53420,41890,11530,Partially Paid
12531,12531,27100,16810,10290,Paid
12532,12532,69670,38430,31240,Partially Paid
12533,12533,137830,56760,81070,Partially Paid
12534,12534,146670,92210,54460,Paid
12535,12535,21740,15150,6590,Pending
12536,12536,12840,6280,6560,Partially Paid
12537,12537,26820,23540,3280,Paid
12538,12538,134260,119800,14460,Paid
12539,12539,31810,25910,5900,Paid
12540,12540,49170,33950,15220,Paid
12541,12541,87020,62090,24930,Paid
12542,12542,27920,20460,7460,Paid
12543,12543,45140,0,45140,Partially Paid
12544,12544,96960,53530,43430,Paid
12545,12545,24620,11780,12840,Paid
12546,12546,73280,32140,41140,Partially Paid
12547,12547,39900,23360,16540,Partially Paid
12548,12548,44110,18090,26020,Paid
12549,12549,46720,41690,5030,Paid
12550,12550,117670,79130,38540,Paid
12551,12551,135070,0,135070,Paid
12552,12552,24070,17970,6100,Paid
12553,12553,24260,19580,4680,Paid
12554,12554,37700,17870,19830,Paid
12555,12555,57990,0,57990,Paid
12556,12556,60720,31330,29390,Pending
12557,12557,87810,0,87810,Paid
12558,12558,47360,29380,17980,Partially Paid
12559,12559,133220,116340,16880,Pending
12560,12560,41220,32790,8430,Partially Paid
12561,12561,58250,48990,9260,Paid
12562,12562,113310,0,113310,Paid
12563,12563,67940,32440,35500,Paid
12564,12564,39710,24030,15680,Paid
12565,12565,42320,0,42320,Paid
12566,12566,27450,0,27450,Partially Paid
12567,12567,147870,116190,31680,Paid
12568,12568,99290,80220,19070,Paid
12569,12569,89580,71960,17620,Paid
12570,12570,16820,8030,8790,Paid
12571,12571,16940,9080,7860,Paid
12572,12572,141390,110070,31320,Paid
12573,12573,40340,0,40340,Paid
12574,12574,47860,20290,27570,Paid
12575,12575,27500,15470,12030,Pending
12576,12576,30220,0,30220,Partially Paid
12577,12577,45230,0,45230,Paid
12578,12578,24100,0,24100,Paid
12579,12579,33780,15610,18170,Paid
12580,12580,108250,44060,64190,Paid
12581,12581,195090,112100,82990,Pending
12582,12582,9330,0,9330,Partially Paid
12583,12583,21110,14690,6420,Paid
12584,12584,20380,9690,10690,Pending
12585,12585,17860,14050,3810,Paid
12586,12586,16540,0,16540,Paid
12587,12587,46400,36590,9810,Paid
12588,12588,75050,58270,16780,Paid
12589,12589,54390,46070,8320,Paid
12590,12590,21990,0,21990,Paid
12591,12591,36200,25040,11160,Paid
12592,12592,80210,58350,21860,Paid
12593,12593,110220,56160,54060,Paid
12594,12594,85380,69520,15860,Pending
12595,12595,159690,89000,70690,Paid
12596,12596,27640,0,27640,Paid
12597,12597,40360,0,40360,Partially Paid
12598,12598,66090,34610,31480,Paid
12599,12599,20010,12930,7080,Paid
12600,12600,189720,166170,23550,Paid
12601,12601,40210,0,40210,Pending
12602,12602,184550,0,184550,Paid
12603,12603,89730,0,89730,Paid
12604,12604,25420,11450,13970,Pending
12605,12605,124590,88270,36320,Partially Paid
12606,12606,61430,54380,7050,Paid
12607,12607,31540,24790,6750,Paid
12608,12608,51080,39610,11470,Paid
12609,12609,73450,41200,32250,Paid
12610,12610,32230,24250,7980,Paid
12611,12611,132560,70790,61770,Paid
12612,12612,55280,31450,23830,Partially Paid
12613,12613,107970,82600,25370,Paid
12614,12614,237610,197320,40290,Paid
12615,12615,8830,6800,2030,Paid
12616,12616,46620,22590,24030,Partially Paid
12617,12617,452150,403100,49050,Paid
12618,12618,36300,25200,11100,Paid
12619,12619,47840,22480,25360,Paid
12620,12620,75010,0,75010,Paid
12621,12621,351330,272450,78880,Paid
12622,12622,28570,20820,7750,Paid
12623,12623,23060,20030,3030,Paid
12624,12624,25940,22870,3070,Paid
12625,12625,28130,11810,16320,Paid
12626,12626,27210,19570,7640,Paid
12627,12627,160850,79740,81110,Paid
12628,12628,13600,9640,3960,Paid
12629,12629,24610,19300,5310,Paid
12630,12630,111650,68340,43310,Partially Paid
12631,12631,13970,0,13970,Pending
12632,12632,40110,0,40110,Paid
12633,12633,49440,25870,23570,Paid
12634,12634,29220,16120,13100,Paid
12635,12635,29670,24470,5200,Paid
12636,12636,19900,12300,7600,Pending
12637,12637,31220,0,31220,Paid
12638,12638,90330,0,90330,Partially Paid
12639,12639,154610,0,154610,Paid
12640,12640,20420,0,20420,Partially Paid
12641,12641,255030,209580,45450,Paid
12642,12642,161390,0,161390,Paid
12643,12643,55420,36420,19000,Paid
12644,12644,32440,0,32440,Paid
12645,12645,180510,107280,73230,Partially Paid
12646,12646,19700,11890,7810,Paid
12647,12647,11430,0,11430,Paid
12648,12648,68800,0,68800,Paid
12649,12649,89480,76350,13130,Paid
12650,12650,213110,0,213110,Paid
12651,12651,87570,39700,47870,Paid
12652,12652,13330,5750,7580,Paid
12653,12653,145400,83740,61660,Pending
12654,12654,102350,67810,34540,Partially Paid
12655,12655,106610,88600,18010,Paid
12656,12656,42650,36240,6410,Paid
12657,12657,29990,0,29990,Paid
12658,12658,51180,44080,7100,Pending
12659,12659,7600,4450,3150,Paid
12660,12660,104600,0,104600,Paid
12661,12661,95400,0,95400,Partially Paid
12662,12662,81670,0,81670,Paid
12663,12663,92950,37730,55220,Paid
12664,12664,105410,68650,36760,Pending
12665,12665,35560,26510,9050,Partially Paid
12666,12666,14620,13000,1620,Paid
12667,12667,27000,12970,14030,Pending
12668,12668,17220,7220,10000,Paid
12669,12669,125270,84340,40930,Paid
12670,12670,24450,21320,3130,Paid
12671,12671,57660,42180,15480,Paid
12672,12672,58220,0,58220,Paid
12673,12673,34520,29220,5300,Paid
12674,12674,30810,20210,10600,Paid
12675,12675,107670,52760,54910,Partially Paid
12676,12676,81010,42250,38760,Paid
12677,12677,38460,30930,7530,Paid
12678,12678,31590,17240,14350,Paid
12679,12679,261190,229880,31310,Paid
12680,12680,161830,145460,16370,Paid
12681,12681,17310,12120,5190,Paid
12682,12682,31520,16900,14620,Paid
12683,12683,29210,16000,13210,Paid
12684,12684,63060,0,63060,Paid
12685,12685,20580,12790,7790,Paid
12686,12686,56540,49960,6580,Paid
12687,12687,40740,25710,15030,Partially Paid
12688,12688,18210,0,18210,Paid
12689,12689,51850,21960,29890,Paid
12690,12690,93380,54180,39200,Paid
12691,12691,80350,0,80350,Paid
12692,12692,11080,4670,6410,Paid
12693,12693,22130,18650,3480,Paid
12694,12694,153310,122840,30470,Paid
12695,12695,33140,25500,7640,Paid
12696,12696,10050,0,10050,Paid
12697,12697,24860,0,24860,Paid
12698,12698,24720,20090,4630,Paid
12699,12699,160770,86880,73890,Paid
12700,12700,19460,12080,7380,Paid
12701,12701,41660,18440,23220,Paid
12702,12702,17490,12080,5410,Paid
12703,12703,48810,25030,23780,Paid
12704,12704,12710,9970,2740,Paid
12705,12705,39260,28230,11030,Paid
12706,12706,32700,28380,4320,Paid
12707,12707,115550,0,115550,Paid
12708,12708,61690,26470,35220,Paid
12709,12709,36600,0,36600,Paid
12710,12710,29980,0,29980,Partially Paid
12711,12711,68450,51190,17260,Paid
12712,12712,87690,0,87690,Paid
12713,12713,90910,0,90910,Paid
12714,12714,102650,52730,49920,Paid
12715,12715,25390,22660,2730,Paid
12716,12716,45890,23530,22360,Paid
12717,12717,81820,39370,42450,Paid
12718,12718,50040,20690,29350,Paid
12719,12719,14420,6260,8160,Paid
12720,12720,43230,21370,21860,Paid
12721,12721,8530,0,8530,Paid
12722,12722,226920,195450,31470,Paid
12723,12723,532840,0,532840,Paid
12724,12724,106050,0,106050,Paid
12725,12725,84750,49820,34930,Paid
12726,12726,81650,37680,43970,Paid
12727,12727,41810,17330,24480,Pending
12728,12728,11560,0,11560,Paid
12729,12729,20270,14490,5780,Paid
12730,12730,57170,23150,34020,Pending
12731,12731,16790,11970,4820,Paid
12732,12732,14260,9830,4430,Paid
12733,12733,28500,0,28500,Paid
12734,12734,30920,19390,11530,Paid
12735,12735,6230,5440,790,Paid
12736,12736,52950,0,52950,Paid
12737,12737,25210,11900,13310,Paid
12738,12738,35790,0,35790,Partially Paid
12739,12739,52300,0,52300,Paid
12740,12740,11900,5030,6870,Paid
12741,12741,15500,0,15500,Paid
12742,12742,43060,0,43060,Pending
12743,12743,118230,101430,16800,Paid
12744,12744,172820,131750,41070,Paid
12745,12745,19210,9570,9640,Paid
12746,12746,113170,0,113170,Paid
12747,12747,28480,14910,13570,Paid
12748,12748,138800,66110,72690,Pending
12749,12749,114250,76530,37720,Partially Paid
12750,12750,70890,0,70890,Paid
12751,12751,81020,41870,39150,Paid
12752,12752,122150,70560,51590,Partially Paid
12753,12753,7440,6470,970,Paid
12754,12754,96780,44790,51990,Paid
12755,12755,29240,14250,14990,Paid
12756,12756,44940,22270,22670,Pending
12757,12757,7940,0,7940,Paid
12758,12758,10100,7800,2300,Paid
12759,12759,18760,0,18760,Paid
12760,12760,102480,42630,59850,Paid
12761,12761,173980,94860,79120,Paid
12762,12762,124870,74890,49980,Paid
12763,12763,23390,10390,13000,Paid
12764,12764,70370,0,70370,Pending
12765,12765,23330,0,23330,Paid
12766,12766,15700,12540,3160,Paid
12767,12767,106950,58710,48240,Pending
12768,12768,6050,3980,2070,Paid
12769,12769,105380,0,105380,Paid
12770,12770,96980,53140,43840,Pending
12771,12771,23690,0,23690,Paid
12772,12772,19240,14370,4870,Pending
12773,12773,342550,217640,124910,Partially Paid
12774,12774,34870,19840,15030,Paid
12775,12775,546130,0,546130,Pending
12776,12776,15590,9290,6300,Paid
12777,12777,41960,27330,14630,Paid
12778,12778,78670,41880,36790,Paid
12779,12779,36940,29780,7160,Paid
12780,12780,31390,0,31390,Paid
12781,12781,45620,39870,5750,Paid
12782,12782,49320,0,49320,Paid
12783,12783,256980,107920,149060,Paid
12784,12784,35190,21050,14140,Paid
12785,12785,12340,0,12340,Paid
12786,12786,48350,41870,6480,Pending
12787,12787,189420,92390,97030,Pending
12788,12788,60990,39250,21740,Paid
12789,12789,22730,0,22730,Paid
12790,12790,34610,0,34610,Paid
12791,12791,67010,41810,25200,Paid
12792,12792,262490,0,262490,Paid
12793,12793,36410,23540,12870,Partially Paid
12794,12794,23400,11630,11770,Paid
12795,12795,130260,0,130260,Paid
12796,12796,71830,0,71830,Paid
12797,12797,29310,19620,9690,Paid
12798,12798,41420,27330,14090,Paid
12799,12799,456380,195270,261110,Paid
12800,12800,38060,0,38060,Paid
12801,12801,131030,56260,74770,Paid
12802,12802,16770,0,16770,Pending
12803,12803,60510,31160,29350,Pending
12804,12804,155610,127900,27710,Paid
12805,12805,127170,0,127170,Paid
12806,12806,38610,26120,12490,Paid
12807,12807,250270,0,250270,Paid
12808,12808,128030,90210,37820,Paid
12809,12809,11980,5770,6210,Paid
12810,12810,83690,50500,33190,Pending
12811,12811,191230,126510,64720,Partially Paid
12812,12812,8030,0,8030,Partially Paid
12813,12813,29540,18370,11170,Paid
12814,12814,44340,23100,21240,Paid
12815,12815,93860,59600,34260,Paid
12816,12816,214620,188270,26350,Paid
12817,12817,55480,29290,26190,Paid
12818,12818,38230,0,38230,Paid
12819,12819,16990,13160,3830,Pending
12820,12820,35150,30020,5130,Pending
12821,12821,24920,0,24920,Paid
12822,12822,47650,31450,16200,Pending
12823,12823,24770,15920,8850,Paid
12824,12824,38950,31520,7430,Partially Paid
12825,12825,58480,28350,30130,Paid
12826,12826,123640,51390,72250,Partially Paid
12827,12827,18490,11250,7240,Partially Paid
12828,12828,40130,32960,7170,Paid
12829,12829,42490,17270,25220,Paid
12830,12830,16660,0,16660,Paid
12831,12831,38790,16240,22550,Paid
12832,12832,56680,36390,20290,Paid
12833,12833,38780,27070,11710,Paid
12834,12834,48900,29640,19260,Paid
12835,12835,121650,0,121650,Paid
12836,12836,9780,5390,4390,Partially Paid
12837,12837,739250,319740,419510,Pending
12838,12838,23670,0,23670,Paid
12839,12839,37810,0,37810,Paid
12840,12840,20910,0,20910,Paid
12841,12841,311240,0,311240,Partially Paid
12842,12842,35010,0,35010,Partially Paid
12843,12843,252360,168730,83630,Paid
12844,12844,119540,72390,47150,Paid
12845,12845,76250,56470,19780,Paid
12846,12846,62820,45760,17060,Paid
12847,12847,51380,41230,10150,Paid
12848,12848,28990,17820,11170,Paid
12849,12849,119870,97030,22840,Paid
12850,12850,86360,56350,30010,Paid
12851,12851,342830,146060,196770,Paid
12852,12852,173180,134190,38990,Paid
12853,12853,16610,13590,3020,Paid
12854,12854,28060,20690,7370,Paid
12855,12855,112160,55670,56490,Partially Paid
12856,12856,413690,0,413690,Partially Paid
12857,12857,91500,62670,28830,Pending
12858,12858,109500,83590,25910,Paid
12859,12859,111690,0,111690,Paid
12860,12860,64760,35480,29280,Paid
12861,12861,80740,72120,8620,Paid
12862,12862,70830,42240,28590,Paid
12863,12863,26070,18330,7740,Paid
12864,12864,11570,9490,2080,Partially Paid
12865,12865,81350,33830,47520,Paid
12866,12866,38550,0,38550,Paid
12867,12867,49060,39020,10040,Paid
12868,12868,32810,18720,14090,Paid
12869,12869,63930,37060,26870,Paid
12870,12870,11930,8380,3550,Paid
12871,12871,67060,28820,38240,Paid
12872,12872,96960,84520,12440,Paid
12873,12873,141270,80670,60600,Partially Paid
12874,12874,111780,68790,42990,Paid
12875,12875,9940,7020,2920,Paid
12876,12876,19140,12450,6690,Paid
12877,12877,41380,32540,8840,Paid
12878,12878,58290,50840,7450,Pending
12879,12879,178020,0,178020,Paid
12880,12880,52780,32780,20000,Partially Paid
12881,12881,41020,24780,16240,Paid
12882,12882,29530,21280,8250,Paid
12883,12883,29960,16150,13810,Paid
12884,12884,88510,0,88510,Paid
12885,12885,40100,28350,11750,Paid
12886,12886,10660,7880,2780,Paid
12887,12887,63600,42240,21360,Paid
12888,12888,16740,12960,3780,Paid
12889,12889,179960,79080,100880,Paid
12890,12890,30480,12920,17560,Paid
12891,12891,107410,85820,21590,Paid
12892,12892,77190,45250,31940,Paid
12893,12893,152490,112460,40030,Partially Paid
12894,12894,43180,33350,9830,Paid
12895,12895,51530,24890,26640,Partially Paid
12896,12896,32750,0,32750,Paid
12897,12897,102970,54320,48650,Paid
12898,12898,357590,150440,207150,Pending
12899,12899,151810,116760,35050,Paid
12900,12900,152330,83090,69240,Paid
12901,12901,320750,239420,81330,Pending
12902,12902,93100,74190,18910,Paid
12903,12903,108360,0,108360,Paid
12904,12904,39900,32870,7030,Partially Paid
12905,12905,133650,95880,37770,Partially Paid
12906,12906,173410,0,173410,Partially Paid
12907,12907,53610,30100,23510,Paid
12908,12908,51350,30060,21290,Paid
12909,12909,31120,16070,15050,Paid
12910,12910,20740,0,20740,Partially Paid
12911,12911,12410,10420,1990,Paid
12912,12912,128660,110300,18360,Paid
12913,12913,7090,4800,2290,Pending
12914,12914,41230,0,41230,Pending
12915,12915,26220,10780,15440,Partially Paid
12916,12916,148230,84790,63440,Paid
12917,12917,20110,10440,9670,Paid
12918,12918,56120,0,56120,Paid
12919,12919,164990,92190,72800,Pending
12920,12920,47980,0,47980,Paid
12921,12921,172180,151330,20850,Paid
12922,12922,57250,0,57250,Paid
12923,12923,40800,29020,11780,Paid
12924,12924,17500,7040,10460,Paid
12925,12925,43910,34250,9660,Pending
12926,12926,247850,150410,97440,Partially Paid
12927,12927,346890,0,346890,Paid
12928,12928,24300,10150,14150,Pending
12929,12929,90450,46880,43570,Paid
12930,12930,26910,0,26910,Paid
12931,12931,67650,49340,18310,Paid
12932,12932,29610,21600,8010,Pending
12933,12933,471310,353180,118130,Paid
12934,12934,71840,32960,38880,Paid
12935,12935,113650,69420,44230,Paid
12936,12936,101890,77880,24010,Paid
12937,12937,171940,95770,76170,Paid
12938,12938,74300,34490,39810,Paid
12939,12939,190120,0,190120,Paid
12940,12940,58990,27310,31680,Pending
12941,12941,97200,66380,30820,Paid
12942,12942,24930,12220,12710,Paid
12943,12943,53100,32180,20920,Paid
12944,12944,100860,0,100860,Paid
12945,12945,132330,64330,68000,Paid
12946,12946,26190,0,26190,Paid
12947,12947,158780,99140,59640,Paid
12948,12948,34170,0,34170,Paid
12949,12949,79880,0,79880,Paid
12950,12950,26600,14360,12240,Paid
12951,12951,26860,22360,4500,Paid
12952,12952,113380,56210,57170,Paid
12953,12953,144180,117960,26220,Paid
12954,12954,85840,50100,35740,Paid
12955,12955,93190,0,93190,Paid
12956,12956,22820,14880,7940,Paid
12957,12957,16500,14710,1790,Partially Paid
12958,12958,23250,12480,10770,Pending
12959,12959,76790,32320,44470,Pending
12960,12960,35960,20950,15010,Paid
12961,12961,9640,5540,4100,Paid
12962,12962,35250,26970,8280,Paid
12963,12963,50850,41170,9680,Partially Paid
12964,12964,110660,0,110660,Paid
12965,12965,67260,56900,10360,Paid
12966,12966,311550,234320,77230,Paid
12967,12967,33810,0,33810,Paid
12968,12968,78370,58620,19750,Paid
12969,12969,19310,0,19310,Paid
12970,12970,43550,20660,22890,Paid
12971,12971,24620,19280,5340,Paid
12972,12972,84850,0,84850,Paid
12973,12973,91910,72940,18970,Partially Paid
12974,12974,4630,0,4630,Paid
12975,12975,278480,0,278480,Paid
12976,12976,146060,0,146060,Pending
12977,12977,19160,12380,6780,Paid
12978,12978,31270,16010,15260,Paid
12979,12979,508050,219980,288070,Paid
12980,12980,146790,59910,86880,Partially Paid
12981,12981,113920,0,113920,Paid
12982,12982,46090,32770,13320,Paid
12983,12983,30300,20920,9380,Paid
12984,12984,289760,0,289760,Paid
12985,12985,47160,0,47160,Paid
12986,12986,91000,56760,34240,Paid
12987,12987,38080,25950,12130,Partially Paid
12988,12988,141880,99700,42180,Paid
12989,12989,107220,89770,17450,Paid
12990,12990,25650,22420,3230,Partially Paid
12991,12991,70980,0,70980,Paid
12992,12992,59750,43570,16180,Partially Paid
12993,12993,29650,17290,12360,Partially Paid
12994,12994,436470,0,436470,Paid
12995,12995,36890,29560,7330,Paid
12996,12996,22920,11600,11320,Paid
12997,12997,13660,0,13660,Paid
12998,12998,122810,0,122810,Paid
12999,12999,137180,91160,46020,Paid
13000,13000,14730,0,14730,Paid
13001,13001,126000,94770,31230,Paid
13002,13002,134380,98550,35830,Paid
13003,13003,58120,48990,9130,Paid
13004,13004,21880,13760,8120,Paid
13005,13005,151770,109010,42760,Paid
13006,13006,122750,0,122750,Paid
13007,13007,48250,25120,23130,Paid
13008,13008,97240,83020,14220,Paid
13009,13009,29570,0,29570,Paid
13010,13010,97530,39460,58070,Partially Paid
13011,13011,174990,80870,94120,Pending
13012,13012,26990,0,26990,Paid
13013,13013,177500,97160,80340,Paid
13014,13014,18710,0,18710,Paid
13015,13015,272890,119950,152940,Paid
13016,13016,109090,82440,26650,Paid
13017,13017,148940,95910,53030,Paid
13018,13018,54030,39050,14980,Paid
13019,13019,58490,32330,26160,Paid
13020,13020,88620,64620,24000,Paid
13021,13021,35820,0,35820,Paid
13022,13022,51960,0,51960,Pending
13023,13023,8010,5080,2930,Paid
13024,13024,38970,27510,11460,Paid
13025,13025,51250,42030,9220,Paid
13026,13026,91090,76970,14120,Partially Paid
13027,13027,87450,43340,44110,Paid
13028,13028,52410,33950,18460,Paid
13029,13029,353130,299550,53580,Paid
13030,13030,29110,0,29110,Paid
13031,13031,60890,0,60890,Paid
13032,13032,16190,0,16190,Paid
13033,13033,340980,244800,96180,Pending
13034,13034,17060,0,17060,Paid
13035,13035,175180,150200,24980,Paid
13036,13036,17020,0,17020,Paid
13037,13037,48580,39910,8670,Paid
13038,13038,29600,18520,11080,Partially Paid
13039,13039,34240,0,34240,Paid
13040,13040,158120,123030,35090,Paid
13041,13041,58490,30550,27940,Partially Paid
13042,13042,41110,32600,8510,Paid
13043,13043,117000,82620,34380,Paid
13044,13044,110120,46210,63910,Pending
13045,13045,84430,57700,26730,Pending
13046,13046,13110,10570,2540,Paid
13047,13047,434030,338000,96030,Paid
13048,13048,32930,0,32930,Paid
13049,13049,153480,0,153480,Paid
13050,13050,198670,117500,81170,Paid
13051,13051,104550,0,104550,Paid
13052,13052,23820,18450,5370,Pending
13053,13053,9830,8180,1650,Paid
13054,13054,586810,454490,132320,Partially Paid
13055,13055,144300,0,144300,Paid
13056,13056,90860,0,90860,Paid
13057,13057,30150,0,30150,Paid
13058,13058,26320,0,26320,Paid
13059,13059,8970,7550,1420,Paid
13060,13060,26960,14710,12250,Paid
13061,13061,26340,0,26340,Paid
13062,13062,178050,0,178050,Paid
13063,13063,467600,297730,169870,Paid
13064,13064,50340,33180,17160,Paid
13065,13065,67740,50590,17150,Paid
13066,13066,10190,0,10190,Paid
13067,13067,36240,30070,6170,Paid
13068,13068,46100,0,46100,Paid
13069,13069,43600,21360,22240,Paid
13070,13070,14850,7150,7700,Paid
13071,13071,16970,11420,5550,Pending
13072,13072,25990,13730,12260,Paid
13073,13073,68990,52300,16690,Pending
13074,13074,47240,30910,16330,Pending
13075,13075,12760,10720,2040,Paid
13076,13076,273080,239750,33330,Paid
13077,13077,69320,45180,24140,Paid
13078,13078,66440,34900,31540,Paid
13079,13079,180290,142100,38190,Paid
13080,13080,112170,82310,29860,Paid
13081,13081,206920,123170,83750,Paid
13082,13082,41390,0,41390,Paid
13083,13083,94550,48180,46370,Paid
13084,13084,17070,11690,5380,Pending
13085,13085,29090,22610,6480,Paid
13086,13086,106940,71120,35820,Pending
13087,13087,35070,17250,17820,Paid
13088,13088,28890,20450,8440,Paid
13089,13089,80850,0,80850,Paid
13090,13090,30360,17020,13340,Paid
13091,13091,78050,40540,37510,Paid
13092,13092,100880,70850,30030,Paid
13093,13093,36690,0,36690,Paid
13094,13094,22200,16800,5400,Pending
13095,13095,128330,85650,42680,Paid
13096,13096,10870,6430,4440,Paid
13097,13097,58650,40720,17930,Paid
13098,13098,28460,20420,8040,Paid
13099,13099,27890,20510,7380,Paid
13100,13100,20240,8710,11530,Paid
13101,13101,32660,25020,7640,Paid
13102,13102,50010,25620,24390,Pending
13103,13103,17990,12350,5640,Paid
13104,13104,17770,8480,9290,Paid
13105,13105,30080,19210,10870,Partially Paid
13106,13106,53310,21370,31940,Paid
13107,13107,99370,0,99370,Paid
13108,13108,16830,11370,5460,Paid
13109,13109,114960,65850,49110,Pending
13110,13110,322410,0,322410,Paid
13111,13111,39540,0,39540,Pending
13112,13112,44380,26750,17630,Pending
13113,13113,30110,17570,12540,Paid
13114,13114,26450,16510,9940,Pending
13115,13115,49100,21310,27790,Paid
13116,13116,104890,81360,23530,Paid
13117,13117,14880,13150,1730,Partially Paid
13118,13118,227430,165560,61870,Paid
13119,13119,115560,80690,34870,Paid
13120,13120,38930,29650,9280,Pending
13121,13121,36280,30070,6210,Paid
13122,13122,25610,19320,6290,Partially Paid
13123,13123,89770,76640,13130,Paid
13124,13124,23910,13270,10640,Paid
13125,13125,16380,8570,7810,Paid
13126,13126,24120,20380,3740,Paid
13127,13127,11430,5840,5590,Paid
13128,13128,44140,30970,13170,Paid
13129,13129,224110,130200,93910,Paid
13130,13130,74110,32070,42040,Pending
13131,13131,49530,32980,16550,Paid
13132,13132,294170,0,294170,Paid
13133,13133,36740,31590,5150,Paid
13134,13134,65420,56150,9270,Paid
13135,13135,22460,0,22460,Paid
13136,13136,30000,0,30000,Paid
13137,13137,24690,13130,11560,Paid
13138,13138,95080,43940,51140,Paid
13139,13139,40460,0,40460,Paid
13140,13140,15310,0,15310,Pending
13141,13141,26200,12710,13490,Paid
13142,13142,28590,0,28590,Pending
13143,13143,34530,0,34530,Partially Paid
13144,13144,118380,100660,17720,Paid
13145,13145,84990,0,84990,Partially Paid
13146,13146,17930,11920,6010,Paid
13147,13147,86230,44100,42130,Paid
13148,13148,30790,17500,13290,Paid
13149,13149,41130,31040,10090,Paid
13150,13150,133000,108210,24790,Paid
13151,13151,72820,36760,36060,Paid
13152,13152,68920,0,68920,Paid
13153,13153,87970,72150,15820,Pending
13154,13154,39740,24520,15220,Paid
13155,13155,84840,0,84840,Pending
13156,13156,8410,0,8410,Paid
13157,13157,33340,25340,8000,Paid
13158,13158,8380,0,8380,Pending
13159,13159,115100,50170,64930,Paid
13160,13160,28200,0,28200,Paid
13161,13161,28970,0,28970,Paid
13162,13162,25780,17990,7790,Paid
13163,13163,106740,69560,37180,Pending
13164,13164,97580,68110,29470,Paid
13165,13165,42900,0,42900,Paid
13166,13166,30670,24180,6490,Paid
13167,13167,63840,35650,28190,Partially Paid
13168,13168,109950,47820,62130,Paid
13169,13169,81690,0,81690,Paid
13170,13170,120830,99830,21000,Paid
13171,13171,105060,0,105060,Partially Paid
13172,13172,569890,355160,214730,Paid
13173,13173,37870,30650,7220,Pending
13174,13174,24570,18890,5680,Paid
13175,13175,143210,63750,79460,Paid
13176,13176,31390,0,31390,Paid
13177,13177,138250,0,138250,Paid
13178,13178,40490,22180,18310,Paid
13179,13179,10560,8710,1850,Pending
13180,13180,166800,140650,26150,Paid
13181,13181,17030,13690,3340,Paid
13182,13182,35340,20440,14900,Paid
13183,13183,128060,94380,33680,Paid
13184,13184,57800,37160,20640,Paid
13185,13185,73820,42030,31790,Partially Paid
13186,13186,20220,13790,6430,Paid
13187,13187,29930,19700,10230,Paid
13188,13188,40050,16950,23100,Pending
13189,13189,36840,22210,14630,Paid
13190,13190,32990,27630,5360,Paid
13191,13191,37420,20420,17000,Partially Paid
13192,13192,72210,33220,38990,Paid
13193,13193,137950,63810,74140,Paid
13194,13194,48840,41410,7430,Partially Paid
13195,13195,57010,0,57010,Paid
13196,13196,7090,4670,2420,Pending
13197,13197,122020,53430,68590,Paid
13198,13198,114230,98030,16200,Paid
13199,13199,172480,78390,94090,Paid
13200,13200,152950,0,152950,Paid
13201,13201,166680,106260,60420,Paid
13202,13202,246000,0,246000,Paid
13203,13203,148230,0,148230,Paid
13204,13204,77350,0,77350,Paid
13205,13205,21450,0,21450,Paid
13206,13206,173210,133440,39770,Partially Paid
13207,13207,384560,247170,137390,Partially Paid
13208,13208,56140,38560,17580,Paid
13209,13209,33410,17230,16180,Paid
13210,13210,15230,7780,7450,Paid
13211,13211,74710,65980,8730,Paid
13212,13212,16850,7240,9610,Paid
13213,13213,17930,12470,5460,Paid
13214,13214,41380,22210,19170,Partially Paid
13215,13215,35380,16840,18540,Paid
13216,13216,66700,0,66700,Partially Paid
13217,13217,253290,146770,106520,Paid
13218,13218,89020,0,89020,Paid
13219,13219,271590,113650,157940,Paid
13220,13220,82420,55880,26540,Pending
13221,13221,12510,9160,3350,Paid
13222,13222,95270,83120,12150,Paid
13223,13223,79040,0,79040,Paid
13224,13224,6460,4770,1690,Paid
13225,13225,98790,0,98790,Paid
13226,13226,45090,30070,15020,Paid
13227,13227,20200,15080,5120,Paid
13228,13228,374730,229970,144760,Pending
13229,13229,128600,89870,38730,Paid
13230,13230,94430,68640,25790,Paid
13231,13231,29160,13440,15720,Paid
13232,13232,13010,9500,3510,Paid
13233,13233,45550,0,45550,Paid
13234,13234,262340,0,262340,Paid
13235,13235,90390,72060,18330,Paid
13236,13236,228530,165730,62800,Pending
13237,13237,144480,0,144480,Paid
13238,13238,138790,63960,74830,Paid
13239,13239,41710,0,41710,Pending
13240,13240,148440,68020,80420,Paid
13241,13241,70680,0,70680,Pending
13242,13242,25670,0,25670,Paid
13243,13243,372290,270370,101920,Paid
13244,13244,6600,0,6600,Paid
13245,13245,499680,266520,233160,Paid
13246,13246,34430,0,34430,Paid
13247,13247,46010,22350,23660,Paid
13248,13248,40330,28440,11890,Partially Paid
13249,13249,49490,36340,13150,Paid
13250,13250,90530,78070,12460,Partially Paid
13251,13251,58200,45130,13070,Paid
13252,13252,49600,38360,11240,Paid
13253,13253,82480,51110,31370,Partially Paid
13254,13254,226960,108940,118020,Paid
13255,13255,140540,100160,40380,Paid
13256,13256,173690,85560,88130,Paid
13257,13257,31960,27220,4740,Paid
13258,13258,88530,79040,9490,Paid
13259,13259,45880,0,45880,Paid
13260,13260,29880,19470,10410,Paid
13261,13261,26810,13470,13340,Paid
13262,13262,29590,25640,3950,Partially Paid
13263,13263,35050,0,35050,Paid
13264,13264,70790,32430,38360,Paid
13265,13265,21540,14160,7380,Partially Paid
13266,13266,32950,27250,5700,Pending
13267,13267,68930,0,68930,Paid
13268,13268,47700,21130,26570,Paid
13269,13269,9120,6380,2740,Partially Paid
13270,13270,120750,55880,64870,Paid
13271,13271,91570,43480,48090,Paid
13272,13272,44440,35100,9340,Paid
13273,13273,31300,16100,15200,Paid
13274,13274,49380,43840,5540,Paid
13275,13275,73690,63740,9950,Paid
13276,13276,135610,121860,13750,Pending
13277,13277,73820,0,73820,Paid
13278,13278,44090,23430,20660,Partially Paid
13279,13279,46830,40180,6650,Pending
13280,13280,271180,116000,155180,Paid
13281,13281,28910,0,28910,Partially Paid
13282,13282,86790,68160,18630,Partially Paid
13283,13283,50970,0,50970,Paid
13284,13284,101060,78520,22540,Paid
13285,13285,25580,15650,9930,Paid
13286,13286,138670,109910,28760,Partially Paid
13287,13287,91420,45030,46390,Paid
13288,13288,57230,0,57230,Partially Paid
13289,13289,96260,81290,14970,Paid
13290,13290,238980,163870,75110,Paid
13291,13291,53220,36850,16370,Partially Paid
13292,13292,21310,16740,4570,Pending
13293,13293,172110,97290,74820,Pending
13294,13294,15200,9420,5780,Paid
13295,13295,43990,22150,21840,Paid
13296,13296,71490,46110,25380,Pending
13297,13297,58620,52040,6580,Paid
13298,13298,124040,98900,25140,Paid
13299,13299,37570,22740,14830,Paid
13300,13300,50690,24710,25980,Paid
13301,13301,45800,40190,5610,Paid
13302,13302,33480,0,33480,Paid
13303,13303,136740,97740,39000,Paid
13304,13304,96320,55640,40680,Paid
13305,13305,55250,34980,20270,Paid
13306,13306,24840,0,24840,Paid
13307,13307,107200,96030,11170,Pending
13308,13308,31410,0,31410,Paid
13309,13309,305010,245320,59690,Partially Paid
13310,13310,39400,32790,6610,Paid
13311,13311,155880,93770,62110,Paid
13312,13312,250150,200450,49700,Paid
13313,13313,83010,70540,12470,Paid
13314,13314,32370,0,32370,Paid
13315,13315,85200,35750,49450,Paid
13316,13316,218350,169950,48400,Paid
13317,13317,5910,0,5910,Paid
13318,13318,43420,38130,5290,Partially Paid
13319,13319,59290,0,59290,Paid
13320,13320,427120,233660,193460,Pending
13321,13321,21820,10050,11770,Paid
13322,13322,342230,201210,141020,Paid
13323,13323,115990,52290,63700,Partially Paid
13324,13324,14120,12590,1530,Partially Paid
13325,13325,72770,0,72770,Paid
13326,13326,37390,0,37390,Paid
13327,13327,64700,45980,18720,Partially Paid
13328,13328,33530,23480,10050,Pending
13329,13329,21210,0,21210,Paid
13330,13330,34930,26620,8310,Pending
13331,13331,98110,78360,19750,Paid
13332,13332,29290,11860,17430,Paid
13333,13333,37390,24340,13050,Paid
13334,13334,141570,115400,26170,Paid
13335,13335,101990,0,101990,Paid
13336,13336,35390,29650,5740,Paid
13337,13337,89900,41890,48010,Paid
13338,13338,512560,396660,115900,Partially Paid
13339,13339,75930,51010,24920,Paid
13340,13340,36370,23320,13050,Paid
13341,13341,30320,20300,10020,Partially Paid
13342,13342,24570,0,24570,Paid
13343,13343,47740,33710,14030,Partially Paid
13344,13344,40530,16660,23870,Paid
13345,13345,160020,120510,39510,Paid
13346,13346,23760,17660,6100,Partially Paid
13347,13347,36670,19360,17310,Paid
13348,13348,126240,76920,49320,Paid
13349,13349,128660,105700,22960,Paid
13350,13350,52580,43860,8720,Paid
13351,13351,32830,0,32830,Partially Paid
13352,13352,30100,21130,8970,Partially Paid
13353,13353,28710,17680,11030,Partially Paid
13354,13354,26400,20970,5430,Paid
13355,13355,90310,55570,34740,Paid
13356,13356,49410,0,49410,Paid
13357,13357,260200,105040,155160,Paid
13358,13358,254640,0,254640,Pending
13359,13359,25480,0,25480,Paid
13360,13360,36070,27640,8430,Paid
13361,13361,33150,0,33150,Paid
13362,13362,156600,134480,22120,Paid
13363,13363,56530,46880,9650,Paid
13364,13364,105070,86200,18870,Paid
13365,13365,13760,8090,5670,Partially Paid
13366,13366,28640,11730,16910,Paid
13367,13367,595800,401920,193880,Paid
13368,13368,37350,18060,19290,Pending
13369,13369,159030,96980,62050,Paid
13370,13370,107290,77960,29330,Pending
13371,13371,79590,60020,19570,Paid
13372,13372,15380,6250,9130,Paid
13373,13373,49970,37880,12090,Paid
13374,13374,32640,16270,16370,Paid
13375,13375,204920,112610,92310,Pending
13376,13376,102200,61090,41110,Paid
13377,13377,25900,15570,10330,Paid
13378,13378,45970,37880,8090,Paid
13379,13379,37470,29010,8460,Pending
13380,13380,193860,134040,59820,Pending
13381,13381,24600,18880,5720,Paid
13382,13382,19550,0,19550,Paid
13383,13383,163200,69410,93790,Paid
13384,13384,137180,110910,26270,Partially Paid
13385,13385,184300,0,184300,Paid
13386,13386,44680,0,44680,Paid
13387,13387,127540,81410,46130,Paid
13388,13388,20160,11560,8600,Pending
13389,13389,24410,18200,6210,Paid
13390,13390,299410,169180,130230,Paid
13391,13391,92250,60470,31780,Paid
13392,13392,24250,0,24250,Paid
13393,13393,73370,0,73370,Paid
13394,13394,245690,124570,121120,Paid
13395,13395,36720,30610,6110,Paid
13396,13396,40830,0,40830,Paid
13397,13397,78680,59680,19000,Pending
13398,13398,25580,0,25580,Pending
13399,13399,78190,51430,26760,Paid
13400,13400,33890,20170,13720,Partially Paid
13401,13401,37700,24160,13540,Paid
13402,13402,70540,48970,21570,Paid
13403,13403,42550,0,42550,Partially Paid
13404,13404,149130,78080,71050,Paid
13405,13405,138060,56340,81720,Partially Paid
13406,13406,88200,43970,44230,Paid
13407,13407,17050,8000,9050,Paid
13408,13408,65850,51670,14180,Paid
13409,13409,25930,18550,7380,Pending
13410,13410,9490,7650,1840,Paid
13411,13411,43400,0,43400,Paid
13412,13412,62540,34810,27730,Partially Paid
13413,13413,50410,36070,14340,Pending
13414,13414,144150,89710,54440,Paid
13415,13415,83680,33810,49870,Paid
13416,13416,38800,29520,9280,Partially Paid
13417,13417,17270,13440,3830,Paid
13418,13418,27770,16540,11230,Paid
13419,13419,42080,0,42080,Paid
13420,13420,57230,0,57230,Paid
13421,13421,22270,10040,12230,Partially Paid
13422,13422,226700,123880,102820,Pending
13423,13423,206440,97480,108960,Paid
13424,13424,502890,339190,163700,Partially Paid
13425,13425,39960,29380,10580,Pending
13426,13426,18170,8790,9380,Paid
13427,13427,46170,0,46170,Paid
13428,13428,28740,18910,9830,Paid
13429,13429,122790,0,122790,Pending
13430,13430,103110,48000,55110,Pending
13431,13431,23090,17950,5140,Pending
13432,13432,78220,64640,13580,Paid
13433,13433,15340,0,15340,Paid
13434,13434,48770,31030,17740,Paid
13435,13435,20010,0,20010,Paid
13436,13436,16260,12390,3870,Paid
13437,13437,43290,19940,23350,Partially Paid
13438,13438,37190,16390,20800,Paid
13439,13439,26100,14490,11610,Paid
13440,13440,429640,195110,234530,Paid
13441,13441,33070,19220,13850,Paid
13442,13442,102180,0,102180,Paid
13443,13443,124290,64870,59420,Partially Paid
13444,13444,196810,0,196810,Paid
13445,13445,61820,0,61820,Paid
13446,13446,11910,8910,3000,Paid
13447,13447,326750,157150,169600,Paid
13448,13448,103580,0,103580,Paid
13449,13449,25840,11460,14380,Paid
13450,13450,24950,19830,5120,Paid
13451,13451,22490,16780,5710,Paid
13452,13452,228090,158270,69820,Paid
13453,13453,123860,0,123860,Paid
13454,13454,41010,22280,18730,Paid
13455,13455,25040,0,25040,Paid
13456,13456,42440,31990,10450,Pending
13457,13457,88740,65710,23030,Paid
13458,13458,39440,16060,23380,Paid
13459,13459,126510,82230,44280,Paid
13460,13460,38560,21680,16880,Paid
13461,13461,34950,0,34950,Paid
13462,13462,65870,39130,26740,Paid
13463,13463,39570,0,39570,Pending
13464,13464,25720,19330,6390,Pending
13465,13465,270050,215020,55030,Paid
13466,13466,19230,0,19230,Paid
13467,13467,41170,20060,21110,Paid
13468,13468,40350,24440,15910,Partially Paid
13469,13469,83080,36980,46100,Partially Paid
13470,13470,21380,12030,9350,Paid
13471,13471,126010,81610,44400,Paid
13472,13472,100520,61830,38690,Paid
13473,13473,19080,14600,4480,Paid
13474,13474,114800,0,114800,Paid
13475,13475,32110,26850,5260,Pending
13476,13476,517870,270530,247340,Paid
13477,13477,49890,40020,9870,Pending
13478,13478,9840,0,9840,Paid
13479,13479,46720,0,46720,Paid
13480,13480,166310,90340,75970,Paid
13481,13481,168960,140870,28090,Paid
13482,13482,23810,17700,6110,Pending
13483,13483,453830,333790,120040,Pending
13484,13484,75650,35830,39820,Paid
13485,13485,115050,0,115050,Paid
13486,13486,23620,0,23620,Partially Paid
13487,13487,108910,78330,30580,Pending
13488,13488,79940,53530,26410,Paid
13489,13489,107870,74710,33160,Paid
13490,13490,329280,187860,141420,Paid
13491,13491,154480,95890,58590,Pending
13492,13492,46160,0,46160,Paid
13493,13493,30190,23560,6630,Paid
13494,13494,94480,52450,42030,Partially Paid
13495,13495,28950,19390,9560,Paid
13496,13496,52670,44440,8230,Pending
13497,13497,168550,132290,36260,Pending
13498,13498,174920,126160,48760,Partially Paid
13499,13499,28080,23020,5060,Paid
13500,13500,355230,226830,128400,Pending
13501,13501,64970,54780,10190,Paid
13502,13502,9460,8070,1390,Paid
13503,13503,69580,36530,33050,Paid
13504,13504,47770,39390,8380,Pending
13505,13505,107810,72600,35210,Paid
13506,13506,25990,0,25990,Paid
13507,13507,25810,0,25810,Paid
13508,13508,192540,169200,23340,Paid
13509,13509,40140,17320,22820,Paid
13510,13510,201020,127950,73070,Partially Paid
13511,13511,5200,4220,980,Paid
13512,13512,147560,61210,86350,Paid
13513,13513,138220,105530,32690,Paid
13514,13514,24660,21060,3600,Partially Paid
13515,13515,36210,0,36210,Paid
13516,13516,51390,0,51390,Partially Paid
13517,13517,24250,17670,6580,Paid
13518,13518,167590,98670,68920,Pending
13519,13519,41640,0,41640,Paid
13520,13520,315510,237550,77960,Paid
13521,13521,49170,35130,14040,Paid
13522,13522,77440,65460,11980,Paid
13523,13523,28730,14700,14030,Paid
13524,13524,57040,48400,8640,Pending
13525,13525,47620,32470,15150,Pending
13526,13526,195570,0,195570,Partially Paid
13527,13527,107100,43730,63370,Paid
13528,13528,21790,0,21790,Paid
13529,13529,171560,153930,17630,Paid
13530,13530,41440,35530,5910,Partially Paid
13531,13531,20230,11080,9150,Paid
13532,13532,48910,0,48910,Paid
13533,13533,125200,0,125200,Paid
13534,13534,53900,0,53900,Paid
13535,13535,30730,18820,11910,Paid
13536,13536,10660,6850,3810,Partially Paid
13537,13537,40780,19500,21280,Paid
13538,13538,73520,40640,32880,Paid
13539,13539,100740,40540,60200,Paid
13540,13540,23960,20630,3330,Paid
13541,13541,124600,0,124600,Paid
13542,13542,30990,27370,3620,Paid
13543,13543,36670,0,36670,Paid
13544,13544,44890,0,44890,Partially Paid
13545,13545,33780,27370,6410,Paid
13546,13546,35780,19160,16620,Paid
13547,13547,48850,26670,22180,Paid
13548,13548,103400,62370,41030,Pending
13549,13549,11330,8050,3280,Paid
13550,13550,99390,57070,42320,Paid
13551,13551,432060,248420,183640,Paid
13552,13552,123680,0,123680,Paid
13553,13553,121480,80310,41170,Paid
13554,13554,45230,0,45230,Paid
13555,13555,59240,49360,9880,Paid
13556,13556,30000,0,30000,Paid
13557,13557,12810,6040,6770,Paid
13558,13558,118100,55910,62190,Pending
13559,13559,40570,27550,13020,Paid
13560,13560,28410,15640,12770,Paid
13561,13561,19230,11730,7500,Paid
13562,13562,103550,90200,13350,Paid
13563,13563,50140,27020,23120,Paid
13564,13564,125130,83300,41830,Partially Paid
13565,13565,115850,0,115850,Paid
13566,13566,186340,103200,83140,Paid
13567,13567,235350,104470,130880,Paid
13568,13568,67350,0,67350,Paid
13569,13569,108240,48190,60050,Pending
13570,13570,271430,0,271430,Partially Paid
13571,13571,8020,0,8020,Paid
13572,13572,18040,11770,6270,Partially Paid
13573,13573,65710,0,65710,Paid
13574,13574,29760,18520,11240,Paid
13575,13575,173150,107340,65810,Paid
13576,13576,52750,25770,26980,Paid
13577,13577,44460,24130,20330,Paid
13578,13578,34820,0,34820,Paid
13579,13579,24680,13110,11570,Paid
13580,13580,32830,0,32830,Paid
13581,13581,15600,13830,1770,Partially Paid
13582,13582,109800,90600,19200,Pending
13583,13583,99480,0,99480,Paid
13584,13584,96330,58190,38140,Pending
13585,13585,18930,0,18930,Pending
13586,13586,19380,0,19380,Paid
13587,13587,10570,4510,6060,Paid
13588,13588,25420,13800,11620,Paid
13589,13589,37890,0,37890,Paid
13590,13590,22670,0,22670,Paid
13591,13591,69560,55840,13720,Paid
13592,13592,112250,95610,16640,Paid
13593,13593,23200,18140,5060,Paid
13594,13594,95090,38990,56100,Paid
13595,13595,18450,7820,10630,Paid
13596,13596,19860,16270,3590,Partially Paid
13597,13597,474470,274780,199690,Paid
13598,13598,72010,55100,16910,Partially Paid
13599,13599,25810,0,25810,Paid
13600,13600,48700,0,48700,Paid
13601,13601,15000,7160,7840,Paid
13602,13602,100070,87820,12250,Partially Paid
13603,13603,29070,0,29070,Paid
13604,13604,34680,21040,13640,Paid
13605,13605,88830,56040,32790,Pending
13606,13606,42740,38260,4480,Paid
13607,13607,38850,18490,20360,Paid
13608,13608,109970,54160,55810,Paid
13609,13609,77620,32800,44820,Paid
13610,13610,141880,68170,73710,Partially Paid
13611,13611,104450,85000,19450,Paid
13612,13612,52940,28060,24880,Partially Paid
13613,13613,463620,0,463620,Paid
13614,13614,36050,22150,13900,Paid
13615,13615,25930,17070,8860,Pending
13616,13616,17450,11660,5790,Pending
13617,13617,26780,18920,7860,Pending
13618,13618,65190,36780,28410,Paid
13619,13619,29340,0,29340,Paid
13620,13620,243920,203550,40370,Paid
13621,13621,175760,0,175760,Partially Paid
13622,13622,24420,0,24420,Paid
13623,13623,85570,45620,39950,Paid
13624,13624,22550,15890,6660,Pending
13625,13625,77100,61530,15570,Pending
13626,13626,30170,21300,8870,Paid
13627,13627,70120,0,70120,Paid
13628,13628,83910,47820,36090,Paid
13629,13629,173190,0,173190,Paid
13630,13630,68050,28260,39790,Paid
13631,13631,203060,150410,52650,Paid
13632,13632,130060,75980,54080,Paid
13633,13633,86120,37460,48660,Paid
13634,13634,6460,3220,3240,Paid
13635,13635,62900,44860,18040,Paid
13636,13636,39180,33650,5530,Paid
13637,13637,87820,73920,13900,Paid
13638,13638,42200,31860,10340,Partially Paid
13639,13639,38520,20730,17790,Paid
13640,13640,73260,55320,17940,Paid
13641,13641,74480,58980,15500,Paid
13642,13642,7090,0,7090,Paid
13643,13643,25140,19980,5160,Partially Paid
13644,13644,173330,107650,65680,Paid
13645,13645,47050,21530,25520,Paid
13646,13646,34360,16260,18100,Paid
13647,13647,14730,0,14730,Paid
13648,13648,38130,26830,11300,Paid
13649,13649,34770,20690,14080,Paid
13650,13650,204140,149640,54500,Paid
13651,13651,100880,50080,50800,Paid
13652,13652,90540,0,90540,Paid
13653,13653,78280,54120,24160,Paid
13654,13654,30070,26570,3500,Paid
13655,13655,22280,17910,4370,Paid
13656,13656,45290,26540,18750,Paid
13657,13657,52010,22750,29260,Pending
13658,13658,164870,86730,78140,Paid
13659,13659,152430,124080,28350,Paid
13660,13660,130320,73790,56530,Paid
13661,13661,7710,3600,4110,Paid
13662,13662,40110,21830,18280,Paid
13663,13663,31970,18620,13350,Pending
13664,13664,96890,45380,51510,Paid
13665,13665,375400,199210,176190,Paid
13666,13666,47840,31350,16490,Paid
13667,13667,61890,0,61890,Paid
13668,13668,104090,0,104090,Paid
13669,13669,240940,0,240940,Paid
13670,13670,256040,0,256040,Paid
13671,13671,31720,15260,16460,Paid
13672,13672,37080,23200,13880,Paid
13673,13673,27860,24050,3810,Paid
13674,13674,55550,22430,33120,Paid
13675,13675,6310,3730,2580,Paid
13676,13676,29190,0,29190,Paid
13677,13677,371730,226600,145130,Paid
13678,13678,49810,32900,16910,Paid
13679,13679,25490,0,25490,Paid
13680,13680,24690,17830,6860,Paid
13681,13681,189940,154670,35270,Paid
13682,13682,23010,13000,10010,Paid
13683,13683,197720,142330,55390,Partially Paid
13684,13684,21950,0,21950,Partially Paid
13685,13685,36910,0,36910,Paid
13686,13686,72310,0,72310,Paid
13687,13687,150410,72620,77790,Paid
13688,13688,156920,118080,38840,Paid
13689,13689,165970,109100,56870,Paid
13690,13690,8550,4490,4060,Paid
13691,13691,264300,0,264300,Paid
13692,13692,52390,28350,24040,Paid
13693,13693,277090,173200,103890,Paid
13694,13694,70730,47570,23160,Paid
13695,13695,19730,14790,4940,Pending
13696,13696,31630,18620,13010,Paid
13697,13697,22740,0,22740,Partially Paid
13698,13698,26390,22940,3450,Paid
13699,13699,21660,15910,5750,Partially Paid
13700,13700,33560,29420,4140,Paid
13701,13701,192540,163280,29260,Paid
13702,13702,74690,66580,8110,Paid
13703,13703,96270,39650,56620,Paid
13704,13704,87200,41910,45290,Partially Paid
13705,13705,87340,0,87340,Paid
13706,13706,57690,0,57690,Paid
13707,13707,30030,0,30030,Paid
13708,13708,124220,95890,28330,Paid
13709,13709,72860,0,72860,Pending
13710,13710,480390,252720,227670,Paid
13711,13711,88310,65220,23090,Paid
13712,13712,30640,0,30640,Pending
13713,13713,175930,130200,45730,Paid
13714,13714,49070,28210,20860,Paid
13715,13715,41780,0,41780,Paid
13716,13716,7520,3300,4220,Partially Paid
13717,13717,15700,9070,6630,Paid
13718,13718,38800,25310,13490,Paid
13719,13719,390860,347500,43360,Paid
13720,13720,22670,9690,12980,Paid
13721,13721,119170,76220,42950,Paid
13722,13722,44650,34300,10350,Partially Paid
13723,13723,238220,0,238220,Paid
13724,13724,162950,104130,58820,Paid
13725,13725,26950,16990,9960,Paid
13726,13726,24090,19210,4880,Paid
13727,13727,90520,80900,9620,Paid
13728,13728,57290,0,57290,Paid
13729,13729,63490,26230,37260,Paid
13730,13730,65380,0,65380,Paid
13731,13731,20130,0,20130,Partially Paid
13732,13732,251580,143900,107680,Paid
13733,13733,111870,0,111870,Paid
13734,13734,31010,0,31010,Paid
13735,13735,57480,44480,13000,Paid
13736,13736,175720,83730,91990,Paid
13737,13737,19080,0,19080,Paid
13738,13738,128650,0,128650,Paid
13739,13739,166880,92320,74560,Paid
13740,13740,30870,12560,18310,Paid
13741,13741,115760,79420,36340,Paid
13742,13742,226850,0,226850,Paid
13743,13743,20700,8850,11850,Partially Paid
13744,13744,125860,90480,35380,Paid
13745,13745,15460,6910,8550,Paid
13746,13746,83930,0,83930,Paid
13747,13747,167910,84190,83720,Paid
13748,13748,41050,29970,11080,Pending
13749,13749,43360,20010,23350,Paid
13750,13750,37910,30530,7380,Paid
13751,13751,24520,0,24520,Paid
13752,13752,57100,0,57100,Paid
13753,13753,27940,0,27940,Paid
13754,13754,23950,0,23950,Paid
13755,13755,21670,0,21670,Paid
13756,13756,57330,50570,6760,Paid
13757,13757,443810,347560,96250,Paid
13758,13758,42010,0,42010,Paid
13759,13759,23790,12090,11700,Paid
13760,13760,158160,0,158160,Paid
13761,13761,15170,0,15170,Paid
13762,13762,28490,14240,14250,Paid
13763,13763,11430,7640,3790,Paid
13764,13764,9140,0,9140,Paid
13765,13765,95040,70760,24280,Paid
13766,13766,247390,173680,73710,Paid
13767,13767,140600,63650,76950,Paid
13768,13768,36780,30850,5930,Paid
13769,13769,26020,13670,12350,Paid
13770,13770,42140,30610,11530,Paid
13771,13771,30270,21140,9130,Paid
13772,13772,61530,0,61530,Paid
13773,13773,50540,25960,24580,Paid
13774,13774,53830,42600,11230,Paid
13775,13775,156330,85400,70930,Paid
13776,13776,181350,85290,96060,Partially Paid
13777,13777,150310,0,150310,Paid
13778,13778,37790,0,37790,Pending
13779,13779,35840,22660,13180,Paid
13780,13780,383990,243330,140660,Paid
13781,13781,30280,22130,8150,Paid
13782,13782,137850,69200,68650,Paid
13783,13783,46910,0,46910,Paid
13784,13784,63910,32620,31290,Paid
13785,13785,39120,22320,16800,Pending
13786,13786,120670,74040,46630,Paid
13787,13787,73120,62750,10370,Paid
13788,13788,137430,99090,38340,Paid
13789,13789,230180,140000,90180,Paid
13790,13790,60000,33270,26730,Paid
13791,13791,26130,18110,8020,Pending
13792,13792,35960,0,35960,Paid
13793,13793,151280,89580,61700,Paid
13794,13794,23500,16790,6710,Pending
13795,13795,31680,24520,7160,Paid
13796,13796,86190,42990,43200,Paid
13797,13797,138230,108220,30010,Paid
13798,13798,24950,16480,8470,Paid
13799,13799,12400,7550,4850,Paid
13800,13800,45960,18810,27150,Partially Paid
13801,13801,32220,27570,4650,Paid
13802,13802,7950,4150,3800,Paid
13803,13803,30320,24380,5940,Paid
13804,13804,145760,100250,45510,Partially Paid
13805,13805,93080,69130,23950,Partially Paid
13806,13806,27340,18460,8880,Paid
13807,13807,210210,131830,78380,Paid
13808,13808,63190,25490,37700,Paid
13809,13809,11870,6900,4970,Paid
13810,13810,31140,23030,8110,Paid
13811,13811,122790,92520,30270,Paid
13812,13812,24890,16490,8400,Paid
13813,13813,133140,0,133140,Paid
13814,13814,230910,200270,30640,Paid
13815,13815,162980,128480,34500,Paid
13816,13816,21350,0,21350,Paid
13817,13817,25640,22040,3600,Paid
13818,13818,343100,161750,181350,Paid
13819,13819,121230,57030,64200,Paid
13820,13820,46330,32270,14060,Paid
13821,13821,80830,65660,15170,Paid
13822,13822,53780,0,53780,Paid
13823,13823,31720,0,31720,Paid
13824,13824,12400,5480,6920,Paid
13825,13825,169770,75690,94080,Pending
13826,13826,20410,11500,8910,Paid
13827,13827,35020,21760,13260,Partially Paid
13828,13828,126800,94550,32250,Partially Paid
13829,13829,164450,77620,86830,Paid
13830,13830,25240,0,25240,Paid
13831,13831,18890,11130,7760,Paid
13832,13832,45500,0,45500,Pending
13833,13833,51400,0,51400,Paid
13834,13834,73540,0,73540,Partially Paid
13835,13835,30800,18800,12000,Paid
13836,13836,24840,0,24840,Paid
13837,13837,207300,170600,36700,Pending
13838,13838,26300,11960,14340,Pending
13839,13839,59020,0,59020,Paid
13840,13840,90700,76500,14200,Partially Paid
13841,13841,40830,30280,10550,Paid
13842,13842,146520,60950,85570,Paid
13843,13843,32150,0,32150,Paid
13844,13844,91450,57580,33870,Paid
13845,13845,38370,23050,15320,Paid
13846,13846,41400,24060,17340,Paid
13847,13847,50380,0,50380,Paid
13848,13848,10550,8750,1800,Paid
13849,13849,64900,42860,22040,Paid
13850,13850,115440,83500,31940,Paid
13851,13851,32960,22110,10850,Paid
13852,13852,98800,78720,20080,Paid
13853,13853,145040,119710,25330,Paid
13854,13854,18040,15870,2170,Pending
13855,13855,14740,9180,5560,Pending
13856,13856,34380,17140,17240,Partially Paid
13857,13857,86180,55220,30960,Paid
13858,13858,344020,249440,94580,Paid
13859,13859,60700,45890,14810,Paid
13860,13860,33380,0,33380,Paid
13861,13861,31270,13250,18020,Partially Paid
13862,13862,30890,23210,7680,Paid
13863,13863,96820,67350,29470,Paid
13864,13864,32840,23000,9840,Paid
13865,13865,51780,28350,23430,Paid
13866,13866,21810,18710,3100,Paid
13867,13867,106040,78440,27600,Paid
13868,13868,182990,97790,85200,Paid
13869,13869,57050,38590,18460,Pending
13870,13870,41690,31810,9880,Paid
13871,13871,45980,36830,9150,Paid
13872,13872,61590,0,61590,Pending
13873,13873,82240,0,82240,Paid
13874,13874,347270,191310,155960,Paid
13875,13875,10180,8660,1520,Pending
13876,13876,6900,3210,3690,Paid
13877,13877,28040,21720,6320,Paid
13878,13878,79960,35370,44590,Paid
13879,13879,53270,0,53270,Paid
13880,13880,40030,23450,16580,Partially Paid
13881,13881,70580,60440,10140,Paid
13882,13882,48700,42900,5800,Paid
13883,13883,34720,16170,18550,Partially Paid
13884,13884,39530,30350,9180,Partially Paid
13885,13885,247480,106000,141480,Paid
13886,13886,81460,54200,27260,Pending
13887,13887,29870,19460,10410,Pending
13888,13888,124640,81420,43220,Paid
13889,13889,32890,0,32890,Partially Paid
13890,13890,31630,26850,4780,Pending
13891,13891,35360,23580,11780,Paid
13892,13892,174770,71850,102920,Paid
13893,13893,23780,0,23780,Paid
13894,13894,19690,9880,9810,Paid
13895,13895,34760,16800,17960,Paid
13896,13896,225090,186070,39020,Paid
13897,13897,86690,41020,45670,Paid
13898,13898,95050,54500,40550,Paid
13899,13899,199940,131540,68400,Paid
13900,13900,74630,63550,11080,Paid
13901,13901,48930,37670,11260,Pending
13902,13902,33470,28470,5000,Paid
13903,13903,35640,20970,14670,Pending
13904,13904,43480,0,43480,Paid
13905,13905,69100,0,69100,Paid
13906,13906,20700,10400,10300,Paid
13907,13907,98720,61740,36980,Paid
13908,13908,39410,0,39410,Paid
13909,13909,160410,141930,18480,Paid
13910,13910,17720,8090,9630,Paid
13911,13911,13540,6580,6960,Paid
13912,13912,320590,233020,87570,Pending
13913,13913,15240,11460,3780,Paid
13914,13914,77840,42220,35620,Partially Paid
13915,13915,17460,13110,4350,Paid
13916,13916,20610,0,20610,Paid
13917,13917,14460,8520,5940,Paid
13918,13918,15830,0,15830,Pending
13919,13919,165990,0,165990,Paid
13920,13920,191090,137320,53770,Paid
13921,13921,59840,0,59840,Paid
13922,13922,93720,48110,45610,Paid
13923,13923,56630,33230,23400,Paid
13924,13924,59520,51350,8170,Paid
13925,13925,32950,0,32950,Paid
13926,13926,60290,48780,11510,Paid
13927,13927,110630,97010,13620,Paid
13928,13928,52580,0,52580,Paid
13929,13929,54450,30820,23630,Paid
13930,13930,24090,10780,13310,Paid
13931,13931,30440,0,30440,Paid
13932,13932,133790,0,133790,Partially Paid
13933,13933,45070,22580,22490,Paid
13934,13934,85770,0,85770,Paid
13935,13935,100420,45020,55400,Pending
13936,13936,22200,18970,3230,Paid
13937,13937,18130,14560,3570,Pending
13938,13938,22220,15520,6700,Paid
13939,13939,30240,24890,5350,Pending
13940,13940,40650,22470,18180,Paid
13941,13941,133060,97090,35970,Paid
13942,13942,48740,23500,25240,Paid
13943,13943,128490,102500,25990,Paid
13944,13944,16850,11020,5830,Paid
13945,13945,74380,0,74380,Partially Paid
13946,13946,45620,38290,7330,Paid
13947,13947,42170,33310,8860,Paid
13948,13948,69020,43460,25560,Paid
13949,13949,21950,17310,4640,Paid
13950,13950,37250,0,37250,Paid
13951,13951,75310,0,75310,Pending
13952,13952,106420,62010,44410,Paid
13953,13953,122060,75790,46270,Paid
13954,13954,320850,133370,187480,Pending
13955,13955,164810,121170,43640,Paid
13956,13956,24340,15700,8640,Pending
13957,13957,20810,18140,2670,Paid
13958,13958,265170,182010,83160,Paid
13959,13959,56020,0,56020,Pending
13960,13960,28750,20200,8550,Pending
13961,13961,35180,16050,19130,Paid
13962,13962,446790,263320,183470,Pending
13963,13963,195590,111160,84430,Pending
13964,13964,26450,21650,4800,Paid
13965,13965,204900,0,204900,Paid
13966,13966,24810,11880,12930,Paid
13967,13967,552450,0,552450,Paid
13968,13968,127380,86320,41060,Paid
13969,13969,23300,13940,9360,Paid
13970,13970,7200,5330,1870,Paid
13971,13971,60690,31350,29340,Paid
13972,13972,53570,0,53570,Paid
13973,13973,27430,23790,3640,Paid
13974,13974,14360,0,14360,Paid
13975,13975,44670,19890,24780,Paid
13976,13976,39530,26710,12820,Paid
13977,13977,152260,88120,64140,Paid
13978,13978,30380,20370,10010,Pending
13979,13979,86120,0,86120,Paid
13980,13980,63760,57090,6670,Pending
13981,13981,38270,25400,12870,Paid
13982,13982,26160,16800,9360,Paid
13983,13983,108400,68520,39880,Paid
13984,13984,141810,58360,83450,Paid
13985,13985,16520,7620,8900,Paid
13986,13986,15490,12710,2780,Pending
13987,13987,47820,30470,17350,Paid
13988,13988,101450,67210,34240,Pending
13989,13989,16600,0,16600,Partially Paid
13990,13990,10640,9210,1430,Partially Paid
13991,13991,25950,11190,14760,Paid
13992,13992,57340,43770,13570,Partially Paid
13993,13993,203050,123480,79570,Paid
13994,13994,25930,0,25930,Paid
13995,13995,183400,99380,84020,Paid
13996,13996,116400,0,116400,Paid
13997,13997,94740,56830,37910,Pending
13998,13998,53660,24510,29150,Paid
13999,13999,152650,134000,18650,Paid
14000,14000,13770,0,13770,Pending
